player_id,player_name,season,game_id,game_date,team,opponent,home,started,minutes,points,rebounds,assists,steals,blocks,turnovers,personal_fouls,free_throws_made,three_pointers_made,is_synthetic
SYN0000,Synthetic Player 000,2025-26,2025-26_ATL_000,2025-10-21,ATL,BOS,False,True,27.7,17,4,9,1,0,2,2,3,3,True
SYN0000,Synthetic Player 000,2025-26,2025-26_ATL_001,2025-10-23,ATL,BKN,True,True,27.4,13,3,7,1,0,2,2,2,1,True
SYN0000,Synthetic Player 000,2025-26,2025-26_ATL_002,2025-10-25,ATL,CHA,False,True,32.5,13,4,6,1,0,3,2,2,1,True
SYN0000,Synthetic Player 000,2025-26,2025-26_ATL_003,2025-10-27,ATL,CHI,True,True,31.2,23,3,7,1,0,2,2,5,3,True
SYN0000,Synthetic Player 000,2025-26,2025-26_ATL_004,2025-10-29,ATL,CLE,False,True,30.3,24,4,6,1,0,3,2,4,2,True
SYN0000,Synthetic Player 000,2025-26,2025-26_ATL_005,2025-10-31,ATL,DAL,True,True,27.1,18,4,8,1,0,2,2,3,2,True
SYN0000,Synthetic Player 000,2025-26,2025-26_ATL_006,2025-11-03,ATL,DEN,False,True,26.4,16,3,6,1,0,2,2,2,1,True
SYN0000,Synthetic Player 000,2025-26,2025-26_ATL_007,2025-11-04,ATL,DET,True,True,33.7,22,5,8,1,0,3,2,3,2,True
SYN0000,Synthetic Player 000,2025-26,2025-26_ATL_008,2025-11-06,ATL,GSW,False,True,29.4,17,4,7,1,0,3,2,2,1,True
SYN0000,Synthetic Player 000,2025-26,2025-26_ATL_009,2025-11-08,ATL,HOU,True,True,34.0,17,6,6,1,0,3,2,3,2,True
SYN0000,Synthetic Player 000,2025-26,2025-26_ATL_012,2025-11-12,ATL,LAL,False,True,28.4,18,3,5,2,0,2,2,3,2,True
SYN0000,Synthetic Player 000,2025-26,2025-26_ATL_013,2025-11-15,ATL,MEM,True,True,29.9,14,4,7,1,0,2,2,3,1,True
SYN0000,Synthetic Player 000,2025-26,2025-26_ATL_017,2025-11-23,ATL,NOP,True,True,30.1,13,4,6,1,0,2,2,2,2,True
SYN0000,Synthetic Player 000,2025-26,2025-26_ATL_018,2025-11-25,ATL,NYK,False,False,16.6,6,2,5,1,0,1,1,1,0,True
SYN0000,Synthetic Player 000,2025-26,2025-26_ATL_019,2025-11-27,ATL,OKC,True,True,26.2,15,4,7,1,0,3,1,2,2,True
SYN0000,Synthetic Player 000,2025-26,2025-26_ATL_020,2025-11-29,ATL,ORL,False,True,28.9,15,5,5,1,0,2,2,3,2,True
SYN0000,Synthetic Player 000,2025-26,2025-26_ATL_021,2025-11-30,ATL,PHI,True,True,34.4,16,4,7,1,0,3,2,2,2,True
SYN0000,Synthetic Player 000,2025-26,2025-26_ATL_022,2025-12-02,ATL,PHX,False,True,33.6,14,6,8,1,0,3,2,3,1,True
SYN0000,Synthetic Player 000,2025-26,2025-26_ATL_023,2025-12-04,ATL,POR,True,True,27.7,15,4,7,1,0,2,1,2,1,True
SYN0000,Synthetic Player 000,2025-26,2025-26_ATL_024,2025-12-07,ATL,SAC,False,True,26.1,16,3,7,2,0,2,1,3,2,True
SYN0000,Synthetic Player 000,2025-26,2025-26_ATL_025,2025-12-09,ATL,SAS,True,True,34.2,16,4,5,1,0,3,2,3,2,True
SYN0000,Synthetic Player 000,2025-26,2025-26_ATL_026,2025-12-11,ATL,TOR,False,True,36.4,18,5,9,1,0,3,2,3,1,True
SYN0000,Synthetic Player 000,2025-26,2025-26_ATL_033,2025-12-24,ATL,CHI,True,True,30.4,14,4,8,1,0,2,2,2,2,True
SYN0000,Synthetic Player 000,2025-26,2025-26_ATL_034,2025-12-26,ATL,CLE,False,True,25.0,13,3,5,1,0,2,1,3,2,True
SYN0000,Synthetic Player 000,2025-26,2025-26_ATL_035,2025-12-28,ATL,DAL,True,True,40.2,22,6,9,2,0,4,2,3,4,True
SYN0000,Synthetic Player 000,2025-26,2025-26_ATL_036,2025-12-29,ATL,DEN,False,True,31.9,14,3,8,2,0,2,2,2,2,True
SYN0000,Synthetic Player 000,2025-26,2025-26_ATL_037,2025-12-31,ATL,DET,True,True,36.2,18,4,7,1,0,4,2,3,2,True
SYN0000,Synthetic Player 000,2025-26,2025-26_ATL_038,2026-01-02,ATL,GSW,False,True,34.4,24,6,7,1,0,3,2,4,3,True
SYN0000,Synthetic Player 000,2025-26,2025-26_ATL_039,2026-01-04,ATL,HOU,True,True,38.0,18,5,7,2,0,3,2,3,2,True
SYN0000,Synthetic Player 000,2025-26,2025-26_ATL_040,2026-01-06,ATL,IND,False,True,30.0,17,4,6,1,0,2,2,2,2,True
SYN0000,Synthetic Player 000,2025-26,2025-26_ATL_041,2026-01-08,ATL,LAC,True,False,22.3,14,3,4,1,0,2,1,2,2,True
SYN0000,Synthetic Player 000,2025-26,2025-26_ATL_042,2026-01-09,ATL,LAL,False,True,31.5,23,4,7,1,0,3,2,4,3,True
SYN0000,Synthetic Player 000,2025-26,2025-26_ATL_043,2026-01-11,ATL,MEM,True,True,33.9,18,4,8,1,0,3,2,3,2,True
SYN0000,Synthetic Player 000,2025-26,2025-26_ATL_044,2026-01-13,ATL,MIA,False,True,28.6,15,3,6,1,0,3,1,2,1,True
SYN0000,Synthetic Player 000,2025-26,2025-26_ATL_045,2026-01-15,ATL,MIL,True,True,28.3,18,3,5,1,0,2,2,2,2,True
SYN0000,Synthetic Player 000,2025-26,2025-26_ATL_046,2026-01-16,ATL,MIN,False,True,31.2,21,4,7,1,0,2,2,4,2,True
SYN0000,Synthetic Player 000,2025-26,2025-26_ATL_047,2026-01-18,ATL,NOP,True,True,32.6,14,5,8,1,0,3,2,2,2,True
SYN0000,Synthetic Player 000,2025-26,2025-26_ATL_048,2026-01-20,ATL,NYK,False,True,31.6,25,5,7,1,0,3,2,3,2,True
SYN0000,Synthetic Player 000,2025-26,2025-26_ATL_049,2026-01-22,ATL,OKC,True,True,36.0,20,5,8,1,0,3,2,4,2,True
SYN0000,Synthetic Player 000,2025-26,2025-26_ATL_050,2026-01-24,ATL,ORL,False,True,33.2,26,4,8,2,0,3,2,4,3,True
SYN0000,Synthetic Player 000,2025-26,2025-26_ATL_051,2026-01-26,ATL,PHI,True,True,35.2,17,5,6,1,0,3,2,3,2,True
SYN0000,Synthetic Player 000,2025-26,2025-26_ATL_052,2026-01-27,ATL,PHX,False,True,30.0,13,3,7,1,0,2,1,2,1,True
SYN0000,Synthetic Player 000,2025-26,2025-26_ATL_053,2026-01-28,ATL,POR,True,True,42.2,23,7,9,2,0,3,2,4,3,True
SYN0000,Synthetic Player 000,2025-26,2025-26_ATL_054,2026-01-30,ATL,SAC,False,True,29.7,14,4,6,1,0,2,2,2,2,True
SYN0000,Synthetic Player 000,2025-26,2025-26_ATL_055,2026-02-01,ATL,SAS,True,True,31.0,19,4,6,2,0,3,2,2,3,True
SYN0000,Synthetic Player 000,2025-26,2025-26_ATL_056,2026-02-03,ATL,TOR,False,True,40.1,15,6,11,1,0,5,3,3,2,True
SYN0000,Synthetic Player 000,2025-26,2025-26_ATL_057,2026-02-05,ATL,UTA,True,True,31.7,21,5,8,2,0,3,2,3,3,True
SYN0000,Synthetic Player 000,2025-26,2025-26_ATL_058,2026-02-07,ATL,WAS,False,True,26.1,13,3,5,1,0,2,1,2,1,True
SYN0000,Synthetic Player 000,2025-26,2025-26_ATL_059,2026-02-10,ATL,ATL,True,True,25.7,15,4,6,1,0,2,2,2,2,True
SYN0000,Synthetic Player 000,2025-26,2025-26_ATL_060,2026-02-12,ATL,BOS,False,True,32.2,21,4,7,1,0,3,2,3,2,True
SYN0000,Synthetic Player 000,2025-26,2025-26_ATL_061,2026-02-14,ATL,BKN,True,True,24.7,12,3,5,1,0,2,1,3,1,True
SYN0000,Synthetic Player 000,2025-26,2025-26_ATL_062,2026-02-17,ATL,CHA,False,True,25.9,16,3,7,1,0,2,2,2,2,True
SYN0000,Synthetic Player 000,2025-26,2025-26_ATL_063,2026-02-18,ATL,CHI,True,True,24.6,11,3,6,1,0,2,1,2,1,True
SYN0000,Synthetic Player 000,2025-26,2025-26_ATL_064,2026-02-20,ATL,CLE,False,True,26.5,18,4,5,1,0,2,1,3,2,True
SYN0000,Synthetic Player 000,2025-26,2025-26_ATL_065,2026-02-21,ATL,DAL,True,True,33.7,20,4,8,1,0,3,2,3,2,True
SYN0000,Synthetic Player 000,2025-26,2025-26_ATL_066,2026-02-23,ATL,DEN,False,True,27.9,15,4,7,1,0,2,2,3,2,True
SYN0000,Synthetic Player 000,2025-26,2025-26_ATL_067,2026-02-25,ATL,DET,True,True,30.8,24,5,5,1,0,2,2,5,3,True
SYN0000,Synthetic Player 000,2025-26,2025-26_ATL_068,2026-02-27,ATL,GSW,False,False,23.9,13,3,4,1,0,2,1,3,2,True
SYN0000,Synthetic Player 000,2025-26,2025-26_ATL_069,2026-03-01,ATL,HOU,True,True,38.7,26,5,7,2,0,4,2,3,3,True
SYN0000,Synthetic Player 000,2025-26,2025-26_ATL_070,2026-03-03,ATL,IND,False,True,29.6,18,4,6,1,0,3,2,3,2,True
SYN0000,Synthetic Player 000,2025-26,2025-26_ATL_071,2026-03-05,ATL,LAC,True,True,35.7,18,4,8,1,0,3,2,3,2,True
SYN0000,Synthetic Player 000,2025-26,2025-26_ATL_072,2026-03-07,ATL,LAL,False,True,30.0,19,3,7,1,0,2,2,3,2,True
SYN0000,Synthetic Player 000,2025-26,2025-26_ATL_073,2026-03-09,ATL,MEM,True,True,28.5,15,3,7,1,0,3,1,2,2,True
SYN0000,Synthetic Player 000,2025-26,2025-26_ATL_076,2026-03-14,ATL,MIN,False,True,25.5,16,4,5,1,0,2,1,2,2,True
SYN0000,Synthetic Player 000,2025-26,2025-26_ATL_077,2026-03-16,ATL,NOP,True,True,28.7,25,3,9,1,0,2,2,4,3,True
SYN0000,Synthetic Player 000,2025-26,2025-26_ATL_078,2026-03-18,ATL,NYK,False,True,39.4,16,7,8,2,0,4,2,2,1,True
SYN0000,Synthetic Player 000,2025-26,2025-26_ATL_081,2026-03-23,ATL,PHI,True,True,33.4,20,4,10,1,0,3,2,3,2,True
SYN0001,Synthetic Player 001,2025-26,2025-26_BOS_000,2025-10-22,BOS,BKN,False,False,8.4,6,1,1,0,0,1,1,1,1,True
SYN0001,Synthetic Player 001,2025-26,2025-26_BOS_001,2025-10-24,BOS,CHA,True,False,9.9,9,2,2,0,0,1,1,2,1,True
SYN0001,Synthetic Player 001,2025-26,2025-26_BOS_002,2025-10-25,BOS,CHI,False,False,10.9,7,1,2,0,0,1,1,2,1,True
SYN0001,Synthetic Player 001,2025-26,2025-26_BOS_005,2025-10-29,BOS,DEN,True,False,15.2,10,3,2,1,0,1,1,2,1,True
SYN0001,Synthetic Player 001,2025-26,2025-26_BOS_006,2025-10-30,BOS,DET,False,False,19.1,12,4,2,1,0,1,1,3,1,True
SYN0001,Synthetic Player 001,2025-26,2025-26_BOS_007,2025-11-01,BOS,GSW,True,False,15.4,11,2,3,1,0,1,1,2,2,True
SYN0001,Synthetic Player 001,2025-26,2025-26_BOS_008,2025-11-03,BOS,HOU,False,False,16.3,9,3,2,1,0,1,1,1,1,True
SYN0001,Synthetic Player 001,2025-26,2025-26_BOS_009,2025-11-05,BOS,IND,True,False,17.9,16,2,3,0,0,1,1,3,2,True
SYN0001,Synthetic Player 001,2025-26,2025-26_BOS_010,2025-11-07,BOS,LAC,False,False,17.2,20,2,2,1,0,1,1,3,2,True
SYN0001,Synthetic Player 001,2025-26,2025-26_BOS_011,2025-11-09,BOS,LAL,True,False,17.7,18,2,2,0,0,1,1,3,2,True
SYN0001,Synthetic Player 001,2025-26,2025-26_BOS_012,2025-11-10,BOS,MEM,False,False,12.7,12,2,1,0,0,1,1,2,1,True
SYN0001,Synthetic Player 001,2025-26,2025-26_BOS_013,2025-11-12,BOS,MIA,True,False,18.1,15,3,2,1,0,1,1,3,2,True
SYN0001,Synthetic Player 001,2025-26,2025-26_BOS_014,2025-11-14,BOS,MIL,False,True,24.3,23,2,4,1,0,2,2,3,3,True
SYN0001,Synthetic Player 001,2025-26,2025-26_BOS_015,2025-11-16,BOS,MIN,True,False,22.0,19,4,4,1,0,1,1,3,1,True
SYN0001,Synthetic Player 001,2025-26,2025-26_BOS_016,2025-11-18,BOS,NOP,False,False,13.0,14,2,3,1,0,1,1,2,2,True
SYN0001,Synthetic Player 001,2025-26,2025-26_BOS_017,2025-11-20,BOS,NYK,True,False,17.3,14,3,2,1,0,2,1,2,2,True
SYN0001,Synthetic Player 001,2025-26,2025-26_BOS_018,2025-11-22,BOS,OKC,False,False,21.4,14,3,3,1,0,1,1,2,1,True
SYN0001,Synthetic Player 001,2025-26,2025-26_BOS_019,2025-11-24,BOS,ORL,True,False,18.2,10,2,3,1,0,1,1,3,1,True
SYN0001,Synthetic Player 001,2025-26,2025-26_BOS_020,2025-11-27,BOS,PHI,False,False,14.5,6,3,1,0,0,1,1,1,1,True
SYN0001,Synthetic Player 001,2025-26,2025-26_BOS_021,2025-11-30,BOS,PHX,True,False,15.7,10,3,1,1,0,1,1,1,1,True
SYN0001,Synthetic Player 001,2025-26,2025-26_BOS_022,2025-12-01,BOS,POR,False,False,14.8,8,2,3,1,0,1,1,1,1,True
SYN0001,Synthetic Player 001,2025-26,2025-26_BOS_023,2025-12-03,BOS,SAC,True,False,15.2,8,2,2,1,0,1,1,1,1,True
SYN0001,Synthetic Player 001,2025-26,2025-26_BOS_024,2025-12-05,BOS,SAS,False,False,17.9,15,3,2,1,0,1,1,3,2,True
SYN0001,Synthetic Player 001,2025-26,2025-26_BOS_028,2025-12-13,BOS,ATL,False,False,15.9,13,2,2,1,0,1,1,2,1,True
SYN0001,Synthetic Player 001,2025-26,2025-26_BOS_029,2025-12-14,BOS,BOS,True,False,14.4,10,3,1,1,0,1,1,2,1,True
SYN0001,Synthetic Player 001,2025-26,2025-26_BOS_030,2025-12-16,BOS,BKN,False,False,13.4,10,2,2,0,0,1,1,2,1,True
SYN0001,Synthetic Player 001,2025-26,2025-26_BOS_031,2025-12-19,BOS,CHA,True,False,6.3,4,1,1,0,0,0,0,1,0,True
SYN0001,Synthetic Player 001,2025-26,2025-26_BOS_032,2025-12-21,BOS,CHI,False,False,19.1,15,2,3,0,0,1,1,2,2,True
SYN0001,Synthetic Player 001,2025-26,2025-26_BOS_033,2025-12-23,BOS,CLE,True,False,14.2,11,2,2,0,0,1,1,2,2,True
SYN0001,Synthetic Player 001,2025-26,2025-26_BOS_034,2025-12-25,BOS,DAL,False,False,12.8,11,2,3,0,0,1,1,1,1,True
SYN0001,Synthetic Player 001,2025-26,2025-26_BOS_035,2025-12-26,BOS,DEN,True,False,15.0,8,2,2,1,0,1,1,1,1,True
SYN0001,Synthetic Player 001,2025-26,2025-26_BOS_036,2025-12-28,BOS,DET,False,False,19.8,13,5,4,1,0,1,1,2,1,True
SYN0001,Synthetic Player 001,2025-26,2025-26_BOS_037,2025-12-29,BOS,GSW,True,False,11.8,14,1,2,0,0,1,1,3,2,True
SYN0001,Synthetic Player 001,2025-26,2025-26_BOS_038,2025-12-31,BOS,HOU,False,False,21.0,19,3,4,0,0,1,1,4,3,True
SYN0001,Synthetic Player 001,2025-26,2025-26_BOS_039,2026-01-01,BOS,IND,True,False,18.0,14,3,2,0,0,1,1,2,1,True
SYN0001,Synthetic Player 001,2025-26,2025-26_BOS_040,2026-01-03,BOS,LAC,False,False,6.3,3,1,1,0,0,0,0,0,0,True
SYN0001,Synthetic Player 001,2025-26,2025-26_BOS_041,2026-01-04,BOS,LAL,True,False,14.4,7,3,3,1,0,1,1,1,1,True
SYN0001,Synthetic Player 001,2025-26,2025-26_BOS_042,2026-01-05,BOS,MEM,False,False,19.6,11,3,2,1,0,2,1,1,1,True
SYN0001,Synthetic Player 001,2025-26,2025-26_BOS_055,2026-01-30,BOS,TOR,True,False,11.5,4,2,1,0,0,1,1,0,1,True
SYN0001,Synthetic Player 001,2025-26,2025-26_BOS_056,2026-01-31,BOS,UTA,False,False,22.1,14,4,2,1,0,2,2,2,2,True
SYN0001,Synthetic Player 001,2025-26,2025-26_BOS_057,2026-02-02,BOS,WAS,True,False,21.6,20,2,3,1,0,2,1,5,1,True
SYN0001,Synthetic Player 001,2025-26,2025-26_BOS_058,2026-02-03,BOS,ATL,False,False,13.0,10,2,2,0,0,1,1,1,2,True
SYN0001,Synthetic Player 001,2025-26,2025-26_BOS_059,2026-02-05,BOS,BOS,True,False,16.4,9,2,2,1,0,1,1,1,1,True
SYN0001,Synthetic Player 001,2025-26,2025-26_BOS_060,2026-02-06,BOS,BKN,False,False,12.9,8,2,2,1,0,1,1,1,1,True
SYN0001,Synthetic Player 001,2025-26,2025-26_BOS_061,2026-02-08,BOS,CHA,True,False,20.1,15,2,2,0,0,2,1,3,2,True
SYN0001,Synthetic Player 001,2025-26,2025-26_BOS_062,2026-02-11,BOS,CHI,False,False,18.0,10,2,3,0,0,1,1,2,1,True
SYN0001,Synthetic Player 001,2025-26,2025-26_BOS_063,2026-02-12,BOS,CLE,True,True,25.1,21,4,4,1,0,2,2,3,4,True
SYN0001,Synthetic Player 001,2025-26,2025-26_BOS_064,2026-02-13,BOS,DAL,False,False,13.8,7,1,1,0,0,1,1,2,1,True
SYN0001,Synthetic Player 001,2025-26,2025-26_BOS_065,2026-02-15,BOS,DEN,True,False,14.6,10,2,2,0,0,1,1,2,1,True
SYN0001,Synthetic Player 001,2025-26,2025-26_BOS_066,2026-02-17,BOS,DET,False,False,19.7,15,2,2,0,0,2,1,2,2,True
SYN0001,Synthetic Player 001,2025-26,2025-26_BOS_067,2026-02-19,BOS,GSW,True,False,18.5,12,3,3,0,0,1,1,2,2,True
SYN0001,Synthetic Player 001,2025-26,2025-26_BOS_068,2026-02-21,BOS,HOU,False,False,13.5,9,2,2,0,0,1,1,2,1,True
SYN0001,Synthetic Player 001,2025-26,2025-26_BOS_069,2026-02-23,BOS,IND,True,False,18.7,20,3,4,0,0,2,1,3,3,True
SYN0001,Synthetic Player 001,2025-26,2025-26_BOS_070,2026-02-26,BOS,LAC,False,False,18.9,11,4,4,1,0,1,1,2,1,True
SYN0001,Synthetic Player 001,2025-26,2025-26_BOS_074,2026-03-06,BOS,MIL,False,False,14.3,12,2,2,0,0,1,1,2,1,True
SYN0001,Synthetic Player 001,2025-26,2025-26_BOS_075,2026-03-07,BOS,MIN,True,False,16.5,16,2,3,1,0,1,1,3,4,True
SYN0001,Synthetic Player 001,2025-26,2025-26_BOS_078,2026-03-13,BOS,OKC,False,False,8.0,4,1,1,0,0,1,0,1,0,True
SYN0001,Synthetic Player 001,2025-26,2025-26_BOS_079,2026-03-15,BOS,ORL,True,False,19.1,17,3,3,1,0,1,1,3,2,True
SYN0001,Synthetic Player 001,2025-26,2025-26_BOS_080,2026-03-17,BOS,PHI,False,False,12.6,9,2,2,0,0,1,1,1,1,True
SYN0002,Synthetic Player 002,2025-26,2025-26_BKN_000,2025-10-23,BKN,CHA,False,True,27.2,13,6,1,0,0,2,2,3,1,True
SYN0002,Synthetic Player 002,2025-26,2025-26_BKN_003,2025-10-26,BKN,DAL,True,True,24.3,12,4,4,1,1,2,2,1,1,True
SYN0002,Synthetic Player 002,2025-26,2025-26_BKN_004,2025-10-28,BKN,DEN,False,False,20.2,11,3,2,0,0,1,2,2,2,True
SYN0002,Synthetic Player 002,2025-26,2025-26_BKN_007,2025-11-03,BKN,HOU,True,False,19.5,6,2,2,0,0,1,1,1,1,True
SYN0002,Synthetic Player 002,2025-26,2025-26_BKN_008,2025-11-05,BKN,IND,False,False,17.9,11,2,2,1,0,1,1,1,1,True
SYN0002,Synthetic Player 002,2025-26,2025-26_BKN_011,2025-11-09,BKN,MEM,True,False,21.4,10,3,2,1,0,2,2,1,1,True
SYN0002,Synthetic Player 002,2025-26,2025-26_BKN_012,2025-11-11,BKN,MIA,False,False,20.6,7,4,2,1,0,1,2,1,1,True
SYN0002,Synthetic Player 002,2025-26,2025-26_BKN_013,2025-11-13,BKN,MIL,True,True,25.1,12,4,3,1,0,1,1,2,1,True
SYN0002,Synthetic Player 002,2025-26,2025-26_BKN_014,2025-11-15,BKN,MIN,False,False,18.6,11,4,2,1,0,1,1,2,1,True
SYN0002,Synthetic Player 002,2025-26,2025-26_BKN_015,2025-11-18,BKN,NOP,True,False,18.2,6,2,2,1,0,1,1,1,0,True
SYN0002,Synthetic Player 002,2025-26,2025-26_BKN_016,2025-11-20,BKN,NYK,False,False,17.6,10,1,1,1,0,1,1,1,1,True
SYN0002,Synthetic Player 002,2025-26,2025-26_BKN_017,2025-11-23,BKN,OKC,True,True,25.2,13,4,3,2,0,2,1,4,2,True
SYN0002,Synthetic Player 002,2025-26,2025-26_BKN_018,2025-11-24,BKN,ORL,False,False,20.6,8,4,2,0,0,1,1,1,1,True
SYN0002,Synthetic Player 002,2025-26,2025-26_BKN_019,2025-11-26,BKN,PHI,True,True,24.3,6,4,3,2,0,1,2,1,1,True
SYN0002,Synthetic Player 002,2025-26,2025-26_BKN_020,2025-11-28,BKN,PHX,False,False,17.0,12,2,1,0,0,1,1,4,1,True
SYN0002,Synthetic Player 002,2025-26,2025-26_BKN_035,2025-12-23,BKN,DET,True,True,24.5,6,5,4,0,1,1,1,1,0,True
SYN0002,Synthetic Player 002,2025-26,2025-26_BKN_036,2025-12-25,BKN,GSW,False,True,26.8,6,3,1,1,1,2,1,1,1,True
SYN0002,Synthetic Player 002,2025-26,2025-26_BKN_053,2026-01-23,BKN,SAS,True,False,22.4,11,4,4,1,0,1,1,1,2,True
SYN0002,Synthetic Player 002,2025-26,2025-26_BKN_054,2026-01-25,BKN,TOR,False,True,28.4,6,4,3,1,0,1,2,1,0,True
SYN0002,Synthetic Player 002,2025-26,2025-26_BKN_055,2026-01-27,BKN,UTA,True,False,19.7,4,3,2,0,0,2,1,1,0,True
SYN0002,Synthetic Player 002,2025-26,2025-26_BKN_056,2026-01-29,BKN,WAS,False,False,19.2,5,4,2,0,0,1,1,1,1,True
SYN0002,Synthetic Player 002,2025-26,2025-26_BKN_058,2026-02-01,BKN,BOS,False,False,19.2,14,3,2,0,0,1,1,2,1,True
SYN0002,Synthetic Player 002,2025-26,2025-26_BKN_059,2026-02-02,BKN,BKN,True,False,16.3,7,1,2,0,0,1,1,1,1,True
SYN0002,Synthetic Player 002,2025-26,2025-26_BKN_060,2026-02-04,BKN,CHA,False,True,27.3,6,4,3,2,1,2,2,1,1,True
SYN0002,Synthetic Player 002,2025-26,2025-26_BKN_061,2026-02-07,BKN,CHI,True,False,21.2,8,4,2,0,0,1,2,1,1,True
SYN0002,Synthetic Player 002,2025-26,2025-26_BKN_062,2026-02-08,BKN,CLE,False,False,19.6,9,3,2,1,0,2,1,3,1,True
SYN0002,Synthetic Player 002,2025-26,2025-26_BKN_063,2026-02-11,BKN,DAL,True,False,20.6,9,2,2,1,0,1,2,1,1,True
SYN0002,Synthetic Player 002,2025-26,2025-26_BKN_072,2026-02-25,BKN,MIA,False,True,32.7,16,5,2,1,1,2,3,3,2,True
SYN0002,Synthetic Player 002,2025-26,2025-26_BKN_073,2026-02-27,BKN,MIL,True,False,18.2,9,2,2,1,0,1,1,1,1,True
SYN0002,Synthetic Player 002,2025-26,2025-26_BKN_074,2026-03-01,BKN,MIN,False,True,25.0,12,5,3,1,0,1,1,3,1,True
SYN0002,Synthetic Player 002,2025-26,2025-26_BKN_075,2026-03-03,BKN,NOP,True,True,28.6,14,4,3,1,1,1,2,3,1,True
SYN0002,Synthetic Player 002,2025-26,2025-26_BKN_076,2026-03-05,BKN,NYK,False,False,20.4,14,3,3,1,0,1,1,2,1,True
SYN0002,Synthetic Player 002,2025-26,2025-26_BKN_077,2026-03-08,BKN,OKC,True,False,18.7,4,3,3,1,0,1,1,0,1,True
SYN0002,Synthetic Player 002,2025-26,2025-26_BKN_078,2026-03-10,BKN,ORL,False,False,22.1,7,7,2,0,0,1,2,2,1,True
SYN0002,Synthetic Player 002,2025-26,2025-26_BKN_079,2026-03-12,BKN,PHI,True,True,26.0,9,4,2,1,0,1,2,2,1,True
SYN0002,Synthetic Player 002,2025-26,2025-26_BKN_080,2026-03-14,BKN,PHX,False,False,20.5,4,3,2,0,0,1,1,1,0,True
SYN0002,Synthetic Player 002,2025-26,2025-26_BKN_081,2026-03-16,BKN,POR,True,True,25.1,15,2,3,0,0,2,1,3,2,True
SYN0003,Synthetic Player 003,2025-26,2025-26_CHA_000,2025-10-21,CHA,CHI,False,False,17.5,8,3,2,1,1,1,1,1,1,True
SYN0003,Synthetic Player 003,2025-26,2025-26_CHA_003,2025-10-27,CHA,DEN,True,True,26.9,17,4,2,1,1,1,3,3,1,True
SYN0003,Synthetic Player 003,2025-26,2025-26_CHA_004,2025-10-29,CHA,DET,False,False,20.2,6,4,3,1,1,1,1,1,0,True
SYN0003,Synthetic Player 003,2025-26,2025-26_CHA_005,2025-10-31,CHA,GSW,True,True,25.6,14,4,3,1,1,1,2,2,1,True
SYN0003,Synthetic Player 003,2025-26,2025-26_CHA_007,2025-11-05,CHA,IND,True,False,21.0,6,5,2,1,1,1,2,1,0,True
SYN0003,Synthetic Player 003,2025-26,2025-26_CHA_008,2025-11-06,CHA,LAC,False,False,22.8,10,4,3,1,1,1,2,1,1,True
SYN0003,Synthetic Player 003,2025-26,2025-26_CHA_009,2025-11-07,CHA,LAL,True,False,20.5,6,2,2,0,0,2,1,0,0,True
SYN0003,Synthetic Player 003,2025-26,2025-26_CHA_010,2025-11-09,CHA,MEM,False,False,15.0,9,3,2,0,1,1,1,1,1,True
SYN0003,Synthetic Player 003,2025-26,2025-26_CHA_011,2025-11-10,CHA,MIA,True,False,20.7,7,3,3,0,1,1,1,1,1,True
SYN0003,Synthetic Player 003,2025-26,2025-26_CHA_012,2025-11-11,CHA,MIL,False,False,18.4,5,5,2,1,1,1,2,1,0,True
SYN0003,Synthetic Player 003,2025-26,2025-26_CHA_018,2025-11-19,CHA,PHI,False,False,19.6,7,3,2,1,1,1,2,1,0,True
SYN0003,Synthetic Player 003,2025-26,2025-26_CHA_021,2025-11-26,CHA,SAC,True,False,20.0,8,3,2,1,1,1,1,1,1,True
SYN0003,Synthetic Player 003,2025-26,2025-26_CHA_022,2025-11-28,CHA,SAS,False,False,19.2,9,3,2,0,0,1,2,1,1,True
SYN0003,Synthetic Player 003,2025-26,2025-26_CHA_024,2025-11-30,CHA,UTA,False,False,15.3,4,4,2,1,0,1,1,1,0,True
SYN0003,Synthetic Player 003,2025-26,2025-26_CHA_025,2025-12-02,CHA,WAS,True,False,22.2,11,4,2,1,1,1,1,2,1,True
SYN0003,Synthetic Player 003,2025-26,2025-26_CHA_026,2025-12-04,CHA,ATL,False,False,18.1,7,2,2,1,1,1,1,1,0,True
SYN0003,Synthetic Player 003,2025-26,2025-26_CHA_027,2025-12-05,CHA,BOS,True,False,21.6,10,4,3,1,1,1,1,1,1,True
SYN0003,Synthetic Player 003,2025-26,2025-26_CHA_028,2025-12-06,CHA,BKN,False,True,24.1,9,5,2,1,1,1,2,2,1,True
SYN0003,Synthetic Player 003,2025-26,2025-26_CHA_029,2025-12-08,CHA,CHA,True,True,24.7,16,5,4,1,1,1,2,2,1,True
SYN0003,Synthetic Player 003,2025-26,2025-26_CHA_031,2025-12-12,CHA,CLE,True,False,20.9,8,4,2,1,0,1,2,1,1,True
SYN0003,Synthetic Player 003,2025-26,2025-26_CHA_033,2025-12-16,CHA,DEN,True,False,23.8,10,4,2,1,1,1,2,2,0,True
SYN0003,Synthetic Player 003,2025-26,2025-26_CHA_036,2025-12-22,CHA,HOU,False,False,14.8,4,3,2,0,0,1,1,1,0,True
SYN0003,Synthetic Player 003,2025-26,2025-26_CHA_037,2025-12-23,CHA,IND,True,False,16.4,7,3,1,1,1,1,1,1,1,True
SYN0003,Synthetic Player 003,2025-26,2025-26_CHA_041,2025-12-29,CHA,MIA,True,False,21.2,6,6,3,1,1,1,2,1,0,True
SYN0003,Synthetic Player 003,2025-26,2025-26_CHA_042,2025-12-31,CHA,MIL,False,False,21.6,8,3,2,1,1,1,2,2,1,True
SYN0003,Synthetic Player 003,2025-26,2025-26_CHA_043,2026-01-02,CHA,MIN,True,False,23.5,12,3,2,0,1,1,2,2,1,True
SYN0003,Synthetic Player 003,2025-26,2025-26_CHA_050,2026-01-15,CHA,POR,False,False,17.7,6,2,2,0,1,1,1,1,0,True
SYN0003,Synthetic Player 003,2025-26,2025-26_CHA_051,2026-01-17,CHA,SAC,True,False,23.8,11,4,2,0,1,2,1,3,1,True
SYN0003,Synthetic Player 003,2025-26,2025-26_CHA_052,2026-01-19,CHA,SAS,False,False,17.8,12,3,2,0,1,1,1,2,1,True
SYN0003,Synthetic Player 003,2025-26,2025-26_CHA_055,2026-01-25,CHA,WAS,True,False,14.5,4,3,1,0,0,1,1,1,0,True
SYN0003,Synthetic Player 003,2025-26,2025-26_CHA_056,2026-01-26,CHA,ATL,False,False,19.4,9,3,1,1,1,1,2,1,1,True
SYN0003,Synthetic Player 003,2025-26,2025-26_CHA_057,2026-01-28,CHA,BOS,True,False,23.3,9,3,3,1,0,1,2,2,0,True
SYN0003,Synthetic Player 003,2025-26,2025-26_CHA_058,2026-01-30,CHA,BKN,False,False,23.9,6,5,2,1,1,1,2,1,0,True
SYN0003,Synthetic Player 003,2025-26,2025-26_CHA_059,2026-01-31,CHA,CHA,True,False,20.6,8,3,2,1,1,1,2,1,0,True
SYN0003,Synthetic Player 003,2025-26,2025-26_CHA_060,2026-02-02,CHA,CHI,False,True,25.0,8,6,1,1,1,1,2,1,1,True
SYN0003,Synthetic Player 003,2025-26,2025-26_CHA_063,2026-02-08,CHA,DEN,True,False,22.2,9,4,3,1,1,2,2,1,1,True
SYN0003,Synthetic Player 003,2025-26,2025-26_CHA_064,2026-02-09,CHA,DET,False,False,15.2,5,4,2,0,1,1,1,1,0,True
SYN0003,Synthetic Player 003,2025-26,2025-26_CHA_072,2026-02-22,CHA,MIL,False,False,20.3,13,4,3,0,1,1,2,1,1,True
SYN0004,Synthetic Player 004,2025-26,2025-26_CHI_000,2025-10-22,CHI,CLE,False,True,35.3,16,10,4,1,2,2,2,4,1,True
SYN0004,Synthetic Player 004,2025-26,2025-26_CHI_001,2025-10-23,CHI,DAL,True,True,27.5,15,8,4,0,1,1,2,2,0,True
SYN0004,Synthetic Player 004,2025-26,2025-26_CHI_002,2025-10-25,CHI,DEN,False,True,28.1,13,6,3,1,2,1,3,3,0,True
SYN0004,Synthetic Player 004,2025-26,2025-26_CHI_003,2025-10-27,CHI,DET,True,True,37.9,10,6,4,1,2,2,3,2,0,True
SYN0004,Synthetic Player 004,2025-26,2025-26_CHI_004,2025-10-28,CHI,GSW,False,True,37.5,19,11,4,1,2,2,3,4,1,True
SYN0004,Synthetic Player 004,2025-26,2025-26_CHI_005,2025-10-30,CHI,HOU,True,True,36.8,13,8,5,1,2,2,3,2,0,True
SYN0004,Synthetic Player 004,2025-26,2025-26_CHI_006,2025-11-01,CHI,IND,False,True,34.0,15,6,3,1,2,2,3,3,0,True
SYN0004,Synthetic Player 004,2025-26,2025-26_CHI_007,2025-11-03,CHI,LAC,True,True,33.8,18,10,4,1,2,2,3,3,1,True
SYN0004,Synthetic Player 004,2025-26,2025-26_CHI_008,2025-11-05,CHI,LAL,False,True,38.2,12,10,3,1,1,2,3,2,0,True
SYN0004,Synthetic Player 004,2025-26,2025-26_CHI_014,2025-11-15,CHI,NYK,False,True,35.5,19,9,4,1,2,2,3,3,1,True
SYN0004,Synthetic Player 004,2025-26,2025-26_CHI_018,2025-11-23,CHI,PHX,False,True,28.9,16,7,3,1,2,2,2,3,1,True
SYN0004,Synthetic Player 004,2025-26,2025-26_CHI_019,2025-11-25,CHI,POR,True,True,32.0,15,8,4,1,2,2,3,2,0,True
SYN0004,Synthetic Player 004,2025-26,2025-26_CHI_023,2025-12-01,CHI,UTA,True,True,29.7,15,7,4,1,1,2,2,3,0,True
SYN0004,Synthetic Player 004,2025-26,2025-26_CHI_024,2025-12-02,CHI,WAS,False,True,24.7,11,9,4,1,1,1,2,2,0,True
SYN0004,Synthetic Player 004,2025-26,2025-26_CHI_025,2025-12-04,CHI,ATL,True,True,31.3,15,8,4,1,1,2,2,2,1,True
SYN0004,Synthetic Player 004,2025-26,2025-26_CHI_026,2025-12-06,CHI,BOS,False,True,33.9,15,10,5,1,1,2,3,2,0,True
SYN0004,Synthetic Player 004,2025-26,2025-26_CHI_027,2025-12-07,CHI,BKN,True,True,34.7,19,8,5,1,2,2,3,4,1,True
SYN0004,Synthetic Player 004,2025-26,2025-26_CHI_028,2025-12-09,CHI,CHA,False,True,31.1,15,6,4,1,3,2,3,2,0,True
SYN0004,Synthetic Player 004,2025-26,2025-26_CHI_029,2025-12-11,CHI,CHI,True,True,31.1,10,10,3,1,1,2,2,2,0,True
SYN0004,Synthetic Player 004,2025-26,2025-26_CHI_030,2025-12-13,CHI,CLE,False,True,34.4,21,6,5,1,2,2,3,3,1,True
SYN0004,Synthetic Player 004,2025-26,2025-26_CHI_031,2025-12-15,CHI,DAL,True,True,28.2,11,7,3,1,1,2,2,2,0,True
SYN0004,Synthetic Player 004,2025-26,2025-26_CHI_032,2025-12-17,CHI,DEN,False,True,29.3,9,9,4,1,2,2,3,2,0,True
SYN0004,Synthetic Player 004,2025-26,2025-26_CHI_033,2025-12-19,CHI,DET,True,True,36.2,22,11,4,1,2,2,3,4,1,True
SYN0004,Synthetic Player 004,2025-26,2025-26_CHI_034,2025-12-20,CHI,GSW,False,True,35.2,12,10,5,1,3,2,3,2,0,True
SYN0004,Synthetic Player 004,2025-26,2025-26_CHI_035,2025-12-22,CHI,HOU,True,True,31.2,14,8,4,1,1,2,2,2,0,True
SYN0004,Synthetic Player 004,2025-26,2025-26_CHI_036,2025-12-24,CHI,IND,False,True,38.5,20,8,3,1,3,2,3,3,1,True
SYN0004,Synthetic Player 004,2025-26,2025-26_CHI_037,2025-12-27,CHI,LAC,True,True,42.0,29,13,6,1,2,2,3,4,1,True
SYN0004,Synthetic Player 004,2025-26,2025-26_CHI_038,2025-12-28,CHI,LAL,False,True,32.9,23,10,4,1,1,2,3,4,1,True
SYN0004,Synthetic Player 004,2025-26,2025-26_CHI_039,2025-12-30,CHI,MEM,True,True,34.7,12,8,5,1,2,1,3,2,0,True
SYN0004,Synthetic Player 004,2025-26,2025-26_CHI_048,2026-01-14,CHI,PHX,False,True,25.2,9,6,2,1,1,1,2,2,0,True
SYN0004,Synthetic Player 004,2025-26,2025-26_CHI_049,2026-01-15,CHI,POR,True,True,37.0,16,9,4,1,2,2,3,3,0,True
SYN0004,Synthetic Player 004,2025-26,2025-26_CHI_050,2026-01-18,CHI,SAC,False,True,32.7,15,9,4,1,1,2,3,3,0,True
SYN0004,Synthetic Player 004,2025-26,2025-26_CHI_051,2026-01-20,CHI,SAS,True,True,33.3,20,6,5,1,2,2,2,4,1,True
SYN0004,Synthetic Player 004,2025-26,2025-26_CHI_052,2026-01-23,CHI,TOR,False,True,28.8,12,8,2,1,2,1,2,2,0,True
SYN0004,Synthetic Player 004,2025-26,2025-26_CHI_053,2026-01-25,CHI,UTA,True,True,35.2,22,10,4,1,2,2,2,3,1,True
SYN0004,Synthetic Player 004,2025-26,2025-26_CHI_054,2026-01-27,CHI,WAS,False,True,39.0,17,8,4,1,2,2,3,3,1,True
SYN0004,Synthetic Player 004,2025-26,2025-26_CHI_055,2026-01-29,CHI,ATL,True,True,43.4,20,8,6,1,2,2,3,3,1,True
SYN0004,Synthetic Player 004,2025-26,2025-26_CHI_056,2026-01-31,CHI,BOS,False,True,34.1,17,8,3,1,1,2,3,3,1,True
SYN0004,Synthetic Player 004,2025-26,2025-26_CHI_057,2026-02-02,CHI,BKN,True,True,33.7,14,7,5,1,1,2,3,2,0,True
SYN0004,Synthetic Player 004,2025-26,2025-26_CHI_058,2026-02-04,CHI,CHA,False,True,37.8,14,6,4,1,2,2,3,2,0,True
SYN0004,Synthetic Player 004,2025-26,2025-26_CHI_059,2026-02-05,CHI,CHI,True,True,37.1,18,8,3,1,2,2,3,3,1,True
SYN0004,Synthetic Player 004,2025-26,2025-26_CHI_060,2026-02-06,CHI,CLE,False,True,31.5,13,4,3,1,3,2,2,3,0,True
SYN0004,Synthetic Player 004,2025-26,2025-26_CHI_061,2026-02-08,CHI,DAL,True,False,22.5,11,5,3,0,1,1,2,2,0,True
SYN0004,Synthetic Player 004,2025-26,2025-26_CHI_062,2026-02-10,CHI,DEN,False,True,39.9,20,9,6,1,2,2,3,3,1,True
SYN0004,Synthetic Player 004,2025-26,2025-26_CHI_063,2026-02-11,CHI,DET,True,True,30.4,12,7,4,1,1,1,2,2,0,True
SYN0004,Synthetic Player 004,2025-26,2025-26_CHI_064,2026-02-14,CHI,GSW,False,True,35.3,17,9,4,1,2,2,3,2,1,True
SYN0004,Synthetic Player 004,2025-26,2025-26_CHI_065,2026-02-16,CHI,HOU,True,True,31.2,12,6,3,1,2,2,2,2,0,True
SYN0004,Synthetic Player 004,2025-26,2025-26_CHI_066,2026-02-19,CHI,IND,False,True,34.6,13,7,4,1,1,3,3,2,0,True
SYN0004,Synthetic Player 004,2025-26,2025-26_CHI_073,2026-03-05,CHI,NOP,True,True,30.0,17,7,3,1,2,2,2,3,1,True
SYN0004,Synthetic Player 004,2025-26,2025-26_CHI_074,2026-03-07,CHI,NYK,False,True,35.9,24,8,4,1,2,2,3,4,1,True
SYN0004,Synthetic Player 004,2025-26,2025-26_CHI_075,2026-03-09,CHI,OKC,True,True,34.6,24,9,4,1,2,1,3,3,1,True
SYN0004,Synthetic Player 004,2025-26,2025-26_CHI_076,2026-03-11,CHI,ORL,False,True,30.3,15,6,4,1,1,2,3,3,0,True
SYN0004,Synthetic Player 004,2025-26,2025-26_CHI_077,2026-03-12,CHI,PHI,True,True,34.3,19,9,5,1,2,2,2,3,1,True
SYN0004,Synthetic Player 004,2025-26,2025-26_CHI_078,2026-03-14,CHI,PHX,False,True,33.4,12,8,4,1,2,1,3,2,0,True
SYN0004,Synthetic Player 004,2025-26,2025-26_CHI_079,2026-03-16,CHI,POR,True,True,28.9,8,7,3,0,2,2,2,1,0,True
SYN0005,Synthetic Player 005,2025-26,2025-26_CLE_000,2025-10-23,CLE,DAL,False,True,32.8,15,7,8,1,0,2,2,2,2,True
SYN0005,Synthetic Player 005,2025-26,2025-26_CLE_001,2025-10-24,CLE,DEN,True,True,25.8,13,3,5,1,0,2,1,2,1,True
SYN0005,Synthetic Player 005,2025-26,2025-26_CLE_002,2025-10-25,CLE,DET,False,True,29.1,16,3,4,1,0,2,2,3,2,True
SYN0005,Synthetic Player 005,2025-26,2025-26_CLE_003,2025-10-26,CLE,GSW,True,False,23.8,14,2,5,1,0,1,2,3,1,True
SYN0005,Synthetic Player 005,2025-26,2025-26_CLE_004,2025-10-28,CLE,HOU,False,True,32.9,24,4,4,2,0,3,2,5,1,True
SYN0005,Synthetic Player 005,2025-26,2025-26_CLE_005,2025-10-30,CLE,IND,True,True,25.2,11,3,5,1,0,2,1,2,1,True
SYN0005,Synthetic Player 005,2025-26,2025-26_CLE_006,2025-11-02,CLE,LAC,False,True,26.9,21,4,4,1,0,2,2,3,2,True
SYN0005,Synthetic Player 005,2025-26,2025-26_CLE_007,2025-11-04,CLE,LAL,True,False,22.6,16,2,8,1,0,1,1,3,1,True
SYN0005,Synthetic Player 005,2025-26,2025-26_CLE_008,2025-11-06,CLE,MEM,False,True,26.2,19,4,8,1,0,2,1,3,2,True
SYN0005,Synthetic Player 005,2025-26,2025-26_CLE_009,2025-11-07,CLE,MIA,True,True,33.1,17,3,8,1,0,4,2,4,1,True
SYN0005,Synthetic Player 005,2025-26,2025-26_CLE_010,2025-11-08,CLE,MIL,False,True,35.7,13,5,8,2,0,3,2,2,2,True
SYN0005,Synthetic Player 005,2025-26,2025-26_CLE_012,2025-11-10,CLE,NOP,False,True,24.9,11,3,7,1,0,2,1,2,1,True
SYN0005,Synthetic Player 005,2025-26,2025-26_CLE_013,2025-11-13,CLE,NYK,True,True,28.0,11,3,5,1,0,3,2,1,1,True
SYN0005,Synthetic Player 005,2025-26,2025-26_CLE_014,2025-11-16,CLE,OKC,False,False,23.0,11,2,7,1,0,2,1,2,1,True
SYN0005,Synthetic Player 005,2025-26,2025-26_CLE_015,2025-11-18,CLE,ORL,True,True,26.2,17,5,7,1,0,2,2,2,1,True
SYN0005,Synthetic Player 005,2025-26,2025-26_CLE_016,2025-11-20,CLE,PHI,False,True,31.6,12,6,9,2,0,2,1,1,2,True
SYN0005,Synthetic Player 005,2025-26,2025-26_CLE_017,2025-11-21,CLE,PHX,True,True,35.8,16,4,6,2,0,3,2,2,1,True
SYN0005,Synthetic Player 005,2025-26,2025-26_CLE_018,2025-11-22,CLE,POR,False,True,25.3,17,5,4,1,0,2,1,2,2,True
SYN0005,Synthetic Player 005,2025-26,2025-26_CLE_019,2025-11-24,CLE,SAC,True,True,26.4,10,2,3,1,0,2,1,1,1,True
SYN0005,Synthetic Player 005,2025-26,2025-26_CLE_020,2025-11-27,CLE,SAS,False,True,26.8,10,3,3,1,0,2,1,1,1,True
SYN0005,Synthetic Player 005,2025-26,2025-26_CLE_021,2025-11-29,CLE,TOR,True,True,28.2,17,3,6,1,0,3,1,2,3,True
SYN0005,Synthetic Player 005,2025-26,2025-26_CLE_022,2025-12-01,CLE,UTA,False,True,24.2,7,2,5,1,0,2,1,1,1,True
SYN0005,Synthetic Player 005,2025-26,2025-26_CLE_023,2025-12-02,CLE,WAS,True,False,23.6,8,2,4,1,0,2,1,2,1,True
SYN0005,Synthetic Player 005,2025-26,2025-26_CLE_024,2025-12-04,CLE,ATL,False,True,29.8,18,5,6,2,0,2,2,3,2,True
SYN0005,Synthetic Player 005,2025-26,2025-26_CLE_025,2025-12-05,CLE,BOS,True,True,26.7,12,3,8,1,0,3,2,2,2,True
SYN0005,Synthetic Player 005,2025-26,2025-26_CLE_026,2025-12-08,CLE,BKN,False,True,31.0,18,4,7,1,0,3,2,4,2,True
SYN0005,Synthetic Player 005,2025-26,2025-26_CLE_027,2025-12-10,CLE,CHA,True,True,28.2,19,3,7,1,0,2,2,4,2,True
SYN0005,Synthetic Player 005,2025-26,2025-26_CLE_028,2025-12-12,CLE,CHI,False,True,31.2,18,2,9,1,0,2,1,3,2,True
SYN0005,Synthetic Player 005,2025-26,2025-26_CLE_029,2025-12-14,CLE,CLE,True,True,27.0,21,3,6,1,0,3,2,3,2,True
SYN0005,Synthetic Player 005,2025-26,2025-26_CLE_030,2025-12-16,CLE,DAL,False,True,24.4,14,2,4,2,0,2,1,3,2,True
SYN0005,Synthetic Player 005,2025-26,2025-26_CLE_031,2025-12-18,CLE,DEN,True,True,32.0,17,3,9,2,0,3,2,2,2,True
SYN0005,Synthetic Player 005,2025-26,2025-26_CLE_032,2025-12-20,CLE,DET,False,False,20.6,7,1,6,1,0,2,1,1,1,True
SYN0005,Synthetic Player 005,2025-26,2025-26_CLE_033,2025-12-22,CLE,GSW,True,True,27.7,20,3,5,2,0,3,2,3,2,True
SYN0005,Synthetic Player 005,2025-26,2025-26_CLE_034,2025-12-25,CLE,HOU,False,True,31.4,16,4,7,1,0,2,2,3,2,True
SYN0005,Synthetic Player 005,2025-26,2025-26_CLE_035,2025-12-26,CLE,IND,True,False,21.6,14,2,7,1,0,2,1,1,1,True
SYN0005,Synthetic Player 005,2025-26,2025-26_CLE_036,2025-12-28,CLE,LAC,False,True,24.3,7,3,6,1,0,1,1,1,1,True
SYN0005,Synthetic Player 005,2025-26,2025-26_CLE_037,2025-12-30,CLE,LAL,True,True,33.4,19,3,6,1,0,3,2,3,2,True
SYN0005,Synthetic Player 005,2025-26,2025-26_CLE_038,2026-01-01,CLE,MEM,False,True,31.7,18,4,5,2,0,3,2,4,3,True
SYN0005,Synthetic Player 005,2025-26,2025-26_CLE_039,2026-01-03,CLE,MIA,True,True,31.5,27,3,7,1,0,3,2,7,2,True
SYN0005,Synthetic Player 005,2025-26,2025-26_CLE_040,2026-01-04,CLE,MIL,False,True,35.2,15,4,11,1,0,3,3,2,3,True
SYN0005,Synthetic Player 005,2025-26,2025-26_CLE_041,2026-01-06,CLE,MIN,True,False,22.8,20,4,4,1,0,2,1,3,2,True
SYN0005,Synthetic Player 005,2025-26,2025-26_CLE_042,2026-01-08,CLE,NOP,False,True,27.3,16,3,6,1,0,2,2,2,2,True
SYN0005,Synthetic Player 005,2025-26,2025-26_CLE_043,2026-01-10,CLE,NYK,True,True,24.0,11,2,7,1,0,2,1,1,1,True
SYN0005,Synthetic Player 005,2025-26,2025-26_CLE_044,2026-01-12,CLE,OKC,False,True,27.6,12,4,6,1,0,2,1,1,1,True
SYN0005,Synthetic Player 005,2025-26,2025-26_CLE_045,2026-01-13,CLE,ORL,True,True,34.3,21,4,8,2,0,3,2,5,3,True
SYN0005,Synthetic Player 005,2025-26,2025-26_CLE_046,2026-01-14,CLE,PHI,False,False,21.2,17,2,6,0,0,2,1,3,2,True
SYN0005,Synthetic Player 005,2025-26,2025-26_CLE_047,2026-01-16,CLE,PHX,True,False,23.9,11,3,4,0,0,1,1,2,1,True
SYN0005,Synthetic Player 005,2025-26,2025-26_CLE_048,2026-01-19,CLE,POR,False,True,24.1,8,3,8,1,0,2,2,1,1,True
SYN0005,Synthetic Player 005,2025-26,2025-26_CLE_049,2026-01-21,CLE,SAC,True,True,26.1,16,3,6,1,0,1,1,2,2,True
SYN0005,Synthetic Player 005,2025-26,2025-26_CLE_050,2026-01-24,CLE,SAS,False,True,29.7,14,4,5,1,0,3,1,2,1,True
SYN0005,Synthetic Player 005,2025-26,2025-26_CLE_051,2026-01-25,CLE,TOR,True,True,26.4,9,3,5,1,0,2,2,2,1,True
SYN0005,Synthetic Player 005,2025-26,2025-26_CLE_052,2026-01-27,CLE,UTA,False,True,28.0,16,3,6,1,0,2,1,3,2,True
SYN0005,Synthetic Player 005,2025-26,2025-26_CLE_053,2026-01-29,CLE,WAS,True,True,25.1,15,3,5,1,0,3,1,2,1,True
SYN0005,Synthetic Player 005,2025-26,2025-26_CLE_054,2026-02-01,CLE,ATL,False,True,30.4,32,5,6,1,0,2,2,4,3,True
SYN0005,Synthetic Player 005,2025-26,2025-26_CLE_055,2026-02-02,CLE,BOS,True,False,17.6,12,2,4,1,0,1,1,2,1,True
SYN0005,Synthetic Player 005,2025-26,2025-26_CLE_056,2026-02-03,CLE,BKN,False,True,24.5,18,2,4,1,0,2,2,3,2,True
SYN0005,Synthetic Player 005,2025-26,2025-26_CLE_057,2026-02-05,CLE,CHA,True,True,25.3,11,3,7,1,0,2,2,2,1,True
SYN0005,Synthetic Player 005,2025-26,2025-26_CLE_058,2026-02-06,CLE,CHI,False,True,31.2,17,5,8,2,0,3,2,4,2,True
SYN0005,Synthetic Player 005,2025-26,2025-26_CLE_059,2026-02-08,CLE,CLE,True,True,28.9,22,4,7,1,0,2,2,5,3,True
SYN0005,Synthetic Player 005,2025-26,2025-26_CLE_060,2026-02-09,CLE,DAL,False,True,29.5,10,3,8,1,0,3,2,1,1,True
SYN0005,Synthetic Player 005,2025-26,2025-26_CLE_061,2026-02-11,CLE,DEN,True,False,18.1,13,2,4,1,0,2,1,2,1,True
SYN0005,Synthetic Player 005,2025-26,2025-26_CLE_062,2026-02-14,CLE,DET,False,True,26.1,9,4,6,1,0,2,2,1,1,True
SYN0005,Synthetic Player 005,2025-26,2025-26_CLE_063,2026-02-16,CLE,GSW,True,True,27.0,9,2,5,2,0,3,2,2,1,True
SYN0005,Synthetic Player 005,2025-26,2025-26_CLE_064,2026-02-18,CLE,HOU,False,False,20.3,3,4,6,0,0,2,1,0,0,True
SYN0005,Synthetic Player 005,2025-26,2025-26_CLE_065,2026-02-19,CLE,IND,True,True,26.0,13,2,6,1,0,2,1,2,2,True
SYN0005,Synthetic Player 005,2025-26,2025-26_CLE_066,2026-02-22,CLE,LAC,False,True,31.4,23,4,5,1,0,4,2,3,2,True
SYN0005,Synthetic Player 005,2025-26,2025-26_CLE_067,2026-02-24,CLE,LAL,True,True,28.5,22,4,7,1,0,2,1,3,3,True
SYN0005,Synthetic Player 005,2025-26,2025-26_CLE_068,2026-02-26,CLE,MEM,False,False,23.9,11,2,4,1,0,2,1,1,2,True
SYN0005,Synthetic Player 005,2025-26,2025-26_CLE_069,2026-03-01,CLE,MIA,True,True,30.6,21,4,8,1,0,2,2,4,1,True
SYN0005,Synthetic Player 005,2025-26,2025-26_CLE_070,2026-03-03,CLE,MIL,False,True,32.8,20,4,5,2,0,3,2,2,2,True
SYN0005,Synthetic Player 005,2025-26,2025-26_CLE_071,2026-03-04,CLE,MIN,True,True,27.3,12,4,4,1,0,3,2,1,1,True
SYN0005,Synthetic Player 005,2025-26,2025-26_CLE_072,2026-03-06,CLE,NOP,False,True,29.9,15,4,4,1,0,3,1,2,2,True
SYN0005,Synthetic Player 005,2025-26,2025-26_CLE_073,2026-03-07,CLE,NYK,True,False,23.4,19,4,5,1,0,2,2,3,2,True
SYN0005,Synthetic Player 005,2025-26,2025-26_CLE_074,2026-03-09,CLE,OKC,False,True,28.0,25,2,6,1,0,2,1,2,3,True
SYN0005,Synthetic Player 005,2025-26,2025-26_CLE_075,2026-03-10,CLE,ORL,True,False,22.7,15,3,7,1,0,2,1,2,1,True
SYN0005,Synthetic Player 005,2025-26,2025-26_CLE_076,2026-03-11,CLE,PHI,False,False,23.5,10,2,4,1,0,2,1,1,1,True
SYN0005,Synthetic Player 005,2025-26,2025-26_CLE_077,2026-03-12,CLE,PHX,True,True,27.9,12,2,4,1,0,2,1,2,1,True
SYN0005,Synthetic Player 005,2025-26,2025-26_CLE_078,2026-03-13,CLE,POR,False,False,15.0,8,2,3,1,0,1,1,2,1,True
SYN0005,Synthetic Player 005,2025-26,2025-26_CLE_079,2026-03-15,CLE,SAC,True,False,23.9,17,3,7,1,0,2,1,3,2,True
SYN0005,Synthetic Player 005,2025-26,2025-26_CLE_080,2026-03-17,CLE,SAS,False,True,25.5,13,4,4,1,0,2,1,2,1,True
SYN0005,Synthetic Player 005,2025-26,2025-26_CLE_081,2026-03-19,CLE,TOR,True,False,23.6,21,3,4,1,0,1,1,4,4,True
SYN0006,Synthetic Player 006,2025-26,2025-26_DAL_000,2025-10-21,DAL,DEN,False,True,26.2,8,3,2,1,0,1,1,1,1,True
SYN0006,Synthetic Player 006,2025-26,2025-26_DAL_001,2025-10-23,DAL,DET,True,True,31.3,11,3,2,1,0,2,2,1,1,True
SYN0006,Synthetic Player 006,2025-26,2025-26_DAL_002,2025-10-25,DAL,GSW,False,True,25.6,8,2,2,1,0,1,2,1,1,True
SYN0006,Synthetic Player 006,2025-26,2025-26_DAL_003,2025-10-27,DAL,HOU,True,True,36.8,15,3,3,1,0,2,2,3,3,True
SYN0006,Synthetic Player 006,2025-26,2025-26_DAL_004,2025-10-29,DAL,IND,False,False,23.8,11,3,1,1,0,2,1,2,1,True
SYN0006,Synthetic Player 006,2025-26,2025-26_DAL_005,2025-10-31,DAL,LAC,True,True,29.5,17,2,2,1,0,1,2,3,1,True
SYN0006,Synthetic Player 006,2025-26,2025-26_DAL_006,2025-11-01,DAL,LAL,False,True,39.1,13,3,3,1,0,2,2,2,2,True
SYN0006,Synthetic Player 006,2025-26,2025-26_DAL_007,2025-11-04,DAL,MEM,True,True,26.0,9,2,2,1,0,2,1,2,1,True
SYN0006,Synthetic Player 006,2025-26,2025-26_DAL_008,2025-11-06,DAL,MIA,False,True,34.0,14,4,3,1,1,2,2,3,2,True
SYN0006,Synthetic Player 006,2025-26,2025-26_DAL_009,2025-11-09,DAL,MIL,True,True,34.5,10,3,2,1,1,2,2,2,1,True
SYN0006,Synthetic Player 006,2025-26,2025-26_DAL_010,2025-11-11,DAL,MIN,False,True,30.9,15,3,3,1,0,1,2,3,2,True
SYN0006,Synthetic Player 006,2025-26,2025-26_DAL_011,2025-11-12,DAL,NOP,True,True,38.6,23,4,3,1,0,2,2,5,3,True
SYN0006,Synthetic Player 006,2025-26,2025-26_DAL_012,2025-11-13,DAL,NYK,False,True,37.2,13,3,3,1,1,2,2,2,1,True
SYN0006,Synthetic Player 006,2025-26,2025-26_DAL_013,2025-11-15,DAL,OKC,True,True,27.8,15,3,2,1,0,2,2,2,2,True
SYN0006,Synthetic Player 006,2025-26,2025-26_DAL_014,2025-11-17,DAL,ORL,False,True,32.0,14,3,2,1,0,2,2,2,2,True
SYN0006,Synthetic Player 006,2025-26,2025-26_DAL_015,2025-11-19,DAL,PHI,True,True,31.0,19,3,3,1,0,3,2,3,3,True
SYN0006,Synthetic Player 006,2025-26,2025-26_DAL_016,2025-11-21,DAL,PHX,False,True,33.0,18,4,2,1,0,2,2,3,2,True
SYN0006,Synthetic Player 006,2025-26,2025-26_DAL_017,2025-11-22,DAL,POR,True,True,30.6,8,2,2,0,0,2,2,1,1,True
SYN0006,Synthetic Player 006,2025-26,2025-26_DAL_018,2025-11-23,DAL,SAC,False,True,39.5,19,6,3,2,0,2,2,3,3,True
SYN0006,Synthetic Player 006,2025-26,2025-26_DAL_019,2025-11-25,DAL,SAS,True,True,29.2,8,4,2,1,0,2,2,2,1,True
SYN0006,Synthetic Player 006,2025-26,2025-26_DAL_020,2025-11-27,DAL,TOR,False,True,24.5,8,2,2,1,0,1,1,2,1,True
SYN0006,Synthetic Player 006,2025-26,2025-26_DAL_021,2025-11-29,DAL,UTA,True,True,28.6,18,3,2,1,0,2,2,3,3,True
SYN0006,Synthetic Player 006,2025-26,2025-26_DAL_022,2025-12-01,DAL,WAS,False,True,28.3,9,4,2,1,0,2,2,2,1,True
SYN0006,Synthetic Player 006,2025-26,2025-26_DAL_023,2025-12-03,DAL,ATL,True,True,30.7,20,2,2,1,0,2,2,5,3,True
SYN0006,Synthetic Player 006,2025-26,2025-26_DAL_024,2025-12-05,DAL,BOS,False,True,33.9,10,2,4,1,0,2,2,2,1,True
SYN0006,Synthetic Player 006,2025-26,2025-26_DAL_025,2025-12-07,DAL,BKN,True,True,26.1,13,3,3,1,0,1,2,2,2,True
SYN0006,Synthetic Player 006,2025-26,2025-26_DAL_026,2025-12-08,DAL,CHA,False,True,36.8,16,4,3,1,1,2,2,3,2,True
SYN0006,Synthetic Player 006,2025-26,2025-26_DAL_027,2025-12-11,DAL,CHI,True,True,29.2,10,3,2,1,0,2,2,1,2,True
SYN0006,Synthetic Player 006,2025-26,2025-26_DAL_028,2025-12-13,DAL,CLE,False,True,24.2,9,2,1,0,0,1,1,1,1,True
SYN0006,Synthetic Player 006,2025-26,2025-26_DAL_029,2025-12-15,DAL,DAL,True,True,29.6,18,3,2,1,0,1,2,2,2,True
SYN0006,Synthetic Player 006,2025-26,2025-26_DAL_030,2025-12-16,DAL,DEN,False,True,37.3,20,3,5,1,0,2,3,3,3,True
SYN0006,Synthetic Player 006,2025-26,2025-26_DAL_031,2025-12-17,DAL,DET,True,True,33.4,13,3,2,1,1,2,2,3,1,True
SYN0006,Synthetic Player 006,2025-26,2025-26_DAL_032,2025-12-18,DAL,GSW,False,True,37.8,22,5,3,1,0,2,3,2,3,True
SYN0006,Synthetic Player 006,2025-26,2025-26_DAL_033,2025-12-20,DAL,HOU,True,True,40.5,14,4,4,1,0,3,2,3,2,True
SYN0006,Synthetic Player 006,2025-26,2025-26_DAL_034,2025-12-22,DAL,IND,False,True,33.0,23,4,3,1,1,2,2,5,4,True
SYN0006,Synthetic Player 006,2025-26,2025-26_DAL_035,2025-12-24,DAL,LAC,True,True,29.4,11,3,2,1,0,1,2,2,1,True
SYN0006,Synthetic Player 006,2025-26,2025-26_DAL_036,2025-12-26,DAL,LAL,False,True,33.7,18,4,2,1,0,2,2,4,3,True
SYN0006,Synthetic Player 006,2025-26,2025-26_DAL_037,2025-12-29,DAL,MEM,True,True,34.4,22,4,2,1,0,2,2,4,4,True
SYN0006,Synthetic Player 006,2025-26,2025-26_DAL_038,2025-12-31,DAL,MIA,False,True,34.9,20,4,1,1,0,2,2,3,2,True
SYN0006,Synthetic Player 006,2025-26,2025-26_DAL_039,2026-01-03,DAL,MIL,True,True,25.8,9,2,2,1,0,2,2,1,1,True
SYN0006,Synthetic Player 006,2025-26,2025-26_DAL_040,2026-01-04,DAL,MIN,False,True,32.8,11,4,2,1,0,1,2,2,1,True
SYN0006,Synthetic Player 006,2025-26,2025-26_DAL_043,2026-01-10,DAL,OKC,True,True,31.9,12,3,3,1,0,2,2,2,2,True
SYN0006,Synthetic Player 006,2025-26,2025-26_DAL_044,2026-01-12,DAL,ORL,False,True,27.7,11,3,2,1,0,2,2,1,1,True
SYN0006,Synthetic Player 006,2025-26,2025-26_DAL_045,2026-01-13,DAL,PHI,True,True,35.4,14,3,2,1,0,2,2,2,1,True
SYN0006,Synthetic Player 006,2025-26,2025-26_DAL_046,2026-01-15,DAL,PHX,False,True,39.5,20,4,3,1,1,2,2,2,3,True
SYN0006,Synthetic Player 006,2025-26,2025-26_DAL_047,2026-01-16,DAL,POR,True,True,25.2,8,2,2,1,0,1,2,1,1,True
SYN0006,Synthetic Player 006,2025-26,2025-26_DAL_048,2026-01-18,DAL,SAC,False,True,28.5,7,3,3,1,0,1,2,2,1,True
SYN0006,Synthetic Player 006,2025-26,2025-26_DAL_049,2026-01-20,DAL,SAS,True,True,33.3,15,4,2,1,0,2,2,2,2,True
SYN0006,Synthetic Player 006,2025-26,2025-26_DAL_050,2026-01-22,DAL,TOR,False,True,27.9,14,4,1,1,0,2,1,2,1,True
SYN0006,Synthetic Player 006,2025-26,2025-26_DAL_051,2026-01-24,DAL,UTA,True,True,30.2,14,2,2,1,0,2,2,2,1,True
SYN0006,Synthetic Player 006,2025-26,2025-26_DAL_052,2026-01-27,DAL,WAS,False,True,32.9,9,4,2,1,0,2,2,2,1,True
SYN0006,Synthetic Player 006,2025-26,2025-26_DAL_053,2026-01-29,DAL,ATL,True,True,25.4,15,2,2,1,0,1,2,4,2,True
SYN0006,Synthetic Player 006,2025-26,2025-26_DAL_054,2026-01-31,DAL,BOS,False,True,33.7,10,3,2,1,0,2,2,1,1,True
SYN0006,Synthetic Player 006,2025-26,2025-26_DAL_055,2026-02-02,DAL,BKN,True,True,35.7,16,2,2,2,0,1,2,2,2,True
SYN0006,Synthetic Player 006,2025-26,2025-26_DAL_056,2026-02-03,DAL,CHA,False,True,35.4,16,3,3,1,0,2,3,3,2,True
SYN0006,Synthetic Player 006,2025-26,2025-26_DAL_057,2026-02-04,DAL,CHI,True,True,27.0,17,3,2,1,0,1,2,2,2,True
SYN0006,Synthetic Player 006,2025-26,2025-26_DAL_058,2026-02-05,DAL,CLE,False,True,35.8,11,3,2,1,1,3,3,2,2,True
SYN0006,Synthetic Player 006,2025-26,2025-26_DAL_059,2026-02-07,DAL,DAL,True,True,28.4,14,2,2,1,0,2,2,3,1,True
SYN0006,Synthetic Player 006,2025-26,2025-26_DAL_060,2026-02-09,DAL,DEN,False,True,36.9,13,2,2,1,0,2,2,2,2,True
SYN0006,Synthetic Player 006,2025-26,2025-26_DAL_061,2026-02-11,DAL,DET,True,True,33.9,13,4,2,1,1,2,3,2,2,True
SYN0006,Synthetic Player 006,2025-26,2025-26_DAL_062,2026-02-12,DAL,GSW,False,True,29.4,13,3,2,1,0,2,2,2,2,True
SYN0006,Synthetic Player 006,2025-26,2025-26_DAL_063,2026-02-14,DAL,HOU,True,True,25.8,10,3,1,1,0,1,2,1,1,True
SYN0006,Synthetic Player 006,2025-26,2025-26_DAL_064,2026-02-16,DAL,IND,False,True,37.4,9,4,3,1,0,2,2,2,2,True
SYN0006,Synthetic Player 006,2025-26,2025-26_DAL_065,2026-02-18,DAL,LAC,True,True,24.4,7,3,2,1,0,1,1,1,1,True
SYN0006,Synthetic Player 006,2025-26,2025-26_DAL_066,2026-02-20,DAL,LAL,False,True,36.3,9,3,3,1,0,2,2,2,1,True
SYN0006,Synthetic Player 006,2025-26,2025-26_DAL_067,2026-02-22,DAL,MEM,True,True,30.6,15,3,2,1,0,2,2,2,2,True
SYN0006,Synthetic Player 006,2025-26,2025-26_DAL_068,2026-02-24,DAL,MIA,False,False,24.0,9,2,2,1,0,1,1,2,1,True
SYN0006,Synthetic Player 006,2025-26,2025-26_DAL_069,2026-02-26,DAL,MIL,True,True,32.1,18,3,2,1,1,2,2,2,2,True
SYN0006,Synthetic Player 006,2025-26,2025-26_DAL_070,2026-02-28,DAL,MIN,False,True,33.7,18,4,2,1,0,2,2,2,1,True
SYN0006,Synthetic Player 006,2025-26,2025-26_DAL_071,2026-03-01,DAL,NOP,True,True,36.4,15,4,2,1,0,2,2,3,1,True
SYN0006,Synthetic Player 006,2025-26,2025-26_DAL_072,2026-03-03,DAL,NYK,False,True,34.3,14,3,1,2,0,2,2,3,3,True
SYN0006,Synthetic Player 006,2025-26,2025-26_DAL_073,2026-03-05,DAL,OKC,True,True,34.9,21,3,3,1,0,2,2,3,2,True
SYN0006,Synthetic Player 006,2025-26,2025-26_DAL_074,2026-03-07,DAL,ORL,False,True,33.0,11,3,2,1,0,2,2,3,1,True
SYN0006,Synthetic Player 006,2025-26,2025-26_DAL_075,2026-03-09,DAL,PHI,True,True,26.0,8,2,2,1,0,1,1,2,1,True
SYN0006,Synthetic Player 006,2025-26,2025-26_DAL_076,2026-03-11,DAL,PHX,False,True,30.2,10,2,1,1,0,2,2,3,1,True
SYN0006,Synthetic Player 006,2025-26,2025-26_DAL_077,2026-03-13,DAL,POR,True,True,31.9,12,4,2,1,0,2,2,3,2,True
SYN0006,Synthetic Player 006,2025-26,2025-26_DAL_078,2026-03-14,DAL,SAC,False,True,32.9,17,2,2,1,0,2,2,3,2,True
SYN0006,Synthetic Player 006,2025-26,2025-26_DAL_079,2026-03-16,DAL,SAS,True,True,31.8,15,3,3,1,0,2,2,2,2,True
SYN0006,Synthetic Player 006,2025-26,2025-26_DAL_080,2026-03-18,DAL,TOR,False,True,32.7,11,4,2,1,0,1,2,2,1,True
SYN0006,Synthetic Player 006,2025-26,2025-26_DAL_081,2026-03-20,DAL,UTA,True,True,32.5,11,3,4,1,0,2,2,2,1,True
SYN0007,Synthetic Player 007,2025-26,2025-26_DEN_000,2025-10-22,DEN,DET,False,False,20.2,15,4,3,1,0,1,1,3,1,True
SYN0007,Synthetic Player 007,2025-26,2025-26_DEN_001,2025-10-24,DEN,GSW,True,False,22.2,15,3,3,1,0,2,2,3,2,True
SYN0007,Synthetic Player 007,2025-26,2025-26_DEN_002,2025-10-27,DEN,HOU,False,False,12.3,7,2,1,0,0,1,1,1,1,True
SYN0007,Synthetic Player 007,2025-26,2025-26_DEN_003,2025-10-29,DEN,IND,True,False,16.8,12,2,2,1,0,1,1,2,1,True
SYN0007,Synthetic Player 007,2025-26,2025-26_DEN_004,2025-10-31,DEN,LAC,False,False,15.4,9,3,2,1,0,1,1,1,1,True
SYN0007,Synthetic Player 007,2025-26,2025-26_DEN_005,2025-11-02,DEN,LAL,True,False,19.2,16,5,4,1,0,1,1,2,2,True
SYN0007,Synthetic Player 007,2025-26,2025-26_DEN_007,2025-11-06,DEN,MIA,True,True,25.3,13,3,3,1,0,2,2,2,1,True
SYN0007,Synthetic Player 007,2025-26,2025-26_DEN_009,2025-11-10,DEN,MIN,True,False,20.8,18,3,2,0,0,1,1,3,2,True
SYN0007,Synthetic Player 007,2025-26,2025-26_DEN_010,2025-11-12,DEN,NOP,False,False,23.5,18,4,4,1,0,2,1,2,2,True
SYN0007,Synthetic Player 007,2025-26,2025-26_DEN_011,2025-11-13,DEN,NYK,True,False,19.4,13,5,3,1,1,1,1,2,2,True
SYN0007,Synthetic Player 007,2025-26,2025-26_DEN_012,2025-11-15,DEN,OKC,False,False,17.0,12,3,3,0,0,1,1,3,1,True
SYN0007,Synthetic Player 007,2025-26,2025-26_DEN_013,2025-11-17,DEN,ORL,True,False,18.7,13,2,2,1,0,1,1,1,1,True
SYN0007,Synthetic Player 007,2025-26,2025-26_DEN_014,2025-11-18,DEN,PHI,False,False,18.5,14,3,3,1,0,1,1,1,2,True
SYN0007,Synthetic Player 007,2025-26,2025-26_DEN_015,2025-11-20,DEN,PHX,True,False,20.5,16,5,2,0,0,1,1,2,1,True
SYN0007,Synthetic Player 007,2025-26,2025-26_DEN_016,2025-11-22,DEN,POR,False,True,24.1,12,5,4,1,0,1,2,2,1,True
SYN0007,Synthetic Player 007,2025-26,2025-26_DEN_017,2025-11-24,DEN,SAC,True,True,24.2,10,4,3,1,0,1,2,1,1,True
SYN0007,Synthetic Player 007,2025-26,2025-26_DEN_018,2025-11-26,DEN,SAS,False,False,13.2,10,3,3,0,0,1,1,1,1,True
SYN0007,Synthetic Player 007,2025-26,2025-26_DEN_019,2025-11-28,DEN,TOR,True,False,16.7,8,3,2,0,0,1,1,1,1,True
SYN0007,Synthetic Player 007,2025-26,2025-26_DEN_020,2025-11-29,DEN,UTA,False,False,18.5,10,3,3,1,0,1,1,2,1,True
SYN0007,Synthetic Player 007,2025-26,2025-26_DEN_022,2025-12-03,DEN,ATL,False,True,27.7,23,6,4,1,1,2,2,4,2,True
SYN0007,Synthetic Player 007,2025-26,2025-26_DEN_023,2025-12-06,DEN,BOS,True,False,10.1,9,2,1,0,0,1,1,1,1,True
SYN0007,Synthetic Player 007,2025-26,2025-26_DEN_024,2025-12-08,DEN,BKN,False,True,26.3,23,3,5,1,1,1,1,4,3,True
SYN0007,Synthetic Player 007,2025-26,2025-26_DEN_025,2025-12-09,DEN,CHA,True,False,17.8,16,3,3,1,0,1,1,2,1,True
SYN0007,Synthetic Player 007,2025-26,2025-26_DEN_026,2025-12-11,DEN,CHI,False,False,22.8,9,3,3,1,0,1,2,2,1,True
SYN0007,Synthetic Player 007,2025-26,2025-26_DEN_027,2025-12-13,DEN,CLE,True,False,23.1,19,5,3,1,0,1,2,3,3,True
SYN0007,Synthetic Player 007,2025-26,2025-26_DEN_028,2025-12-14,DEN,DAL,False,False,19.0,16,4,3,1,0,2,1,3,1,True
SYN0007,Synthetic Player 007,2025-26,2025-26_DEN_029,2025-12-16,DEN,DEN,True,False,20.0,11,5,3,1,0,1,1,2,1,True
SYN0007,Synthetic Player 007,2025-26,2025-26_DEN_030,2025-12-18,DEN,DET,False,False,20.4,11,3,4,1,0,2,1,1,1,True
SYN0007,Synthetic Player 007,2025-26,2025-26_DEN_031,2025-12-20,DEN,GSW,True,False,22.5,25,3,3,1,0,2,2,3,4,True
SYN0007,Synthetic Player 007,2025-26,2025-26_DEN_032,2025-12-22,DEN,HOU,False,False,16.7,11,2,3,0,0,1,1,1,1,True
SYN0007,Synthetic Player 007,2025-26,2025-26_DEN_033,2025-12-23,DEN,IND,True,False,23.7,14,6,3,1,0,2,2,3,1,True
SYN0007,Synthetic Player 007,2025-26,2025-26_DEN_034,2025-12-24,DEN,LAC,False,False,14.9,7,3,3,0,0,1,1,1,1,True
SYN0007,Synthetic Player 007,2025-26,2025-26_DEN_036,2025-12-28,DEN,MEM,False,True,25.7,9,6,5,0,1,2,2,1,1,True
SYN0007,Synthetic Player 007,2025-26,2025-26_DEN_037,2025-12-29,DEN,MIA,True,False,18.6,9,3,3,1,0,1,1,1,1,True
SYN0007,Synthetic Player 007,2025-26,2025-26_DEN_039,2026-01-02,DEN,MIN,True,False,16.6,15,3,3,1,0,1,1,2,2,True
SYN0007,Synthetic Player 007,2025-26,2025-26_DEN_040,2026-01-04,DEN,NOP,False,False,23.7,13,3,2,1,0,2,2,2,1,True
SYN0007,Synthetic Player 007,2025-26,2025-26_DEN_041,2026-01-06,DEN,NYK,True,False,12.6,14,2,1,0,0,1,1,2,1,True
SYN0007,Synthetic Player 007,2025-26,2025-26_DEN_043,2026-01-10,DEN,ORL,True,False,15.3,12,3,3,0,0,1,1,2,1,True
SYN0007,Synthetic Player 007,2025-26,2025-26_DEN_044,2026-01-13,DEN,PHI,False,False,23.3,13,4,2,1,0,2,1,1,1,True
SYN0007,Synthetic Player 007,2025-26,2025-26_DEN_045,2026-01-14,DEN,PHX,True,False,17.8,12,4,3,1,0,1,1,3,1,True
SYN0007,Synthetic Player 007,2025-26,2025-26_DEN_046,2026-01-15,DEN,POR,False,True,24.4,17,4,3,1,0,2,2,4,2,True
SYN0007,Synthetic Player 007,2025-26,2025-26_DEN_047,2026-01-17,DEN,SAC,True,False,21.1,20,3,2,1,0,1,1,4,1,True
SYN0007,Synthetic Player 007,2025-26,2025-26_DEN_048,2026-01-19,DEN,SAS,False,False,21.5,15,5,4,1,0,1,1,3,2,True
SYN0007,Synthetic Player 007,2025-26,2025-26_DEN_049,2026-01-21,DEN,TOR,True,False,23.9,14,7,4,1,0,2,1,3,1,True
SYN0007,Synthetic Player 007,2025-26,2025-26_DEN_050,2026-01-23,DEN,UTA,False,False,21.2,12,4,3,1,0,2,2,2,1,True
SYN0007,Synthetic Player 007,2025-26,2025-26_DEN_051,2026-01-24,DEN,WAS,True,False,19.4,16,5,4,1,0,1,1,2,2,True
SYN0007,Synthetic Player 007,2025-26,2025-26_DEN_052,2026-01-26,DEN,ATL,False,False,18.4,20,3,3,0,0,1,1,2,3,True
SYN0007,Synthetic Player 007,2025-26,2025-26_DEN_053,2026-01-28,DEN,BOS,True,False,18.5,12,3,2,1,1,1,1,2,1,True
SYN0007,Synthetic Player 007,2025-26,2025-26_DEN_054,2026-01-30,DEN,BKN,False,False,19.6,8,2,2,1,0,2,2,1,1,True
SYN0007,Synthetic Player 007,2025-26,2025-26_DEN_055,2026-02-01,DEN,CHA,True,False,21.5,14,4,2,1,0,1,2,3,1,True
SYN0007,Synthetic Player 007,2025-26,2025-26_DEN_056,2026-02-03,DEN,CHI,False,False,21.1,18,3,4,1,0,1,2,2,3,True
SYN0007,Synthetic Player 007,2025-26,2025-26_DEN_057,2026-02-04,DEN,CLE,True,False,12.5,8,2,1,0,0,1,1,1,1,True
SYN0007,Synthetic Player 007,2025-26,2025-26_DEN_058,2026-02-06,DEN,DAL,False,False,20.5,15,3,4,1,0,1,1,1,2,True
SYN0007,Synthetic Player 007,2025-26,2025-26_DEN_059,2026-02-08,DEN,DEN,True,True,24.8,27,3,2,1,0,2,1,4,3,True
SYN0007,Synthetic Player 007,2025-26,2025-26_DEN_060,2026-02-11,DEN,DET,False,False,19.2,18,2,3,1,0,1,1,4,1,True
SYN0007,Synthetic Player 007,2025-26,2025-26_DEN_073,2026-03-07,DEN,ORL,True,False,23.1,24,3,3,1,1,2,1,3,3,True
SYN0007,Synthetic Player 007,2025-26,2025-26_DEN_074,2026-03-09,DEN,PHI,False,False,18.1,11,4,2,1,0,1,1,3,2,True
SYN0007,Synthetic Player 007,2025-26,2025-26_DEN_075,2026-03-11,DEN,PHX,True,False,21.0,15,5,3,1,0,2,1,3,1,True
SYN0007,Synthetic Player 007,2025-26,2025-26_DEN_076,2026-03-13,DEN,POR,False,True,32.1,20,6,4,1,1,2,2,3,2,True
SYN0007,Synthetic Player 007,2025-26,2025-26_DEN_077,2026-03-14,DEN,SAC,True,False,14.5,8,3,2,0,0,1,1,1,1,True
SYN0007,Synthetic Player 007,2025-26,2025-26_DEN_078,2026-03-15,DEN,SAS,False,False,9.1,6,1,1,0,0,1,1,1,1,True
SYN0007,Synthetic Player 007,2025-26,2025-26_DEN_079,2026-03-16,DEN,TOR,True,False,22.5,17,4,2,1,0,2,2,2,2,True
SYN0008,Synthetic Player 008,2025-26,2025-26_DET_000,2025-10-23,DET,GSW,False,False,19.5,9,4,1,1,0,1,2,1,0,True
SYN0008,Synthetic Player 008,2025-26,2025-26_DET_001,2025-10-25,DET,HOU,True,True,24.2,9,4,1,0,0,1,2,1,0,True
SYN0008,Synthetic Player 008,2025-26,2025-26_DET_008,2025-11-04,DET,MIN,False,False,20.8,10,4,2,1,1,1,1,1,1,True
SYN0008,Synthetic Player 008,2025-26,2025-26_DET_009,2025-11-07,DET,NOP,True,False,15.1,4,4,1,0,0,1,1,0,0,True
SYN0008,Synthetic Player 008,2025-26,2025-26_DET_010,2025-11-09,DET,NYK,False,False,22.9,9,3,1,0,1,1,2,1,1,True
SYN0008,Synthetic Player 008,2025-26,2025-26_DET_011,2025-11-11,DET,OKC,True,False,22.4,9,4,2,1,1,1,1,1,1,True
SYN0008,Synthetic Player 008,2025-26,2025-26_DET_012,2025-11-14,DET,ORL,False,False,22.7,5,5,2,1,1,1,2,1,0,True
SYN0008,Synthetic Player 008,2025-26,2025-26_DET_013,2025-11-16,DET,PHI,True,False,22.4,4,4,2,0,1,2,2,1,0,True
SYN0008,Synthetic Player 008,2025-26,2025-26_DET_014,2025-11-18,DET,PHX,False,False,19.8,5,3,1,0,1,1,2,1,0,True
SYN0008,Synthetic Player 008,2025-26,2025-26_DET_015,2025-11-20,DET,POR,True,False,19.5,7,4,1,0,0,1,1,2,0,True
SYN0008,Synthetic Player 008,2025-26,2025-26_DET_016,2025-11-22,DET,SAC,False,False,20.3,9,4,2,1,1,1,2,1,0,True
SYN0008,Synthetic Player 008,2025-26,2025-26_DET_017,2025-11-24,DET,SAS,True,False,22.8,9,5,1,1,1,2,1,1,1,True
SYN0008,Synthetic Player 008,2025-26,2025-26_DET_018,2025-11-26,DET,TOR,False,True,24.9,8,4,2,0,1,1,2,1,1,True
SYN0008,Synthetic Player 008,2025-26,2025-26_DET_019,2025-11-28,DET,UTA,True,False,16.2,5,2,1,1,1,1,1,1,0,True
SYN0008,Synthetic Player 008,2025-26,2025-26_DET_020,2025-11-29,DET,WAS,False,False,16.2,5,3,1,1,0,1,2,1,1,True
SYN0008,Synthetic Player 008,2025-26,2025-26_DET_021,2025-12-01,DET,ATL,True,False,12.6,4,3,1,0,0,1,1,1,0,True
SYN0008,Synthetic Player 008,2025-26,2025-26_DET_022,2025-12-03,DET,BOS,False,False,20.6,7,3,2,0,1,1,1,1,0,True
SYN0008,Synthetic Player 008,2025-26,2025-26_DET_023,2025-12-05,DET,BKN,True,False,16.1,6,4,2,0,1,1,1,1,0,True
SYN0008,Synthetic Player 008,2025-26,2025-26_DET_024,2025-12-07,DET,CHA,False,False,22.0,4,3,1,0,1,1,1,1,0,True
SYN0008,Synthetic Player 008,2025-26,2025-26_DET_025,2025-12-09,DET,CHI,True,False,11.3,5,2,1,0,0,1,1,1,0,True
SYN0008,Synthetic Player 008,2025-26,2025-26_DET_027,2025-12-13,DET,DAL,True,False,19.5,9,5,2,0,0,1,1,1,1,True
SYN0008,Synthetic Player 008,2025-26,2025-26_DET_028,2025-12-14,DET,DEN,False,False,16.6,8,5,1,1,0,1,1,1,0,True
SYN0008,Synthetic Player 008,2025-26,2025-26_DET_029,2025-12-16,DET,DET,True,False,16.1,4,3,1,0,1,1,2,1,0,True
SYN0008,Synthetic Player 008,2025-26,2025-26_DET_030,2025-12-17,DET,GSW,False,True,24.2,9,5,1,0,1,1,2,2,1,True
SYN0008,Synthetic Player 008,2025-26,2025-26_DET_031,2025-12-19,DET,HOU,True,False,15.0,4,3,1,0,0,1,1,1,0,True
SYN0008,Synthetic Player 008,2025-26,2025-26_DET_032,2025-12-20,DET,IND,False,False,17.5,5,2,1,0,1,1,1,1,0,True
SYN0008,Synthetic Player 008,2025-26,2025-26_DET_033,2025-12-22,DET,LAC,True,False,21.9,11,4,1,0,1,1,2,1,0,True
SYN0008,Synthetic Player 008,2025-26,2025-26_DET_034,2025-12-24,DET,LAL,False,False,20.3,8,3,1,1,1,1,1,1,1,True
SYN0008,Synthetic Player 008,2025-26,2025-26_DET_035,2025-12-26,DET,MEM,True,False,15.0,5,4,1,0,0,1,1,1,0,True
SYN0008,Synthetic Player 008,2025-26,2025-26_DET_036,2025-12-28,DET,MIA,False,False,21.2,4,6,1,1,0,1,1,1,0,True
SYN0008,Synthetic Player 008,2025-26,2025-26_DET_037,2025-12-30,DET,MIL,True,False,20.9,8,4,2,1,1,1,1,1,0,True
SYN0008,Synthetic Player 008,2025-26,2025-26_DET_038,2025-12-31,DET,MIN,False,False,23.7,9,4,2,1,0,1,1,1,1,True
SYN0008,Synthetic Player 008,2025-26,2025-26_DET_039,2026-01-02,DET,NOP,True,True,28.9,12,6,2,1,1,2,2,2,1,True
SYN0008,Synthetic Player 008,2025-26,2025-26_DET_040,2026-01-04,DET,NYK,False,False,15.1,5,3,1,0,0,1,1,1,1,True
SYN0008,Synthetic Player 008,2025-26,2025-26_DET_041,2026-01-06,DET,OKC,True,False,11.4,4,2,1,0,0,0,1,1,0,True
SYN0008,Synthetic Player 008,2025-26,2025-26_DET_042,2026-01-08,DET,ORL,False,False,13.8,6,3,1,0,0,1,1,2,0,True
SYN0008,Synthetic Player 008,2025-26,2025-26_DET_043,2026-01-10,DET,PHI,True,False,13.6,7,3,1,0,0,1,1,1,0,True
SYN0008,Synthetic Player 008,2025-26,2025-26_DET_044,2026-01-12,DET,PHX,False,False,22.9,11,6,1,1,1,1,2,2,1,True
SYN0008,Synthetic Player 008,2025-26,2025-26_DET_051,2026-01-22,DET,ATL,True,False,9.1,4,2,1,0,0,0,1,1,0,True
SYN0008,Synthetic Player 008,2025-26,2025-26_DET_052,2026-01-24,DET,BOS,False,False,15.5,5,3,1,0,1,1,1,0,0,True
SYN0008,Synthetic Player 008,2025-26,2025-26_DET_053,2026-01-26,DET,BKN,True,False,15.2,5,3,1,0,1,1,1,1,0,True
SYN0008,Synthetic Player 008,2025-26,2025-26_DET_054,2026-01-28,DET,CHA,False,False,14.6,6,3,1,0,0,1,1,1,0,True
SYN0008,Synthetic Player 008,2025-26,2025-26_DET_055,2026-01-29,DET,CHI,True,False,12.1,3,2,1,0,0,0,1,0,0,True
SYN0008,Synthetic Player 008,2025-26,2025-26_DET_056,2026-01-31,DET,CLE,False,False,15.0,5,4,1,0,1,1,1,1,0,True
SYN0008,Synthetic Player 008,2025-26,2025-26_DET_057,2026-02-01,DET,DAL,True,False,16.2,6,3,1,0,1,1,1,1,0,True
SYN0008,Synthetic Player 008,2025-26,2025-26_DET_058,2026-02-03,DET,DEN,False,False,22.7,7,5,1,1,1,1,2,1,0,True
SYN0008,Synthetic Player 008,2025-26,2025-26_DET_059,2026-02-05,DET,DET,True,False,16.1,9,2,1,1,1,1,1,1,1,True
SYN0008,Synthetic Player 008,2025-26,2025-26_DET_060,2026-02-08,DET,GSW,False,False,10.7,3,2,1,0,0,1,1,0,0,True
SYN0008,Synthetic Player 008,2025-26,2025-26_DET_061,2026-02-09,DET,HOU,True,False,19.7,7,5,1,0,0,1,2,1,0,True
SYN0008,Synthetic Player 008,2025-26,2025-26_DET_062,2026-02-11,DET,IND,False,False,21.9,5,4,1,0,1,1,1,1,0,True
SYN0008,Synthetic Player 008,2025-26,2025-26_DET_063,2026-02-13,DET,LAC,True,False,18.3,6,5,2,0,0,1,1,1,0,True
SYN0008,Synthetic Player 008,2025-26,2025-26_DET_064,2026-02-15,DET,LAL,False,True,27.0,10,4,2,1,1,1,2,1,1,True
SYN0008,Synthetic Player 008,2025-26,2025-26_DET_065,2026-02-17,DET,MEM,True,False,14.9,7,3,1,0,0,1,1,1,1,True
SYN0008,Synthetic Player 008,2025-26,2025-26_DET_066,2026-02-19,DET,MIA,False,False,20.1,7,5,2,0,0,1,1,1,1,True
SYN0008,Synthetic Player 008,2025-26,2025-26_DET_067,2026-02-21,DET,MIL,True,False,16.5,5,5,1,0,1,1,1,1,0,True
SYN0008,Synthetic Player 008,2025-26,2025-26_DET_068,2026-02-23,DET,MIN,False,False,18.1,7,4,1,0,1,2,1,1,0,True
SYN0008,Synthetic Player 008,2025-26,2025-26_DET_072,2026-02-28,DET,ORL,False,False,23.7,11,5,2,1,1,2,2,1,1,True
SYN0008,Synthetic Player 008,2025-26,2025-26_DET_074,2026-03-03,DET,PHX,False,False,15.0,6,2,1,0,1,1,2,1,1,True
SYN0008,Synthetic Player 008,2025-26,2025-26_DET_075,2026-03-06,DET,POR,True,False,16.9,8,4,1,0,0,1,1,1,0,True
SYN0008,Synthetic Player 008,2025-26,2025-26_DET_076,2026-03-08,DET,SAC,False,False,8.5,5,1,1,0,0,0,1,1,0,True
SYN0008,Synthetic Player 008,2025-26,2025-26_DET_077,2026-03-10,DET,SAS,True,False,10.9,5,2,1,0,0,0,1,0,0,True
SYN0008,Synthetic Player 008,2025-26,2025-26_DET_078,2026-03-12,DET,TOR,False,False,18.5,10,3,2,0,0,1,1,3,1,True
SYN0008,Synthetic Player 008,2025-26,2025-26_DET_079,2026-03-14,DET,UTA,True,False,22.7,7,5,1,1,1,1,1,1,1,True
SYN0008,Synthetic Player 008,2025-26,2025-26_DET_080,2026-03-15,DET,WAS,False,True,25.1,11,6,2,1,0,1,2,2,1,True
SYN0008,Synthetic Player 008,2025-26,2025-26_DET_081,2026-03-17,DET,ATL,True,False,13.8,3,3,1,0,0,1,1,0,0,True
SYN0009,Synthetic Player 009,2025-26,2025-26_GSW_000,2025-10-21,GSW,HOU,False,False,23.5,5,6,1,1,1,1,2,1,0,True
SYN0009,Synthetic Player 009,2025-26,2025-26_GSW_001,2025-10-23,GSW,IND,True,True,27.3,7,5,1,1,1,2,2,1,0,True
SYN0009,Synthetic Player 009,2025-26,2025-26_GSW_002,2025-10-25,GSW,LAC,False,False,19.6,8,3,1,0,1,1,1,1,0,True
SYN0009,Synthetic Player 009,2025-26,2025-26_GSW_003,2025-10-27,GSW,LAL,True,False,20.8,3,4,1,0,2,1,2,1,0,True
SYN0009,Synthetic Player 009,2025-26,2025-26_GSW_004,2025-10-29,GSW,MEM,False,True,25.0,7,4,1,1,1,1,2,1,0,True
SYN0009,Synthetic Player 009,2025-26,2025-26_GSW_011,2025-11-08,GSW,ORL,True,True,31.4,9,6,1,1,1,2,2,1,0,True
SYN0009,Synthetic Player 009,2025-26,2025-26_GSW_012,2025-11-09,GSW,PHI,False,True,30.9,14,7,3,1,2,1,2,2,0,True
SYN0009,Synthetic Player 009,2025-26,2025-26_GSW_013,2025-11-11,GSW,PHX,True,True,27.2,13,6,2,1,2,1,2,3,0,True
SYN0009,Synthetic Player 009,2025-26,2025-26_GSW_014,2025-11-14,GSW,POR,False,True,26.2,5,7,2,0,2,1,2,1,0,True
SYN0009,Synthetic Player 009,2025-26,2025-26_GSW_015,2025-11-16,GSW,SAC,True,False,15.4,7,5,1,0,1,1,1,1,0,True
SYN0009,Synthetic Player 009,2025-26,2025-26_GSW_016,2025-11-18,GSW,SAS,False,False,22.8,4,3,1,1,1,1,1,1,0,True
SYN0009,Synthetic Player 009,2025-26,2025-26_GSW_017,2025-11-20,GSW,TOR,True,True,28.3,7,9,1,1,1,2,2,1,0,True
SYN0009,Synthetic Player 009,2025-26,2025-26_GSW_018,2025-11-22,GSW,UTA,False,True,32.8,11,8,3,0,1,2,3,2,1,True
SYN0009,Synthetic Player 009,2025-26,2025-26_GSW_019,2025-11-24,GSW,WAS,True,True,27.9,12,6,3,0,1,2,2,2,0,True
SYN0009,Synthetic Player 009,2025-26,2025-26_GSW_020,2025-11-25,GSW,ATL,False,False,23.8,5,6,1,1,1,1,2,1,0,True
SYN0009,Synthetic Player 009,2025-26,2025-26_GSW_021,2025-11-26,GSW,BOS,True,True,35.3,18,10,1,0,2,3,4,2,1,True
SYN0009,Synthetic Player 009,2025-26,2025-26_GSW_025,2025-12-04,GSW,CLE,True,True,25.7,7,7,2,1,2,1,2,1,0,True
SYN0009,Synthetic Player 009,2025-26,2025-26_GSW_026,2025-12-06,GSW,DAL,False,True,32.3,7,4,3,1,2,2,3,1,0,True
SYN0009,Synthetic Player 009,2025-26,2025-26_GSW_027,2025-12-08,GSW,DEN,True,True,38.6,7,8,3,1,2,2,4,1,0,True
SYN0009,Synthetic Player 009,2025-26,2025-26_GSW_028,2025-12-10,GSW,DET,False,True,25.2,12,6,2,1,1,2,2,2,0,True
SYN0009,Synthetic Player 009,2025-26,2025-26_GSW_029,2025-12-12,GSW,GSW,True,True,30.5,9,6,2,1,1,1,2,1,0,True
SYN0009,Synthetic Player 009,2025-26,2025-26_GSW_030,2025-12-14,GSW,HOU,False,True,24.6,13,7,3,1,1,2,2,1,0,True
SYN0009,Synthetic Player 009,2025-26,2025-26_GSW_031,2025-12-16,GSW,IND,True,True,26.3,4,6,2,1,1,1,2,1,0,True
SYN0009,Synthetic Player 009,2025-26,2025-26_GSW_032,2025-12-18,GSW,LAC,False,True,30.0,10,10,1,1,1,2,2,2,1,True
SYN0009,Synthetic Player 009,2025-26,2025-26_GSW_033,2025-12-19,GSW,LAL,True,True,25.6,5,4,1,1,1,1,2,1,0,True
SYN0009,Synthetic Player 009,2025-26,2025-26_GSW_034,2025-12-20,GSW,MEM,False,False,23.2,8,8,2,1,1,1,2,2,0,True
SYN0009,Synthetic Player 009,2025-26,2025-26_GSW_035,2025-12-23,GSW,MIA,True,True,29.2,10,6,3,1,1,1,2,2,0,True
SYN0009,Synthetic Player 009,2025-26,2025-26_GSW_036,2025-12-25,GSW,MIL,False,True,24.6,9,5,1,0,1,1,2,1,0,True
SYN0009,Synthetic Player 009,2025-26,2025-26_GSW_037,2025-12-27,GSW,MIN,True,False,19.3,9,6,2,0,1,1,2,1,0,True
SYN0009,Synthetic Player 009,2025-26,2025-26_GSW_038,2025-12-29,GSW,NOP,False,True,26.0,9,6,1,1,2,1,2,1,0,True
SYN0009,Synthetic Player 009,2025-26,2025-26_GSW_039,2025-12-31,GSW,NYK,True,True,26.0,7,7,1,1,1,2,2,1,0,True
SYN0009,Synthetic Player 009,2025-26,2025-26_GSW_040,2026-01-02,GSW,OKC,False,True,27.9,8,10,3,1,1,1,2,2,0,True
SYN0009,Synthetic Player 009,2025-26,2025-26_GSW_041,2026-01-04,GSW,ORL,True,True,28.7,13,4,2,1,2,1,2,2,0,True
SYN0009,Synthetic Player 009,2025-26,2025-26_GSW_042,2026-01-06,GSW,PHI,False,True,33.3,11,12,2,0,2,2,3,1,0,True
SYN0009,Synthetic Player 009,2025-26,2025-26_GSW_043,2026-01-07,GSW,PHX,True,True,25.3,3,8,1,1,1,1,2,0,0,True
SYN0009,Synthetic Player 009,2025-26,2025-26_GSW_044,2026-01-08,GSW,POR,False,False,19.1,8,7,2,0,1,1,2,1,0,True
SYN0009,Synthetic Player 009,2025-26,2025-26_GSW_045,2026-01-10,GSW,SAC,True,True,30.9,8,5,1,0,2,2,3,2,0,True
SYN0009,Synthetic Player 009,2025-26,2025-26_GSW_046,2026-01-11,GSW,SAS,False,False,15.7,6,3,1,0,1,1,1,1,0,True
SYN0009,Synthetic Player 009,2025-26,2025-26_GSW_047,2026-01-13,GSW,TOR,True,False,23.3,6,6,2,1,1,2,2,1,0,True
SYN0009,Synthetic Player 009,2025-26,2025-26_GSW_051,2026-01-17,GSW,BOS,True,False,22.7,8,5,1,1,2,1,2,1,0,True
SYN0009,Synthetic Player 009,2025-26,2025-26_GSW_052,2026-01-19,GSW,BKN,False,False,18.2,5,5,1,0,1,1,1,1,0,True
SYN0009,Synthetic Player 009,2025-26,2025-26_GSW_053,2026-01-22,GSW,CHA,True,True,27.9,7,11,2,0,1,1,2,1,0,True
SYN0009,Synthetic Player 009,2025-26,2025-26_GSW_054,2026-01-24,GSW,CHI,False,False,24.0,10,7,2,1,2,1,3,1,0,True
SYN0009,Synthetic Player 009,2025-26,2025-26_GSW_055,2026-01-26,GSW,CLE,True,False,21.5,7,7,1,1,1,1,2,1,0,True
SYN0009,Synthetic Player 009,2025-26,2025-26_GSW_058,2026-02-01,GSW,DET,False,True,29.0,9,8,3,1,2,2,2,2,0,True
SYN0009,Synthetic Player 009,2025-26,2025-26_GSW_059,2026-02-03,GSW,GSW,True,False,21.1,8,7,1,0,1,1,1,2,0,True
SYN0009,Synthetic Player 009,2025-26,2025-26_GSW_060,2026-02-05,GSW,HOU,False,False,15.1,6,3,1,0,0,1,1,1,0,True
SYN0009,Synthetic Player 009,2025-26,2025-26_GSW_061,2026-02-07,GSW,IND,True,True,24.5,6,4,2,1,1,1,3,1,0,True
SYN0009,Synthetic Player 009,2025-26,2025-26_GSW_062,2026-02-09,GSW,LAC,False,True,25.5,9,3,2,1,1,1,2,2,0,True
SYN0009,Synthetic Player 009,2025-26,2025-26_GSW_063,2026-02-11,GSW,LAL,True,False,21.1,6,3,2,0,2,1,2,1,0,True
SYN0009,Synthetic Player 009,2025-26,2025-26_GSW_064,2026-02-12,GSW,MEM,False,True,27.0,14,6,1,1,1,2,2,3,0,True
SYN0009,Synthetic Player 009,2025-26,2025-26_GSW_065,2026-02-13,GSW,MIA,True,True,31.1,7,8,1,1,1,2,3,1,0,True
SYN0009,Synthetic Player 009,2025-26,2025-26_GSW_066,2026-02-15,GSW,MIL,False,True,28.3,10,8,2,1,1,2,2,1,0,True
SYN0009,Synthetic Player 009,2025-26,2025-26_GSW_067,2026-02-16,GSW,MIN,True,True,34.4,12,9,4,1,2,1,3,2,0,True
SYN0009,Synthetic Player 009,2025-26,2025-26_GSW_068,2026-02-18,GSW,NOP,False,True,30.6,5,9,2,1,1,1,2,1,0,True
SYN0009,Synthetic Player 009,2025-26,2025-26_GSW_069,2026-02-19,GSW,NYK,True,True,25.2,6,5,1,1,1,1,2,1,0,True
SYN0009,Synthetic Player 009,2025-26,2025-26_GSW_070,2026-02-21,GSW,OKC,False,True,26.4,13,7,1,1,1,2,2,3,0,True
SYN0009,Synthetic Player 009,2025-26,2025-26_GSW_071,2026-02-23,GSW,ORL,True,False,23.2,7,5,2,1,0,1,2,1,0,True
SYN0009,Synthetic Player 009,2025-26,2025-26_GSW_072,2026-02-24,GSW,PHI,False,True,25.9,5,9,2,0,2,1,2,1,0,True
SYN0009,Synthetic Player 009,2025-26,2025-26_GSW_073,2026-02-26,GSW,PHX,True,False,20.1,15,4,1,1,1,1,2,2,1,True
SYN0009,Synthetic Player 009,2025-26,2025-26_GSW_074,2026-02-28,GSW,POR,False,True,29.8,9,10,2,0,2,1,2,1,0,True
SYN0009,Synthetic Player 009,2025-26,2025-26_GSW_075,2026-03-03,GSW,SAC,True,True,27.5,13,9,1,1,3,1,3,3,0,True
SYN0009,Synthetic Player 009,2025-26,2025-26_GSW_076,2026-03-05,GSW,SAS,False,False,22.7,6,8,3,1,1,1,1,1,0,True
SYN0009,Synthetic Player 009,2025-26,2025-26_GSW_077,2026-03-07,GSW,TOR,True,True,28.1,6,7,1,1,2,1,2,1,0,True
SYN0009,Synthetic Player 009,2025-26,2025-26_GSW_078,2026-03-09,GSW,UTA,False,True,28.2,11,13,2,0,1,2,3,2,0,True
SYN0009,Synthetic Player 009,2025-26,2025-26_GSW_079,2026-03-11,GSW,WAS,True,True,24.7,9,4,2,0,0,2,2,1,0,True
SYN0009,Synthetic Player 009,2025-26,2025-26_GSW_080,2026-03-13,GSW,ATL,False,True,24.1,10,7,2,0,1,2,2,1,0,True
SYN0009,Synthetic Player 009,2025-26,2025-26_GSW_081,2026-03-14,GSW,BOS,True,False,18.7,8,5,1,1,1,1,1,1,0,True
SYN0010,Synthetic Player 010,2025-26,2025-26_HOU_000,2025-10-22,HOU,IND,False,False,23.0,8,2,2,1,0,2,1,1,1,True
SYN0010,Synthetic Player 010,2025-26,2025-26_HOU_021,2025-12-02,HOU,BKN,True,True,24.5,10,1,2,2,0,1,1,1,1,True
SYN0010,Synthetic Player 010,2025-26,2025-26_HOU_022,2025-12-04,HOU,CHA,False,False,21.9,7,3,3,0,0,2,1,1,1,True
SYN0010,Synthetic Player 010,2025-26,2025-26_HOU_023,2025-12-06,HOU,CHI,True,True,27.9,16,2,3,2,0,2,1,2,1,True
SYN0010,Synthetic Player 010,2025-26,2025-26_HOU_024,2025-12-07,HOU,CLE,False,True,33.9,11,2,5,1,0,3,2,1,1,True
SYN0010,Synthetic Player 010,2025-26,2025-26_HOU_031,2025-12-17,HOU,LAC,True,False,21.3,10,2,2,1,0,2,1,2,1,True
SYN0010,Synthetic Player 010,2025-26,2025-26_HOU_034,2025-12-21,HOU,MIA,False,True,25.0,7,4,4,1,0,2,1,1,1,True
SYN0010,Synthetic Player 010,2025-26,2025-26_HOU_035,2025-12-23,HOU,MIL,True,True,30.0,15,3,7,1,0,2,2,3,2,True
SYN0010,Synthetic Player 010,2025-26,2025-26_HOU_038,2025-12-29,HOU,NYK,False,True,27.9,13,3,4,2,0,2,1,2,1,True
SYN0010,Synthetic Player 010,2025-26,2025-26_HOU_039,2025-12-31,HOU,OKC,True,True,26.5,11,3,3,2,0,3,1,1,1,True
SYN0010,Synthetic Player 010,2025-26,2025-26_HOU_040,2026-01-01,HOU,ORL,False,True,28.6,18,4,4,1,0,2,1,1,2,True
SYN0010,Synthetic Player 010,2025-26,2025-26_HOU_041,2026-01-03,HOU,PHI,True,True,27.4,14,3,3,1,0,2,2,2,2,True
SYN0010,Synthetic Player 010,2025-26,2025-26_HOU_042,2026-01-04,HOU,PHX,False,False,21.0,9,2,6,0,0,2,1,1,1,True
SYN0010,Synthetic Player 010,2025-26,2025-26_HOU_047,2026-01-11,HOU,UTA,True,True,27.6,11,3,3,1,0,2,2,2,1,True
SYN0010,Synthetic Player 010,2025-26,2025-26_HOU_048,2026-01-13,HOU,WAS,False,False,17.5,5,2,2,1,0,1,1,1,1,True
SYN0010,Synthetic Player 010,2025-26,2025-26_HOU_049,2026-01-15,HOU,ATL,True,True,26.4,14,3,3,1,0,2,1,3,1,True
SYN0010,Synthetic Player 010,2025-26,2025-26_HOU_050,2026-01-18,HOU,BOS,False,True,33.1,12,4,4,1,0,2,2,2,1,True
SYN0010,Synthetic Player 010,2025-26,2025-26_HOU_051,2026-01-20,HOU,BKN,True,False,22.6,8,2,7,1,0,2,1,1,1,True
SYN0010,Synthetic Player 010,2025-26,2025-26_HOU_052,2026-01-21,HOU,CHA,False,False,22.2,8,4,2,1,0,2,1,1,1,True
SYN0010,Synthetic Player 010,2025-26,2025-26_HOU_053,2026-01-22,HOU,CHI,True,False,22.8,8,2,3,1,0,2,1,2,1,True
SYN0010,Synthetic Player 010,2025-26,2025-26_HOU_054,2026-01-24,HOU,CLE,False,True,26.0,10,3,3,1,0,3,2,3,1,True
SYN0010,Synthetic Player 010,2025-26,2025-26_HOU_055,2026-01-26,HOU,DAL,True,True,27.9,9,2,5,1,0,2,2,2,2,True
SYN0010,Synthetic Player 010,2025-26,2025-26_HOU_056,2026-01-27,HOU,DEN,False,True,27.9,13,3,4,1,0,3,2,2,1,True
SYN0010,Synthetic Player 010,2025-26,2025-26_HOU_057,2026-01-29,HOU,DET,True,True,29.4,19,3,6,1,0,2,2,2,1,True
SYN0010,Synthetic Player 010,2025-26,2025-26_HOU_058,2026-01-31,HOU,GSW,False,False,24.0,5,5,3,1,0,2,2,1,0,True
SYN0010,Synthetic Player 010,2025-26,2025-26_HOU_066,2026-02-16,HOU,MIN,False,True,25.4,18,2,3,1,0,2,2,4,1,True
SYN0010,Synthetic Player 010,2025-26,2025-26_HOU_067,2026-02-18,HOU,NOP,True,True,25.1,11,2,6,1,0,2,1,1,1,True
SYN0010,Synthetic Player 010,2025-26,2025-26_HOU_068,2026-02-20,HOU,NYK,False,False,21.3,10,2,3,1,0,2,1,1,1,True
SYN0010,Synthetic Player 010,2025-26,2025-26_HOU_075,2026-03-03,HOU,SAS,True,True,32.4,17,4,6,2,0,2,2,2,1,True
SYN0010,Synthetic Player 010,2025-26,2025-26_HOU_078,2026-03-09,HOU,WAS,False,True,30.7,9,3,4,0,0,3,2,1,1,True
SYN0010,Synthetic Player 010,2025-26,2025-26_HOU_079,2026-03-11,HOU,ATL,True,False,22.9,7,2,3,1,0,3,1,1,1,True
SYN0010,Synthetic Player 010,2025-26,2025-26_HOU_080,2026-03-12,HOU,BOS,False,True,25.8,11,3,5,1,0,2,1,2,1,True
SYN0011,Synthetic Player 011,2025-26,2025-26_IND_003,2025-10-27,IND,MIA,True,False,23.7,21,2,3,1,0,1,1,5,4,True
SYN0011,Synthetic Player 011,2025-26,2025-26_IND_005,2025-10-30,IND,MIN,True,False,18.0,9,3,4,1,0,1,1,1,1,True
SYN0011,Synthetic Player 011,2025-26,2025-26_IND_007,2025-11-03,IND,NYK,True,False,16.5,9,1,3,1,0,1,1,1,1,True
SYN0011,Synthetic Player 011,2025-26,2025-26_IND_008,2025-11-04,IND,OKC,False,False,18.3,18,3,2,1,0,1,1,3,3,True
SYN0011,Synthetic Player 011,2025-26,2025-26_IND_009,2025-11-06,IND,ORL,True,False,19.5,14,2,3,1,0,1,1,3,2,True
SYN0011,Synthetic Player 011,2025-26,2025-26_IND_010,2025-11-08,IND,PHI,False,False,9.3,5,1,1,0,0,1,0,1,0,True
SYN0011,Synthetic Player 011,2025-26,2025-26_IND_012,2025-11-12,IND,POR,False,False,14.3,10,2,1,0,0,2,1,2,1,True
SYN0011,Synthetic Player 011,2025-26,2025-26_IND_020,2025-11-27,IND,BKN,False,False,13.5,6,1,2,1,0,1,1,1,0,True
SYN0011,Synthetic Player 011,2025-26,2025-26_IND_021,2025-11-28,IND,CHA,True,False,15.2,6,2,1,0,0,1,1,1,1,True
SYN0011,Synthetic Player 011,2025-26,2025-26_IND_022,2025-11-30,IND,CHI,False,False,14.3,8,3,2,0,0,1,1,2,1,True
SYN0011,Synthetic Player 011,2025-26,2025-26_IND_024,2025-12-05,IND,DAL,False,False,13.7,7,2,1,0,0,1,1,1,1,True
SYN0011,Synthetic Player 011,2025-26,2025-26_IND_025,2025-12-06,IND,DEN,True,False,11.7,10,2,1,1,0,1,1,2,1,True
SYN0011,Synthetic Player 011,2025-26,2025-26_IND_027,2025-12-11,IND,GSW,True,False,12.9,6,1,2,1,0,1,1,1,1,True
SYN0011,Synthetic Player 011,2025-26,2025-26_IND_028,2025-12-12,IND,HOU,False,False,17.1,9,2,4,1,0,1,1,2,1,True
SYN0011,Synthetic Player 011,2025-26,2025-26_IND_029,2025-12-15,IND,IND,True,False,18.2,6,1,5,1,0,1,1,1,1,True
SYN0011,Synthetic Player 011,2025-26,2025-26_IND_030,2025-12-17,IND,LAC,False,False,13.6,8,1,1,0,0,1,1,1,2,True
SYN0011,Synthetic Player 011,2025-26,2025-26_IND_031,2025-12-19,IND,LAL,True,False,19.1,8,2,3,1,0,1,1,1,1,True
SYN0011,Synthetic Player 011,2025-26,2025-26_IND_033,2025-12-22,IND,MIA,True,False,15.9,11,3,4,1,0,1,1,2,1,True
SYN0011,Synthetic Player 011,2025-26,2025-26_IND_035,2025-12-26,IND,MIN,True,False,6.3,5,1,1,0,0,0,0,1,1,True
SYN0011,Synthetic Player 011,2025-26,2025-26_IND_036,2025-12-28,IND,NOP,False,False,14.2,14,1,3,0,0,1,1,3,2,True
SYN0011,Synthetic Player 011,2025-26,2025-26_IND_038,2026-01-01,IND,OKC,False,False,11.8,10,1,1,0,0,1,1,1,1,True
SYN0011,Synthetic Player 011,2025-26,2025-26_IND_039,2026-01-03,IND,ORL,True,False,18.4,12,2,3,1,0,1,1,2,1,True
SYN0011,Synthetic Player 011,2025-26,2025-26_IND_040,2026-01-05,IND,PHI,False,False,15.8,19,4,1,0,0,1,1,2,1,True
SYN0011,Synthetic Player 011,2025-26,2025-26_IND_042,2026-01-10,IND,POR,False,False,14.0,7,2,1,0,0,1,1,1,1,True
SYN0011,Synthetic Player 011,2025-26,2025-26_IND_043,2026-01-11,IND,SAC,True,False,15.9,12,4,1,0,0,1,1,1,1,True
SYN0011,Synthetic Player 011,2025-26,2025-26_IND_047,2026-01-17,IND,WAS,True,False,17.9,11,4,1,1,0,1,1,2,1,True
SYN0011,Synthetic Player 011,2025-26,2025-26_IND_048,2026-01-18,IND,ATL,False,False,23.5,16,2,2,0,0,2,2,3,2,True
SYN0011,Synthetic Player 011,2025-26,2025-26_IND_049,2026-01-20,IND,BOS,True,False,14.3,9,2,2,1,0,1,1,1,1,True
SYN0011,Synthetic Player 011,2025-26,2025-26_IND_050,2026-01-22,IND,BKN,False,False,12.1,8,2,2,0,0,1,1,1,1,True
SYN0011,Synthetic Player 011,2025-26,2025-26_IND_051,2026-01-24,IND,CHA,True,False,20.6,13,3,3,1,0,1,2,3,1,True
SYN0011,Synthetic Player 011,2025-26,2025-26_IND_052,2026-01-27,IND,CHI,False,False,17.3,10,2,3,0,0,1,1,1,1,True
SYN0011,Synthetic Player 011,2025-26,2025-26_IND_053,2026-01-28,IND,CLE,True,False,7.4,4,1,1,0,0,0,1,0,0,True
SYN0011,Synthetic Player 011,2025-26,2025-26_IND_054,2026-01-30,IND,DAL,False,False,10.9,3,1,1,0,0,1,1,0,0,True
SYN0011,Synthetic Player 011,2025-26,2025-26_IND_055,2026-01-31,IND,DEN,True,False,7.2,7,0,0,0,0,1,0,1,1,True
SYN0011,Synthetic Player 011,2025-26,2025-26_IND_062,2026-02-15,IND,MEM,False,False,10.3,4,2,1,0,0,1,1,1,1,True
SYN0011,Synthetic Player 011,2025-26,2025-26_IND_063,2026-02-17,IND,MIA,True,False,21.3,15,4,3,1,0,1,1,3,2,True
SYN0011,Synthetic Player 011,2025-26,2025-26_IND_064,2026-02-18,IND,MIL,False,False,18.4,12,2,3,1,0,1,1,2,1,True
SYN0011,Synthetic Player 011,2025-26,2025-26_IND_065,2026-02-21,IND,MIN,True,False,11.8,5,1,2,1,0,1,0,1,1,True
SYN0011,Synthetic Player 011,2025-26,2025-26_IND_066,2026-02-22,IND,NOP,False,False,12.3,6,2,1,0,0,1,1,1,1,True
SYN0011,Synthetic Player 011,2025-26,2025-26_IND_067,2026-02-23,IND,NYK,True,False,17.2,8,4,2,1,0,1,1,2,1,True
SYN0011,Synthetic Player 011,2025-26,2025-26_IND_068,2026-02-24,IND,OKC,False,False,16.3,6,1,3,0,0,1,1,1,1,True
SYN0011,Synthetic Player 011,2025-26,2025-26_IND_069,2026-02-26,IND,ORL,True,False,21.3,10,4,2,1,0,1,1,1,1,True
SYN0011,Synthetic Player 011,2025-26,2025-26_IND_077,2026-03-12,IND,WAS,True,False,12.2,9,1,2,0,0,0,1,2,1,True
SYN0011,Synthetic Player 011,2025-26,2025-26_IND_078,2026-03-13,IND,ATL,False,False,15.0,13,2,1,1,0,1,1,4,1,True
SYN0012,Synthetic Player 012,2025-26,2025-26_LAC_000,2025-10-21,LAC,LAL,False,False,22.0,9,4,3,1,0,1,1,1,1,True
SYN0012,Synthetic Player 012,2025-26,2025-26_LAC_001,2025-10-23,LAC,MEM,True,True,28.3,21,5,3,1,0,2,2,4,2,True
SYN0012,Synthetic Player 012,2025-26,2025-26_LAC_002,2025-10-26,LAC,MIA,False,True,31.5,15,6,3,2,1,2,2,2,2,True
SYN0012,Synthetic Player 012,2025-26,2025-26_LAC_003,2025-10-28,LAC,MIL,True,True,28.2,14,5,4,1,0,2,2,3,2,True
SYN0012,Synthetic Player 012,2025-26,2025-26_LAC_005,2025-11-01,LAC,NOP,True,True,27.5,13,5,4,1,0,2,2,2,1,True
SYN0012,Synthetic Player 012,2025-26,2025-26_LAC_006,2025-11-02,LAC,NYK,False,True,25.9,17,4,3,1,1,1,2,4,2,True
SYN0012,Synthetic Player 012,2025-26,2025-26_LAC_009,2025-11-07,LAC,PHI,True,True,25.1,8,3,3,1,0,1,2,1,1,True
SYN0012,Synthetic Player 012,2025-26,2025-26_LAC_012,2025-11-12,LAC,SAC,False,True,28.5,13,5,5,1,1,2,2,3,1,True
SYN0012,Synthetic Player 012,2025-26,2025-26_LAC_013,2025-11-14,LAC,SAS,True,True,26.9,12,4,3,1,0,2,2,1,2,True
SYN0012,Synthetic Player 012,2025-26,2025-26_LAC_014,2025-11-15,LAC,TOR,False,True,25.8,14,5,5,1,0,1,2,2,1,True
SYN0012,Synthetic Player 012,2025-26,2025-26_LAC_015,2025-11-17,LAC,UTA,True,True,24.5,13,4,3,1,0,2,2,2,2,True
SYN0012,Synthetic Player 012,2025-26,2025-26_LAC_016,2025-11-18,LAC,WAS,False,False,16.3,7,2,3,1,0,1,1,1,1,True
SYN0012,Synthetic Player 012,2025-26,2025-26_LAC_017,2025-11-19,LAC,ATL,True,True,26.2,11,3,4,1,1,2,2,2,1,True
SYN0012,Synthetic Player 012,2025-26,2025-26_LAC_033,2025-12-16,LAC,MIL,True,True,30.6,16,6,4,1,1,2,2,2,2,True
SYN0012,Synthetic Player 012,2025-26,2025-26_LAC_034,2025-12-18,LAC,MIN,False,True,28.5,13,4,3,1,0,2,2,3,2,True
SYN0012,Synthetic Player 012,2025-26,2025-26_LAC_035,2025-12-19,LAC,NOP,True,False,18.2,10,4,2,0,0,1,1,2,2,True
SYN0012,Synthetic Player 012,2025-26,2025-26_LAC_036,2025-12-21,LAC,NYK,False,True,33.7,14,5,4,1,0,2,3,2,2,True
SYN0012,Synthetic Player 012,2025-26,2025-26_LAC_037,2025-12-23,LAC,OKC,True,False,23.1,12,3,3,1,0,1,2,1,1,True
SYN0012,Synthetic Player 012,2025-26,2025-26_LAC_043,2026-01-06,LAC,SAS,True,True,24.9,9,5,2,1,0,2,1,1,1,True
SYN0012,Synthetic Player 012,2025-26,2025-26_LAC_045,2026-01-09,LAC,UTA,True,True,28.3,17,4,4,1,0,1,2,3,2,True
SYN0012,Synthetic Player 012,2025-26,2025-26_LAC_046,2026-01-11,LAC,WAS,False,False,20.5,8,4,3,1,0,1,1,1,1,True
SYN0012,Synthetic Player 012,2025-26,2025-26_LAC_047,2026-01-13,LAC,ATL,True,True,28.5,14,5,4,1,1,2,2,2,2,True
SYN0012,Synthetic Player 012,2025-26,2025-26_LAC_048,2026-01-15,LAC,BOS,False,False,21.3,13,3,3,0,0,1,2,2,2,True
SYN0012,Synthetic Player 012,2025-26,2025-26_LAC_049,2026-01-17,LAC,BKN,True,True,27.8,14,4,4,1,1,2,2,3,2,True
SYN0012,Synthetic Player 012,2025-26,2025-26_LAC_050,2026-01-19,LAC,CHA,False,False,23.6,11,4,4,1,0,2,2,2,1,True
SYN0012,Synthetic Player 012,2025-26,2025-26_LAC_051,2026-01-20,LAC,CHI,True,True,25.2,15,3,2,1,0,1,2,2,2,True
SYN0012,Synthetic Player 012,2025-26,2025-26_LAC_054,2026-01-27,LAC,DEN,False,False,22.8,14,5,4,1,0,1,1,2,1,True
SYN0012,Synthetic Player 012,2025-26,2025-26_LAC_055,2026-01-29,LAC,DET,True,False,21.5,17,4,2,1,0,1,1,3,2,True
SYN0012,Synthetic Player 012,2025-26,2025-26_LAC_069,2026-02-22,LAC,PHI,True,True,28.6,15,4,3,1,1,2,2,3,2,True
SYN0012,Synthetic Player 012,2025-26,2025-26_LAC_070,2026-02-24,LAC,PHX,False,False,17.8,9,2,2,0,0,1,1,1,1,True
SYN0012,Synthetic Player 012,2025-26,2025-26_LAC_071,2026-02-26,LAC,POR,True,True,25.6,23,4,3,1,1,2,2,4,1,True
SYN0012,Synthetic Player 012,2025-26,2025-26_LAC_072,2026-03-01,LAC,SAC,False,False,23.1,11,4,3,1,0,1,1,2,2,True
SYN0012,Synthetic Player 012,2025-26,2025-26_LAC_075,2026-03-07,LAC,UTA,True,True,27.8,12,6,5,1,0,2,2,2,1,True
SYN0012,Synthetic Player 012,2025-26,2025-26_LAC_076,2026-03-09,LAC,WAS,False,False,22.5,13,4,2,1,1,2,1,2,1,True
SYN0013,Synthetic Player 013,2025-26,2025-26_LAL_000,2025-10-22,LAL,MEM,False,True,28.2,9,4,2,1,1,1,2,1,0,True
SYN0013,Synthetic Player 013,2025-26,2025-26_LAL_002,2025-10-26,LAL,MIL,False,True,30.0,13,5,2,1,1,2,2,2,1,True
SYN0013,Synthetic Player 013,2025-26,2025-26_LAL_003,2025-10-27,LAL,MIN,True,True,27.6,4,4,4,1,1,2,2,1,0,True
SYN0013,Synthetic Player 013,2025-26,2025-26_LAL_004,2025-10-29,LAL,NOP,False,True,33.0,12,6,3,1,1,2,2,1,1,True
SYN0013,Synthetic Player 013,2025-26,2025-26_LAL_005,2025-10-31,LAL,NYK,True,True,27.9,18,4,2,1,1,2,2,3,2,True
SYN0013,Synthetic Player 013,2025-26,2025-26_LAL_006,2025-11-02,LAL,OKC,False,False,23.4,9,3,2,1,1,1,2,2,1,True
SYN0013,Synthetic Player 013,2025-26,2025-26_LAL_007,2025-11-03,LAL,ORL,True,False,20.7,14,6,2,1,1,1,2,2,1,True
SYN0013,Synthetic Player 013,2025-26,2025-26_LAL_008,2025-11-05,LAL,PHI,False,True,32.4,9,5,3,1,1,1,2,2,1,True
SYN0013,Synthetic Player 013,2025-26,2025-26_LAL_009,2025-11-06,LAL,PHX,True,True,34.0,13,6,2,1,1,2,2,2,1,True
SYN0013,Synthetic Player 013,2025-26,2025-26_LAL_016,2025-11-17,LAL,ATL,False,True,28.5,9,5,3,1,1,1,2,2,1,True
SYN0013,Synthetic Player 013,2025-26,2025-26_LAL_017,2025-11-19,LAL,BOS,True,True,27.0,14,6,3,0,1,1,2,2,1,True
SYN0013,Synthetic Player 013,2025-26,2025-26_LAL_018,2025-11-22,LAL,BKN,False,False,21.8,9,5,3,1,1,1,2,2,1,True
SYN0013,Synthetic Player 013,2025-26,2025-26_LAL_019,2025-11-25,LAL,CHA,True,True,25.4,7,6,2,1,1,1,2,1,0,True
SYN0013,Synthetic Player 013,2025-26,2025-26_LAL_020,2025-11-27,LAL,CHI,False,True,32.9,10,5,3,1,1,2,2,2,1,True
SYN0013,Synthetic Player 013,2025-26,2025-26_LAL_021,2025-11-29,LAL,CLE,True,True,27.9,6,9,3,1,1,1,2,1,0,True
SYN0013,Synthetic Player 013,2025-26,2025-26_LAL_022,2025-12-02,LAL,DAL,False,True,30.6,14,5,3,1,1,2,2,2,1,True
SYN0013,Synthetic Player 013,2025-26,2025-26_LAL_023,2025-12-03,LAL,DEN,True,True,27.2,11,5,3,1,1,1,2,2,1,True
SYN0013,Synthetic Player 013,2025-26,2025-26_LAL_025,2025-12-06,LAL,GSW,True,True,25.2,6,5,2,1,1,1,2,1,0,True
SYN0013,Synthetic Player 013,2025-26,2025-26_LAL_027,2025-12-09,LAL,IND,True,True,25.1,13,6,3,0,1,1,2,2,1,True
SYN0013,Synthetic Player 013,2025-26,2025-26_LAL_028,2025-12-10,LAL,LAC,False,True,31.6,9,8,3,0,1,2,2,1,1,True
SYN0013,Synthetic Player 013,2025-26,2025-26_LAL_029,2025-12-11,LAL,LAL,True,True,39.0,15,8,2,2,2,3,2,2,1,True
SYN0013,Synthetic Player 013,2025-26,2025-26_LAL_030,2025-12-13,LAL,MEM,False,True,31.5,5,5,3,1,1,2,3,1,0,True
SYN0013,Synthetic Player 013,2025-26,2025-26_LAL_031,2025-12-15,LAL,MIA,True,True,35.3,16,5,4,1,1,1,3,2,1,True
SYN0013,Synthetic Player 013,2025-26,2025-26_LAL_032,2025-12-18,LAL,MIL,False,True,29.1,17,5,3,1,1,2,2,2,1,True
SYN0013,Synthetic Player 013,2025-26,2025-26_LAL_033,2025-12-19,LAL,MIN,True,True,32.6,10,6,3,1,1,1,2,1,0,True
SYN0013,Synthetic Player 013,2025-26,2025-26_LAL_034,2025-12-21,LAL,NOP,False,True,28.6,9,4,3,1,1,1,1,1,0,True
SYN0013,Synthetic Player 013,2025-26,2025-26_LAL_042,2026-01-05,LAL,SAS,False,False,22.7,9,4,3,1,1,1,1,1,1,True
SYN0013,Synthetic Player 013,2025-26,2025-26_LAL_043,2026-01-07,LAL,TOR,True,True,26.6,10,7,2,1,1,1,2,2,1,True
SYN0013,Synthetic Player 013,2025-26,2025-26_LAL_047,2026-01-13,LAL,BOS,True,True,27.3,17,4,4,1,1,2,2,2,1,True
SYN0013,Synthetic Player 013,2025-26,2025-26_LAL_048,2026-01-15,LAL,BKN,False,True,28.5,7,4,3,1,1,1,2,1,1,True
SYN0013,Synthetic Player 013,2025-26,2025-26_LAL_050,2026-01-19,LAL,CHI,False,True,29.8,7,6,1,1,1,1,2,1,1,True
SYN0013,Synthetic Player 013,2025-26,2025-26_LAL_051,2026-01-20,LAL,CLE,True,True,24.2,10,3,1,1,1,1,2,2,1,True
SYN0013,Synthetic Player 013,2025-26,2025-26_LAL_052,2026-01-22,LAL,DAL,False,True,33.9,16,8,2,1,1,2,2,3,1,True
SYN0013,Synthetic Player 013,2025-26,2025-26_LAL_053,2026-01-24,LAL,DEN,True,True,34.1,13,7,2,1,1,2,2,2,1,True
SYN0013,Synthetic Player 013,2025-26,2025-26_LAL_054,2026-01-26,LAL,DET,False,True,36.3,15,8,2,2,1,2,2,4,1,True
SYN0013,Synthetic Player 013,2025-26,2025-26_LAL_055,2026-01-27,LAL,GSW,True,True,31.5,13,5,2,1,0,2,2,2,1,True
SYN0013,Synthetic Player 013,2025-26,2025-26_LAL_056,2026-01-30,LAL,HOU,False,True,30.3,9,6,2,1,1,2,2,1,1,True
SYN0013,Synthetic Player 013,2025-26,2025-26_LAL_057,2026-02-01,LAL,IND,True,True,29.0,16,6,3,1,1,1,2,1,1,True
SYN0013,Synthetic Player 013,2025-26,2025-26_LAL_058,2026-02-03,LAL,LAC,False,True,26.3,9,6,2,1,1,1,2,1,1,True
SYN0013,Synthetic Player 013,2025-26,2025-26_LAL_059,2026-02-05,LAL,LAL,True,True,25.1,11,4,4,1,1,1,2,1,1,True
SYN0013,Synthetic Player 013,2025-26,2025-26_LAL_060,2026-02-06,LAL,MEM,False,True,31.0,14,5,5,1,1,2,3,2,1,True
SYN0013,Synthetic Player 013,2025-26,2025-26_LAL_062,2026-02-09,LAL,MIL,False,True,28.4,10,6,2,1,1,2,2,1,1,True
SYN0013,Synthetic Player 013,2025-26,2025-26_LAL_063,2026-02-11,LAL,MIN,True,True,25.6,11,5,2,1,1,1,2,1,1,True
SYN0013,Synthetic Player 013,2025-26,2025-26_LAL_064,2026-02-13,LAL,NOP,False,False,22.6,10,4,2,0,1,2,2,2,1,True
SYN0013,Synthetic Player 013,2025-26,2025-26_LAL_065,2026-02-16,LAL,NYK,True,True,37.9,14,7,5,2,1,2,2,1,1,True
SYN0013,Synthetic Player 013,2025-26,2025-26_LAL_066,2026-02-19,LAL,OKC,False,True,25.8,12,5,2,1,1,1,2,2,1,True
SYN0013,Synthetic Player 013,2025-26,2025-26_LAL_067,2026-02-21,LAL,ORL,True,True,31.2,9,7,3,1,1,1,3,1,0,True
SYN0013,Synthetic Player 013,2025-26,2025-26_LAL_069,2026-02-23,LAL,PHX,True,False,21.4,11,5,2,1,1,1,1,1,1,True
SYN0013,Synthetic Player 013,2025-26,2025-26_LAL_070,2026-02-25,LAL,POR,False,True,26.9,7,4,3,1,1,1,2,1,0,True
SYN0013,Synthetic Player 013,2025-26,2025-26_LAL_076,2026-03-08,LAL,ATL,False,True,31.4,6,6,3,1,1,2,2,1,0,True
SYN0013,Synthetic Player 013,2025-26,2025-26_LAL_077,2026-03-10,LAL,BOS,True,True,28.9,10,5,3,1,1,2,2,1,1,True
SYN0013,Synthetic Player 013,2025-26,2025-26_LAL_078,2026-03-11,LAL,BKN,False,False,22.8,10,4,3,0,1,1,1,1,1,True
SYN0013,Synthetic Player 013,2025-26,2025-26_LAL_079,2026-03-12,LAL,CHA,True,False,22.7,9,4,2,0,1,1,1,2,1,True
SYN0013,Synthetic Player 013,2025-26,2025-26_LAL_080,2026-03-14,LAL,CHI,False,False,22.7,7,4,3,1,1,1,2,1,0,True
SYN0013,Synthetic Player 013,2025-26,2025-26_LAL_081,2026-03-17,LAL,CLE,True,True,25.4,13,7,3,1,1,1,2,3,1,True
SYN0014,Synthetic Player 014,2025-26,2025-26_MEM_000,2025-10-23,MEM,MIA,False,True,35.9,17,10,4,1,1,2,3,3,0,True
SYN0014,Synthetic Player 014,2025-26,2025-26_MEM_001,2025-10-25,MEM,MIL,True,True,39.6,33,11,3,1,1,3,3,4,1,True
SYN0014,Synthetic Player 014,2025-26,2025-26_MEM_002,2025-10-26,MEM,MIN,False,True,26.3,28,12,3,1,1,3,2,3,1,True
SYN0014,Synthetic Player 014,2025-26,2025-26_MEM_004,2025-10-30,MEM,NYK,False,True,29.8,25,6,3,1,2,1,3,5,1,True
SYN0014,Synthetic Player 014,2025-26,2025-26_MEM_009,2025-11-07,MEM,POR,True,True,34.4,18,9,4,1,1,2,3,3,0,True
SYN0014,Synthetic Player 014,2025-26,2025-26_MEM_010,2025-11-09,MEM,SAC,False,True,36.3,20,13,4,1,1,2,4,3,1,True
SYN0014,Synthetic Player 014,2025-26,2025-26_MEM_011,2025-11-10,MEM,SAS,True,True,39.5,29,10,4,1,2,2,3,3,1,True
SYN0014,Synthetic Player 014,2025-26,2025-26_MEM_013,2025-11-14,MEM,UTA,True,True,35.0,37,14,3,1,2,3,3,9,1,True
SYN0014,Synthetic Player 014,2025-26,2025-26_MEM_014,2025-11-16,MEM,WAS,False,True,42.8,19,10,5,1,2,2,4,3,0,True
SYN0014,Synthetic Player 014,2025-26,2025-26_MEM_015,2025-11-17,MEM,ATL,True,True,34.2,27,17,2,1,2,2,3,3,0,True
SYN0014,Synthetic Player 014,2025-26,2025-26_MEM_017,2025-11-19,MEM,BKN,True,True,37.4,29,9,4,1,1,2,3,5,1,True
SYN0014,Synthetic Player 014,2025-26,2025-26_MEM_018,2025-11-22,MEM,CHA,False,True,31.0,27,10,3,1,2,2,2,3,1,True
SYN0014,Synthetic Player 014,2025-26,2025-26_MEM_019,2025-11-24,MEM,CHI,True,True,38.0,20,13,6,1,2,3,3,3,1,True
SYN0014,Synthetic Player 014,2025-26,2025-26_MEM_022,2025-11-29,MEM,DEN,False,True,40.9,31,14,6,1,1,3,3,4,1,True
SYN0014,Synthetic Player 014,2025-26,2025-26_MEM_023,2025-12-01,MEM,DET,True,True,37.1,19,13,3,1,3,3,3,3,1,True
SYN0014,Synthetic Player 014,2025-26,2025-26_MEM_024,2025-12-03,MEM,GSW,False,True,36.9,25,10,5,1,2,2,3,4,1,True
SYN0014,Synthetic Player 014,2025-26,2025-26_MEM_027,2025-12-08,MEM,LAC,True,True,37.1,26,13,4,1,1,4,2,3,1,True
SYN0014,Synthetic Player 014,2025-26,2025-26_MEM_028,2025-12-10,MEM,LAL,False,True,32.5,24,16,2,2,2,2,3,4,1,True
SYN0014,Synthetic Player 014,2025-26,2025-26_MEM_029,2025-12-11,MEM,MEM,True,True,31.0,26,11,5,1,1,2,2,4,1,True
SYN0014,Synthetic Player 014,2025-26,2025-26_MEM_030,2025-12-12,MEM,MIA,False,True,42.1,36,15,3,1,2,3,4,6,1,True
SYN0014,Synthetic Player 014,2025-26,2025-26_MEM_031,2025-12-14,MEM,MIL,True,True,38.7,18,10,4,1,1,3,4,2,0,True
SYN0014,Synthetic Player 014,2025-26,2025-26_MEM_032,2025-12-15,MEM,MIN,False,True,38.2,29,13,4,1,1,2,2,6,1,True
SYN0014,Synthetic Player 014,2025-26,2025-26_MEM_033,2025-12-16,MEM,NOP,True,True,39.2,23,15,5,1,2,3,2,4,0,True
SYN0014,Synthetic Player 014,2025-26,2025-26_MEM_034,2025-12-18,MEM,NYK,False,True,33.5,20,12,5,1,2,2,3,3,1,True
SYN0014,Synthetic Player 014,2025-26,2025-26_MEM_037,2025-12-26,MEM,PHI,True,True,35.3,27,13,4,1,2,2,3,5,1,True
SYN0014,Synthetic Player 014,2025-26,2025-26_MEM_038,2025-12-27,MEM,PHX,False,True,37.0,22,13,4,1,2,3,3,2,1,True
SYN0014,Synthetic Player 014,2025-26,2025-26_MEM_039,2025-12-29,MEM,POR,True,True,29.5,20,12,4,1,2,2,2,5,1,True
SYN0014,Synthetic Player 014,2025-26,2025-26_MEM_040,2025-12-30,MEM,SAC,False,True,40.9,34,16,4,1,2,3,3,6,1,True
SYN0014,Synthetic Player 014,2025-26,2025-26_MEM_041,2026-01-01,MEM,SAS,True,True,35.4,12,13,4,1,1,3,2,3,1,True
SYN0014,Synthetic Player 014,2025-26,2025-26_MEM_054,2026-01-27,MEM,GSW,False,True,44.0,26,12,8,1,2,3,4,3,1,True
SYN0014,Synthetic Player 014,2025-26,2025-26_MEM_055,2026-01-29,MEM,HOU,True,True,32.2,13,18,7,1,1,2,2,1,0,True
SYN0014,Synthetic Player 014,2025-26,2025-26_MEM_056,2026-01-30,MEM,IND,False,True,37.9,16,17,3,1,2,2,2,2,0,True
SYN0014,Synthetic Player 014,2025-26,2025-26_MEM_057,2026-01-31,MEM,LAC,True,True,43.5,36,25,6,2,2,2,4,5,2,True
SYN0014,Synthetic Player 014,2025-26,2025-26_MEM_058,2026-02-01,MEM,LAL,False,True,37.9,32,12,4,1,2,3,3,4,0,True
SYN0014,Synthetic Player 014,2025-26,2025-26_MEM_073,2026-02-27,MEM,UTA,True,True,34.7,22,16,2,1,3,2,3,4,0,True
SYN0014,Synthetic Player 014,2025-26,2025-26_MEM_074,2026-03-02,MEM,WAS,False,True,32.5,14,14,4,1,1,3,2,2,0,True
SYN0014,Synthetic Player 014,2025-26,2025-26_MEM_075,2026-03-04,MEM,ATL,True,True,35.2,24,12,6,1,2,3,3,3,1,True
SYN0014,Synthetic Player 014,2025-26,2025-26_MEM_076,2026-03-05,MEM,BOS,False,True,43.8,21,13,5,1,2,3,3,2,1,True
SYN0014,Synthetic Player 014,2025-26,2025-26_MEM_079,2026-03-10,MEM,CHI,True,True,41.9,44,11,6,1,2,4,4,7,2,True
SYN0014,Synthetic Player 014,2025-26,2025-26_MEM_080,2026-03-12,MEM,CLE,False,True,32.9,18,17,3,1,2,3,3,3,1,True
SYN0015,Synthetic Player 015,2025-26,2025-26_MIA_000,2025-10-21,MIA,MIL,False,True,25.6,23,3,7,1,0,3,2,2,2,True
SYN0015,Synthetic Player 015,2025-26,2025-26_MIA_001,2025-10-23,MIA,MIN,True,True,29.8,15,5,3,1,0,2,2,2,2,True
SYN0015,Synthetic Player 015,2025-26,2025-26_MIA_002,2025-10-25,MIA,NOP,False,True,28.3,16,4,7,1,0,3,3,2,1,True
SYN0015,Synthetic Player 015,2025-26,2025-26_MIA_003,2025-10-27,MIA,NYK,True,False,21.0,19,3,6,1,0,2,1,2,2,True
SYN0015,Synthetic Player 015,2025-26,2025-26_MIA_004,2025-10-28,MIA,OKC,False,True,27.5,10,3,5,1,0,3,2,1,2,True
SYN0015,Synthetic Player 015,2025-26,2025-26_MIA_005,2025-10-29,MIA,ORL,True,True,26.6,16,4,3,1,0,3,1,3,1,True
SYN0015,Synthetic Player 015,2025-26,2025-26_MIA_006,2025-10-30,MIA,PHI,False,False,20.3,8,3,7,0,0,1,1,1,1,True
SYN0015,Synthetic Player 015,2025-26,2025-26_MIA_007,2025-11-01,MIA,PHX,True,False,18.9,16,2,4,1,0,1,1,2,2,True
SYN0015,Synthetic Player 015,2025-26,2025-26_MIA_008,2025-11-03,MIA,POR,False,False,23.4,9,3,8,0,0,1,2,1,1,True
SYN0015,Synthetic Player 015,2025-26,2025-26_MIA_009,2025-11-05,MIA,SAC,True,False,17.4,5,2,5,0,0,1,1,1,0,True
SYN0015,Synthetic Player 015,2025-26,2025-26_MIA_010,2025-11-07,MIA,SAS,False,True,26.7,18,3,3,1,0,3,2,2,2,True
SYN0015,Synthetic Player 015,2025-26,2025-26_MIA_011,2025-11-09,MIA,TOR,True,True,24.7,11,2,6,1,0,2,1,2,1,True
SYN0015,Synthetic Player 015,2025-26,2025-26_MIA_012,2025-11-11,MIA,UTA,False,False,23.6,15,3,9,1,0,2,2,3,1,True
SYN0015,Synthetic Player 015,2025-26,2025-26_MIA_013,2025-11-13,MIA,WAS,True,True,30.8,26,5,9,1,1,3,2,5,3,True
SYN0015,Synthetic Player 015,2025-26,2025-26_MIA_017,2025-11-21,MIA,CHA,True,False,16.1,12,1,3,1,0,1,1,2,1,True
SYN0015,Synthetic Player 015,2025-26,2025-26_MIA_018,2025-11-22,MIA,CHI,False,True,30.1,35,5,8,1,1,2,2,9,3,True
SYN0015,Synthetic Player 015,2025-26,2025-26_MIA_019,2025-11-23,MIA,CLE,True,False,14.9,10,1,2,1,0,1,1,2,1,True
SYN0015,Synthetic Player 015,2025-26,2025-26_MIA_020,2025-11-26,MIA,DAL,False,False,23.3,11,3,5,1,0,2,1,2,1,True
SYN0015,Synthetic Player 015,2025-26,2025-26_MIA_021,2025-11-28,MIA,DEN,True,True,27.3,16,2,8,1,0,2,2,4,1,True
SYN0015,Synthetic Player 015,2025-26,2025-26_MIA_022,2025-11-29,MIA,DET,False,True,27.7,17,4,5,1,0,2,2,3,1,True
SYN0015,Synthetic Player 015,2025-26,2025-26_MIA_023,2025-12-01,MIA,GSW,True,False,20.2,13,3,5,2,0,2,1,2,2,True
SYN0015,Synthetic Player 015,2025-26,2025-26_MIA_024,2025-12-03,MIA,HOU,False,True,33.4,21,3,9,1,0,2,2,3,3,True
SYN0015,Synthetic Player 015,2025-26,2025-26_MIA_025,2025-12-05,MIA,IND,True,False,21.3,13,3,5,1,0,2,1,2,2,True
SYN0015,Synthetic Player 015,2025-26,2025-26_MIA_026,2025-12-07,MIA,LAC,False,False,23.6,7,3,8,1,0,1,2,1,1,True
SYN0015,Synthetic Player 015,2025-26,2025-26_MIA_027,2025-12-09,MIA,LAL,True,True,25.4,5,2,4,1,0,2,1,1,0,True
SYN0015,Synthetic Player 015,2025-26,2025-26_MIA_028,2025-12-11,MIA,MEM,False,True,35.2,18,4,7,1,1,3,2,3,2,True
SYN0015,Synthetic Player 015,2025-26,2025-26_MIA_029,2025-12-13,MIA,MIA,True,False,20.1,9,3,4,1,0,2,1,1,1,True
SYN0015,Synthetic Player 015,2025-26,2025-26_MIA_030,2025-12-15,MIA,MIL,False,False,21.7,11,2,5,1,0,2,1,2,2,True
SYN0015,Synthetic Player 015,2025-26,2025-26_MIA_031,2025-12-18,MIA,MIN,True,False,12.9,6,1,5,0,0,1,1,1,1,True
SYN0015,Synthetic Player 015,2025-26,2025-26_MIA_035,2025-12-24,MIA,ORL,True,False,17.8,9,2,3,0,0,2,1,2,0,True
SYN0015,Synthetic Player 015,2025-26,2025-26_MIA_036,2025-12-25,MIA,PHI,False,True,24.7,9,4,4,1,0,3,2,1,1,True
SYN0015,Synthetic Player 015,2025-26,2025-26_MIA_040,2026-01-03,MIA,SAS,False,False,22.5,15,2,5,1,0,2,1,1,2,True
SYN0015,Synthetic Player 015,2025-26,2025-26_MIA_041,2026-01-05,MIA,TOR,True,True,24.8,12,3,9,2,0,2,1,2,1,True
SYN0015,Synthetic Player 015,2025-26,2025-26_MIA_042,2026-01-07,MIA,UTA,False,True,31.4,19,5,10,2,0,2,2,3,3,True
SYN0015,Synthetic Player 015,2025-26,2025-26_MIA_043,2026-01-09,MIA,WAS,True,True,25.4,4,4,11,1,0,2,2,1,0,True
SYN0015,Synthetic Player 015,2025-26,2025-26_MIA_044,2026-01-10,MIA,ATL,False,False,21.7,13,3,8,2,0,2,1,3,2,True
SYN0015,Synthetic Player 015,2025-26,2025-26_MIA_045,2026-01-12,MIA,BOS,True,True,24.6,25,3,3,1,0,2,1,2,3,True
SYN0015,Synthetic Player 015,2025-26,2025-26_MIA_046,2026-01-14,MIA,BKN,False,True,28.6,14,2,3,1,0,4,1,2,1,True
SYN0015,Synthetic Player 015,2025-26,2025-26_MIA_047,2026-01-16,MIA,CHA,True,True,27.4,22,6,9,2,0,2,2,3,2,True
SYN0015,Synthetic Player 015,2025-26,2025-26_MIA_049,2026-01-19,MIA,CLE,True,True,28.6,26,4,10,1,0,3,1,3,2,True
SYN0015,Synthetic Player 015,2025-26,2025-26_MIA_050,2026-01-21,MIA,DAL,False,True,24.2,13,4,4,1,0,2,1,2,1,True
SYN0015,Synthetic Player 015,2025-26,2025-26_MIA_051,2026-01-23,MIA,DEN,True,False,20.7,19,1,7,1,0,2,1,3,1,True
SYN0015,Synthetic Player 015,2025-26,2025-26_MIA_052,2026-01-25,MIA,DET,False,True,24.5,11,4,9,1,0,2,1,2,1,True
SYN0015,Synthetic Player 015,2025-26,2025-26_MIA_053,2026-01-26,MIA,GSW,True,True,26.0,19,5,9,1,0,3,1,3,2,True
SYN0015,Synthetic Player 015,2025-26,2025-26_MIA_054,2026-01-27,MIA,HOU,False,True,27.4,22,7,8,1,0,2,1,3,2,True
SYN0015,Synthetic Player 015,2025-26,2025-26_MIA_061,2026-02-07,MIA,MIN,True,False,20.4,16,4,4,1,0,3,1,3,2,True
SYN0015,Synthetic Player 015,2025-26,2025-26_MIA_062,2026-02-08,MIA,NOP,False,False,22.9,12,2,5,1,0,1,1,2,3,True
SYN0015,Synthetic Player 015,2025-26,2025-26_MIA_063,2026-02-09,MIA,NYK,True,False,23.6,16,3,6,2,0,2,2,4,3,True
SYN0015,Synthetic Player 015,2025-26,2025-26_MIA_064,2026-02-11,MIA,OKC,False,False,22.2,18,2,8,1,0,3,1,2,2,True
SYN0015,Synthetic Player 015,2025-26,2025-26_MIA_065,2026-02-13,MIA,ORL,True,True,28.5,9,3,8,3,0,2,2,2,1,True
SYN0015,Synthetic Player 015,2025-26,2025-26_MIA_066,2026-02-15,MIA,PHI,False,False,18.9,7,4,5,1,0,1,1,1,1,True
SYN0015,Synthetic Player 015,2025-26,2025-26_MIA_067,2026-02-16,MIA,PHX,True,False,17.6,9,3,5,0,0,1,1,2,1,True
SYN0015,Synthetic Player 015,2025-26,2025-26_MIA_068,2026-02-18,MIA,POR,False,True,24.9,31,3,12,1,0,2,2,5,4,True
SYN0015,Synthetic Player 015,2025-26,2025-26_MIA_069,2026-02-20,MIA,SAC,True,True,24.1,11,3,2,1,0,2,1,2,1,True
SYN0015,Synthetic Player 015,2025-26,2025-26_MIA_070,2026-02-21,MIA,SAS,False,True,26.8,12,3,6,1,0,4,2,2,3,True
SYN0015,Synthetic Player 015,2025-26,2025-26_MIA_077,2026-03-04,MIA,CHA,True,False,23.4,8,2,4,1,0,1,1,1,1,True
SYN0015,Synthetic Player 015,2025-26,2025-26_MIA_078,2026-03-06,MIA,CHI,False,True,24.4,24,4,4,1,0,2,1,4,3,True
SYN0015,Synthetic Player 015,2025-26,2025-26_MIA_079,2026-03-09,MIA,CLE,True,False,23.0,17,4,3,1,0,3,1,2,2,True
SYN0015,Synthetic Player 015,2025-26,2025-26_MIA_080,2026-03-11,MIA,DAL,False,True,33.0,7,4,9,1,0,3,2,1,2,True
SYN0015,Synthetic Player 015,2025-26,2025-26_MIA_081,2026-03-13,MIA,DEN,True,True,26.7,14,4,4,1,0,2,2,2,2,True
SYN0016,Synthetic Player 016,2025-26,2025-26_MIL_003,2025-10-28,MIL,OKC,True,False,23.8,34,2,2,1,0,0,1,9,3,True
SYN0016,Synthetic Player 016,2025-26,2025-26_MIL_004,2025-10-30,MIL,ORL,False,False,13.8,1,2,1,0,0,1,1,0,0,True
SYN0016,Synthetic Player 016,2025-26,2025-26_MIL_005,2025-11-01,MIL,PHI,True,False,11.5,8,2,1,0,0,1,1,1,1,True
SYN0016,Synthetic Player 016,2025-26,2025-26_MIL_006,2025-11-03,MIL,PHX,False,True,25.0,6,3,1,1,0,1,1,1,1,True
SYN0016,Synthetic Player 016,2025-26,2025-26_MIL_007,2025-11-05,MIL,POR,True,False,16.5,17,1,2,0,0,1,1,2,2,True
SYN0016,Synthetic Player 016,2025-26,2025-26_MIL_008,2025-11-07,MIL,SAC,False,False,20.7,10,2,3,1,0,1,1,1,1,True
SYN0016,Synthetic Player 016,2025-26,2025-26_MIL_009,2025-11-09,MIL,SAS,True,True,24.4,10,2,1,1,0,1,2,2,2,True
SYN0016,Synthetic Player 016,2025-26,2025-26_MIL_013,2025-11-16,MIL,ATL,True,False,20.0,5,1,1,1,0,1,2,1,0,True
SYN0016,Synthetic Player 016,2025-26,2025-26_MIL_014,2025-11-18,MIL,BOS,False,False,18.2,4,2,2,0,0,1,1,1,1,True
SYN0016,Synthetic Player 016,2025-26,2025-26_MIL_015,2025-11-19,MIL,BKN,True,True,28.7,20,1,3,1,0,1,2,2,3,True
SYN0016,Synthetic Player 016,2025-26,2025-26_MIL_018,2025-11-25,MIL,CLE,False,False,20.1,10,3,1,1,0,1,1,1,1,True
SYN0016,Synthetic Player 016,2025-26,2025-26_MIL_019,2025-11-27,MIL,DAL,True,True,25.9,12,2,1,1,1,2,2,2,1,True
SYN0016,Synthetic Player 016,2025-26,2025-26_MIL_020,2025-11-29,MIL,DEN,False,False,21.3,9,1,1,1,0,1,1,1,1,True
SYN0016,Synthetic Player 016,2025-26,2025-26_MIL_021,2025-12-01,MIL,DET,True,True,24.6,18,3,2,0,0,1,2,4,2,True
SYN0016,Synthetic Player 016,2025-26,2025-26_MIL_022,2025-12-03,MIL,GSW,False,False,17.0,12,2,2,1,0,1,1,1,1,True
SYN0016,Synthetic Player 016,2025-26,2025-26_MIL_023,2025-12-04,MIL,HOU,True,False,20.5,3,1,1,1,0,1,1,0,0,True
SYN0016,Synthetic Player 016,2025-26,2025-26_MIL_024,2025-12-05,MIL,IND,False,True,24.1,12,2,2,1,0,1,1,1,0,True
SYN0016,Synthetic Player 016,2025-26,2025-26_MIL_025,2025-12-06,MIL,LAC,True,True,25.6,9,5,2,1,0,1,1,2,1,True
SYN0016,Synthetic Player 016,2025-26,2025-26_MIL_026,2025-12-08,MIL,LAL,False,False,18.6,14,2,1,1,0,1,1,2,4,True
SYN0016,Synthetic Player 016,2025-26,2025-26_MIL_027,2025-12-11,MIL,MEM,True,False,21.9,11,2,2,1,0,1,1,3,3,True
SYN0016,Synthetic Player 016,2025-26,2025-26_MIL_028,2025-12-14,MIL,MIA,False,False,20.2,9,2,2,0,0,1,1,2,1,True
SYN0016,Synthetic Player 016,2025-26,2025-26_MIL_029,2025-12-16,MIL,MIL,True,False,14.7,5,2,1,1,0,1,1,1,1,True
SYN0016,Synthetic Player 016,2025-26,2025-26_MIL_035,2025-12-29,MIL,PHI,True,False,22.4,25,3,2,1,0,1,1,5,6,True
SYN0016,Synthetic Player 016,2025-26,2025-26_MIL_036,2025-12-31,MIL,PHX,False,True,28.4,13,1,2,1,0,1,2,2,2,True
SYN0016,Synthetic Player 016,2025-26,2025-26_MIL_037,2026-01-01,MIL,POR,True,False,17.7,12,1,2,0,0,1,1,3,1,True
SYN0016,Synthetic Player 016,2025-26,2025-26_MIL_038,2026-01-03,MIL,SAC,False,True,25.0,11,3,2,1,0,1,2,2,1,True
SYN0016,Synthetic Player 016,2025-26,2025-26_MIL_039,2026-01-05,MIL,SAS,True,False,22.1,11,2,4,1,0,1,1,2,2,True
SYN0016,Synthetic Player 016,2025-26,2025-26_MIL_040,2026-01-07,MIL,TOR,False,False,15.9,6,1,2,1,0,1,2,1,1,True
SYN0016,Synthetic Player 016,2025-26,2025-26_MIL_041,2026-01-09,MIL,UTA,True,False,22.3,9,2,3,1,0,3,1,2,1,True
SYN0016,Synthetic Player 016,2025-26,2025-26_MIL_043,2026-01-12,MIL,ATL,True,False,21.8,12,1,3,1,0,1,1,3,2,True
SYN0016,Synthetic Player 016,2025-26,2025-26_MIL_047,2026-01-20,MIL,CHI,True,True,30.2,10,3,3,1,0,2,1,2,3,True
SYN0016,Synthetic Player 016,2025-26,2025-26_MIL_052,2026-01-31,MIL,GSW,False,False,16.1,5,2,2,0,0,1,1,0,1,True
SYN0016,Synthetic Player 016,2025-26,2025-26_MIL_053,2026-02-02,MIL,HOU,True,False,14.0,5,1,1,0,0,1,1,0,1,True
SYN0016,Synthetic Player 016,2025-26,2025-26_MIL_054,2026-02-04,MIL,IND,False,False,21.8,11,2,1,1,0,1,1,2,2,True
SYN0016,Synthetic Player 016,2025-26,2025-26_MIL_055,2026-02-05,MIL,LAC,True,False,18.4,2,1,1,1,0,0,1,0,0,True
SYN0016,Synthetic Player 016,2025-26,2025-26_MIL_056,2026-02-08,MIL,LAL,False,False,23.0,20,2,4,0,0,2,2,4,2,True
SYN0016,Synthetic Player 016,2025-26,2025-26_MIL_057,2026-02-09,MIL,MEM,True,False,13.0,10,2,0,0,0,1,1,2,2,True
SYN0016,Synthetic Player 016,2025-26,2025-26_MIL_058,2026-02-11,MIL,MIA,False,False,14.1,7,2,1,1,0,0,1,1,1,True
SYN0016,Synthetic Player 016,2025-26,2025-26_MIL_059,2026-02-13,MIL,MIL,True,False,17.1,5,2,1,1,0,2,1,1,1,True
SYN0016,Synthetic Player 016,2025-26,2025-26_MIL_060,2026-02-15,MIL,MIN,False,False,20.7,5,2,2,1,0,2,1,1,1,True
SYN0016,Synthetic Player 016,2025-26,2025-26_MIL_061,2026-02-17,MIL,NOP,True,False,16.2,4,1,1,0,0,1,1,0,1,True
SYN0016,Synthetic Player 016,2025-26,2025-26_MIL_062,2026-02-19,MIL,NYK,False,False,13.7,11,2,1,1,0,0,1,3,1,True
SYN0016,Synthetic Player 016,2025-26,2025-26_MIL_063,2026-02-21,MIL,OKC,True,False,21.1,8,3,2,1,0,2,2,2,1,True
SYN0016,Synthetic Player 016,2025-26,2025-26_MIL_065,2026-02-25,MIL,PHI,True,False,21.1,7,2,1,1,0,2,1,1,1,True
SYN0016,Synthetic Player 016,2025-26,2025-26_MIL_066,2026-02-27,MIL,PHX,False,False,17.4,1,2,0,0,0,1,1,0,0,True
SYN0016,Synthetic Player 016,2025-26,2025-26_MIL_067,2026-02-28,MIL,POR,True,False,19.4,11,2,1,0,0,1,2,2,2,True
SYN0016,Synthetic Player 016,2025-26,2025-26_MIL_081,2026-03-26,MIL,DET,True,False,22.8,17,3,3,1,1,1,1,2,3,True
SYN0017,Synthetic Player 017,2025-26,2025-26_MIN_000,2025-10-23,MIN,NOP,False,False,19.6,12,4,2,0,0,1,1,1,2,True
SYN0017,Synthetic Player 017,2025-26,2025-26_MIN_001,2025-10-25,MIN,NYK,True,False,15.2,10,2,2,1,0,1,1,3,1,True
SYN0017,Synthetic Player 017,2025-26,2025-26_MIN_002,2025-10-27,MIN,OKC,False,False,22.7,14,2,4,1,0,1,2,3,1,True
SYN0017,Synthetic Player 017,2025-26,2025-26_MIN_003,2025-10-28,MIN,ORL,True,False,7.1,6,1,1,0,0,0,1,1,1,True
SYN0017,Synthetic Player 017,2025-26,2025-26_MIN_004,2025-10-29,MIN,PHI,False,False,17.4,7,2,3,1,0,1,1,1,1,True
SYN0017,Synthetic Player 017,2025-26,2025-26_MIN_005,2025-10-31,MIN,PHX,True,False,23.0,12,4,5,1,0,1,1,1,2,True
SYN0017,Synthetic Player 017,2025-26,2025-26_MIN_006,2025-11-02,MIN,POR,False,False,14.6,6,4,2,1,0,1,1,1,1,True
SYN0017,Synthetic Player 017,2025-26,2025-26_MIN_007,2025-11-03,MIN,SAC,True,False,15.7,13,2,1,1,0,1,1,2,1,True
SYN0017,Synthetic Player 017,2025-26,2025-26_MIN_008,2025-11-05,MIN,SAS,False,True,28.1,19,5,3,1,0,1,2,2,2,True
SYN0017,Synthetic Player 017,2025-26,2025-26_MIN_009,2025-11-06,MIN,TOR,True,False,19.1,13,4,2,0,0,1,1,1,1,True
SYN0017,Synthetic Player 017,2025-26,2025-26_MIN_010,2025-11-08,MIN,UTA,False,False,18.4,10,3,2,1,0,1,1,1,0,True
SYN0017,Synthetic Player 017,2025-26,2025-26_MIN_011,2025-11-10,MIN,WAS,True,False,18.5,12,3,2,1,0,1,1,3,1,True
SYN0017,Synthetic Player 017,2025-26,2025-26_MIN_012,2025-11-11,MIN,ATL,False,False,23.8,12,4,4,1,0,1,2,2,1,True
SYN0017,Synthetic Player 017,2025-26,2025-26_MIN_013,2025-11-12,MIN,BOS,True,False,16.4,8,2,3,1,0,1,1,1,1,True
SYN0017,Synthetic Player 017,2025-26,2025-26_MIN_014,2025-11-14,MIN,BKN,False,False,18.5,15,1,2,1,0,1,1,2,2,True
SYN0017,Synthetic Player 017,2025-26,2025-26_MIN_015,2025-11-15,MIN,CHA,True,False,17.8,8,4,3,0,0,1,1,1,1,True
SYN0017,Synthetic Player 017,2025-26,2025-26_MIN_016,2025-11-17,MIN,CHI,False,True,28.3,20,5,4,1,1,2,2,5,3,True
SYN0017,Synthetic Player 017,2025-26,2025-26_MIN_017,2025-11-19,MIN,CLE,True,True,25.5,12,5,4,1,0,2,2,1,1,True
SYN0017,Synthetic Player 017,2025-26,2025-26_MIN_018,2025-11-20,MIN,DAL,False,True,26.3,11,5,4,1,0,2,2,2,1,True
SYN0017,Synthetic Player 017,2025-26,2025-26_MIN_019,2025-11-22,MIN,DEN,True,False,20.6,12,4,4,1,0,1,1,2,2,True
SYN0017,Synthetic Player 017,2025-26,2025-26_MIN_020,2025-11-25,MIN,DET,False,False,18.4,4,2,4,1,0,1,1,0,0,True
SYN0017,Synthetic Player 017,2025-26,2025-26_MIN_021,2025-11-27,MIN,GSW,True,False,19.5,10,5,3,1,0,1,1,2,1,True
SYN0017,Synthetic Player 017,2025-26,2025-26_MIN_022,2025-11-29,MIN,HOU,False,False,20.7,12,3,3,0,0,2,1,1,1,True
SYN0017,Synthetic Player 017,2025-26,2025-26_MIN_023,2025-12-01,MIN,IND,True,False,22.5,11,2,2,1,0,2,2,2,1,True
SYN0017,Synthetic Player 017,2025-26,2025-26_MIN_026,2025-12-07,MIN,MEM,False,False,17.1,11,2,3,1,0,1,1,1,1,True
SYN0017,Synthetic Player 017,2025-26,2025-26_MIN_027,2025-12-09,MIN,MIA,True,False,19.6,10,5,2,0,0,1,1,1,1,True
SYN0017,Synthetic Player 017,2025-26,2025-26_MIN_028,2025-12-11,MIN,MIL,False,False,23.5,17,5,3,0,0,2,1,4,2,True
SYN0017,Synthetic Player 017,2025-26,2025-26_MIN_029,2025-12-13,MIN,MIN,True,False,13.1,6,1,2,1,0,1,1,1,1,True
SYN0017,Synthetic Player 017,2025-26,2025-26_MIN_030,2025-12-15,MIN,NOP,False,False,15.0,10,3,2,1,0,1,1,1,1,True
SYN0017,Synthetic Player 017,2025-26,2025-26_MIN_031,2025-12-17,MIN,NYK,True,False,19.9,15,5,3,0,0,1,1,2,2,True
SYN0017,Synthetic Player 017,2025-26,2025-26_MIN_032,2025-12-18,MIN,OKC,False,False,22.1,8,3,3,0,0,2,2,1,1,True
SYN0017,Synthetic Player 017,2025-26,2025-26_MIN_033,2025-12-20,MIN,ORL,True,False,17.1,9,5,2,0,0,1,1,1,1,True
SYN0017,Synthetic Player 017,2025-26,2025-26_MIN_034,2025-12-22,MIN,PHI,False,False,22.0,9,3,3,1,0,2,2,2,1,True
SYN0017,Synthetic Player 017,2025-26,2025-26_MIN_035,2025-12-23,MIN,PHX,True,False,18.6,12,4,2,0,0,1,1,2,2,True
SYN0017,Synthetic Player 017,2025-26,2025-26_MIN_036,2025-12-25,MIN,POR,False,False,12.1,5,2,1,0,0,1,1,1,1,True
SYN0017,Synthetic Player 017,2025-26,2025-26_MIN_037,2025-12-27,MIN,SAC,True,True,28.1,21,4,2,1,0,2,2,3,1,True
SYN0017,Synthetic Player 017,2025-26,2025-26_MIN_038,2025-12-29,MIN,SAS,False,False,15.4,5,2,2,1,0,1,1,1,1,True
SYN0017,Synthetic Player 017,2025-26,2025-26_MIN_039,2025-12-31,MIN,TOR,True,False,21.4,8,5,3,1,0,2,1,2,1,True
SYN0017,Synthetic Player 017,2025-26,2025-26_MIN_040,2026-01-02,MIN,UTA,False,False,16.4,7,2,2,0,1,1,1,1,1,True
SYN0017,Synthetic Player 017,2025-26,2025-26_MIN_041,2026-01-04,MIN,WAS,True,False,16.3,11,3,3,1,0,1,1,2,1,True
SYN0017,Synthetic Player 017,2025-26,2025-26_MIN_042,2026-01-06,MIN,ATL,False,False,17.4,10,7,3,0,0,1,1,2,1,True
SYN0017,Synthetic Player 017,2025-26,2025-26_MIN_043,2026-01-08,MIN,BOS,True,False,23.4,16,3,2,0,0,2,1,3,1,True
SYN0017,Synthetic Player 017,2025-26,2025-26_MIN_044,2026-01-10,MIN,BKN,False,False,19.4,12,3,2,1,0,1,1,4,2,True
SYN0017,Synthetic Player 017,2025-26,2025-26_MIN_045,2026-01-12,MIN,CHA,True,False,19.5,9,3,4,1,0,1,1,1,1,True
SYN0017,Synthetic Player 017,2025-26,2025-26_MIN_046,2026-01-14,MIN,CHI,False,False,17.5,12,3,2,1,0,1,1,1,1,True
SYN0017,Synthetic Player 017,2025-26,2025-26_MIN_047,2026-01-16,MIN,CLE,True,False,18.0,8,3,2,1,0,1,1,1,1,True
SYN0017,Synthetic Player 017,2025-26,2025-26_MIN_048,2026-01-18,MIN,DAL,False,False,18.2,11,2,2,1,0,1,1,4,1,True
SYN0017,Synthetic Player 017,2025-26,2025-26_MIN_049,2026-01-19,MIN,DEN,True,False,12.9,4,3,2,0,0,1,1,1,0,True
SYN0017,Synthetic Player 017,2025-26,2025-26_MIN_050,2026-01-20,MIN,DET,False,False,23.9,22,4,3,1,1,2,2,5,2,True
SYN0017,Synthetic Player 017,2025-26,2025-26_MIN_051,2026-01-22,MIN,GSW,True,False,20.5,14,4,4,1,0,2,1,4,2,True
SYN0017,Synthetic Player 017,2025-26,2025-26_MIN_052,2026-01-24,MIN,HOU,False,False,18.9,18,2,2,1,0,1,1,4,2,True
SYN0017,Synthetic Player 017,2025-26,2025-26_MIN_059,2026-02-05,MIN,MIN,True,False,17.5,7,2,3,0,0,1,2,1,1,True
SYN0017,Synthetic Player 017,2025-26,2025-26_MIN_060,2026-02-07,MIN,NOP,False,False,11.6,14,2,2,0,0,1,1,2,2,True
SYN0017,Synthetic Player 017,2025-26,2025-26_MIN_061,2026-02-10,MIN,NYK,True,False,18.6,9,3,2,0,0,1,1,2,2,True
SYN0017,Synthetic Player 017,2025-26,2025-26_MIN_062,2026-02-12,MIN,OKC,False,False,23.5,7,3,4,1,0,1,1,1,1,True
SYN0017,Synthetic Player 017,2025-26,2025-26_MIN_063,2026-02-13,MIN,ORL,True,False,15.8,15,3,2,0,0,1,1,3,2,True
SYN0017,Synthetic Player 017,2025-26,2025-26_MIN_064,2026-02-14,MIN,PHI,False,False,16.5,9,3,1,1,0,1,1,1,1,True
SYN0017,Synthetic Player 017,2025-26,2025-26_MIN_065,2026-02-15,MIN,PHX,True,False,20.1,20,2,2,1,1,1,1,2,2,True
SYN0017,Synthetic Player 017,2025-26,2025-26_MIN_078,2026-03-09,MIN,DAL,False,False,20.4,21,3,2,0,0,1,1,2,2,True
SYN0017,Synthetic Player 017,2025-26,2025-26_MIN_079,2026-03-11,MIN,DEN,True,False,16.6,11,3,2,0,0,1,1,1,2,True
SYN0017,Synthetic Player 017,2025-26,2025-26_MIN_080,2026-03-13,MIN,DET,False,False,23.0,15,4,2,1,0,1,2,2,2,True
SYN0017,Synthetic Player 017,2025-26,2025-26_MIN_081,2026-03-15,MIN,GSW,True,True,27.2,15,6,4,1,0,2,1,2,2,True
SYN0018,Synthetic Player 018,2025-26,2025-26_NOP_000,2025-10-21,NOP,NYK,False,False,14.5,8,3,1,0,0,1,1,1,1,True
SYN0018,Synthetic Player 018,2025-26,2025-26_NOP_001,2025-10-23,NOP,OKC,True,False,8.8,4,2,1,0,0,0,1,1,0,True
SYN0018,Synthetic Player 018,2025-26,2025-26_NOP_002,2025-10-25,NOP,ORL,False,False,10.6,5,3,1,0,0,1,1,1,0,True
SYN0018,Synthetic Player 018,2025-26,2025-26_NOP_003,2025-10-27,NOP,PHI,True,False,13.7,5,3,1,0,0,1,1,1,0,True
SYN0018,Synthetic Player 018,2025-26,2025-26_NOP_004,2025-10-29,NOP,PHX,False,False,12.5,8,3,1,0,0,1,1,1,1,True
SYN0018,Synthetic Player 018,2025-26,2025-26_NOP_005,2025-10-31,NOP,POR,True,False,12.4,5,2,1,0,0,1,1,1,0,True
SYN0018,Synthetic Player 018,2025-26,2025-26_NOP_006,2025-11-02,NOP,SAC,False,False,20.4,9,4,2,0,1,1,2,1,1,True
SYN0018,Synthetic Player 018,2025-26,2025-26_NOP_007,2025-11-04,NOP,SAS,True,False,16.4,6,4,2,0,1,1,1,1,1,True
SYN0018,Synthetic Player 018,2025-26,2025-26_NOP_008,2025-11-06,NOP,TOR,False,False,9.4,5,2,1,0,0,1,1,1,1,True
SYN0018,Synthetic Player 018,2025-26,2025-26_NOP_009,2025-11-08,NOP,UTA,True,False,19.4,7,3,2,1,1,1,1,1,0,True
SYN0018,Synthetic Player 018,2025-26,2025-26_NOP_010,2025-11-11,NOP,WAS,False,False,18.0,5,3,2,0,0,1,1,1,0,True
SYN0018,Synthetic Player 018,2025-26,2025-26_NOP_011,2025-11-13,NOP,ATL,True,True,25.5,9,4,3,1,1,2,2,2,1,True
SYN0018,Synthetic Player 018,2025-26,2025-26_NOP_012,2025-11-15,NOP,BOS,False,False,17.9,7,4,2,1,1,1,1,1,0,True
SYN0018,Synthetic Player 018,2025-26,2025-26_NOP_013,2025-11-16,NOP,BKN,True,False,17.7,12,4,2,0,0,1,1,2,1,True
SYN0018,Synthetic Player 018,2025-26,2025-26_NOP_014,2025-11-19,NOP,CHA,False,True,25.2,11,5,2,1,1,1,2,2,1,True
SYN0018,Synthetic Player 018,2025-26,2025-26_NOP_015,2025-11-20,NOP,CHI,True,False,10.7,4,2,1,0,0,1,1,0,0,True
SYN0018,Synthetic Player 018,2025-26,2025-26_NOP_016,2025-11-22,NOP,CLE,False,False,17.2,9,3,2,0,1,1,1,2,1,True
SYN0018,Synthetic Player 018,2025-26,2025-26_NOP_017,2025-11-24,NOP,DAL,True,False,12.9,5,3,1,0,0,1,1,1,0,True
SYN0018,Synthetic Player 018,2025-26,2025-26_NOP_018,2025-11-25,NOP,DEN,False,False,19.7,8,5,2,1,1,1,1,1,1,True
SYN0018,Synthetic Player 018,2025-26,2025-26_NOP_019,2025-11-27,NOP,DET,True,False,12.6,5,3,1,0,1,1,1,1,0,True
SYN0018,Synthetic Player 018,2025-26,2025-26_NOP_020,2025-11-29,NOP,GSW,False,False,20.8,8,5,2,1,1,1,2,1,1,True
SYN0018,Synthetic Player 018,2025-26,2025-26_NOP_022,2025-12-03,NOP,IND,False,True,28.4,13,5,2,1,1,2,2,2,1,True
SYN0018,Synthetic Player 018,2025-26,2025-26_NOP_023,2025-12-04,NOP,LAC,True,False,12.6,5,2,1,0,0,1,1,1,0,True
SYN0018,Synthetic Player 018,2025-26,2025-26_NOP_024,2025-12-05,NOP,LAL,False,False,19.8,8,5,2,1,1,1,2,1,1,True
SYN0018,Synthetic Player 018,2025-26,2025-26_NOP_025,2025-12-06,NOP,MEM,True,False,16.4,9,3,1,0,1,1,1,1,1,True
SYN0018,Synthetic Player 018,2025-26,2025-26_NOP_026,2025-12-07,NOP,MIA,False,False,21.1,10,3,2,1,0,1,1,2,1,True
SYN0018,Synthetic Player 018,2025-26,2025-26_NOP_027,2025-12-08,NOP,MIL,True,False,20.4,9,4,2,1,0,1,1,1,1,True
SYN0018,Synthetic Player 018,2025-26,2025-26_NOP_028,2025-12-11,NOP,MIN,False,False,9.5,4,2,1,0,0,1,1,1,0,True
SYN0018,Synthetic Player 018,2025-26,2025-26_NOP_029,2025-12-12,NOP,NOP,True,False,14.5,6,3,2,0,1,1,1,1,0,True
SYN0018,Synthetic Player 018,2025-26,2025-26_NOP_030,2025-12-14,NOP,NYK,False,False,15.5,5,3,1,0,1,1,1,1,0,True
SYN0018,Synthetic Player 018,2025-26,2025-26_NOP_035,2025-12-25,NOP,POR,True,False,20.5,6,4,1,0,1,1,1,1,0,True
SYN0018,Synthetic Player 018,2025-26,2025-26_NOP_036,2025-12-27,NOP,SAC,False,False,17.1,9,3,1,1,0,1,1,1,1,True
SYN0018,Synthetic Player 018,2025-26,2025-26_NOP_037,2025-12-29,NOP,SAS,True,False,14.0,7,3,2,0,1,1,1,1,1,True
SYN0018,Synthetic Player 018,2025-26,2025-26_NOP_038,2025-12-31,NOP,TOR,False,False,19.0,8,3,1,1,1,1,1,1,1,True
SYN0018,Synthetic Player 018,2025-26,2025-26_NOP_039,2026-01-02,NOP,UTA,True,False,10.7,3,2,1,0,0,1,1,0,0,True
SYN0018,Synthetic Player 018,2025-26,2025-26_NOP_040,2026-01-04,NOP,WAS,False,False,17.2,8,4,2,1,0,1,1,1,0,True
SYN0018,Synthetic Player 018,2025-26,2025-26_NOP_042,2026-01-07,NOP,BOS,False,False,22.5,13,5,2,1,1,1,2,2,1,True
SYN0018,Synthetic Player 018,2025-26,2025-26_NOP_043,2026-01-08,NOP,BKN,True,False,19.7,10,4,2,0,1,1,1,2,1,True
SYN0018,Synthetic Player 018,2025-26,2025-26_NOP_050,2026-01-22,NOP,GSW,False,False,13.5,6,3,1,0,1,1,1,1,0,True
SYN0018,Synthetic Player 018,2025-26,2025-26_NOP_051,2026-01-24,NOP,HOU,True,True,27.7,10,5,3,1,1,1,2,1,1,True
SYN0018,Synthetic Player 018,2025-26,2025-26_NOP_052,2026-01-26,NOP,IND,False,False,11.2,5,3,1,0,0,1,1,1,0,True
SYN0018,Synthetic Player 018,2025-26,2025-26_NOP_053,2026-01-28,NOP,LAC,True,False,16.7,6,4,2,1,1,1,1,1,0,True
SYN0018,Synthetic Player 018,2025-26,2025-26_NOP_054,2026-01-30,NOP,LAL,False,False,15.4,8,2,2,0,1,1,1,1,1,True
SYN0018,Synthetic Player 018,2025-26,2025-26_NOP_055,2026-01-31,NOP,MEM,True,False,15.0,6,3,2,0,1,1,1,1,0,True
SYN0018,Synthetic Player 018,2025-26,2025-26_NOP_056,2026-02-02,NOP,MIA,False,False,18.9,7,4,1,1,1,1,1,1,0,True
SYN0018,Synthetic Player 018,2025-26,2025-26_NOP_057,2026-02-04,NOP,MIL,True,False,13.0,5,2,2,0,0,1,1,1,0,True
SYN0018,Synthetic Player 018,2025-26,2025-26_NOP_058,2026-02-06,NOP,MIN,False,False,17.7,8,3,2,0,1,1,1,1,0,True
SYN0018,Synthetic Player 018,2025-26,2025-26_NOP_059,2026-02-07,NOP,NOP,True,False,20.9,10,6,2,1,1,1,2,1,1,True
SYN0018,Synthetic Player 018,2025-26,2025-26_NOP_060,2026-02-08,NOP,NYK,False,False,20.7,11,4,2,1,0,1,1,2,1,True
SYN0018,Synthetic Player 018,2025-26,2025-26_NOP_061,2026-02-10,NOP,OKC,True,False,17.1,6,3,2,1,1,1,1,1,0,True
SYN0018,Synthetic Player 018,2025-26,2025-26_NOP_062,2026-02-11,NOP,ORL,False,False,19.7,9,4,2,1,0,1,1,1,1,True
SYN0018,Synthetic Player 018,2025-26,2025-26_NOP_063,2026-02-13,NOP,PHI,True,False,19.3,8,4,2,1,1,1,1,1,1,True
SYN0018,Synthetic Player 018,2025-26,2025-26_NOP_064,2026-02-15,NOP,PHX,False,False,16.9,9,3,2,0,1,1,1,1,1,True
SYN0018,Synthetic Player 018,2025-26,2025-26_NOP_065,2026-02-17,NOP,POR,True,False,23.2,11,5,3,0,1,1,1,1,1,True
SYN0018,Synthetic Player 018,2025-26,2025-26_NOP_066,2026-02-19,NOP,SAC,False,False,13.9,5,3,1,0,0,1,1,1,0,True
SYN0018,Synthetic Player 018,2025-26,2025-26_NOP_067,2026-02-20,NOP,SAS,True,False,11.6,7,2,1,0,0,1,1,1,0,True
SYN0018,Synthetic Player 018,2025-26,2025-26_NOP_068,2026-02-22,NOP,TOR,False,False,19.8,9,4,2,1,1,1,1,1,1,True
SYN0018,Synthetic Player 018,2025-26,2025-26_NOP_069,2026-02-23,NOP,UTA,True,False,15.8,8,4,2,0,0,1,1,1,1,True
SYN0018,Synthetic Player 018,2025-26,2025-26_NOP_070,2026-02-25,NOP,WAS,False,False,16.5,8,3,1,0,0,1,1,1,0,True
SYN0018,Synthetic Player 018,2025-26,2025-26_NOP_071,2026-02-27,NOP,ATL,True,False,15.5,7,4,1,1,0,1,1,1,0,True
SYN0018,Synthetic Player 018,2025-26,2025-26_NOP_072,2026-03-01,NOP,BOS,False,False,18.2,7,4,2,0,1,1,1,1,1,True
SYN0018,Synthetic Player 018,2025-26,2025-26_NOP_073,2026-03-04,NOP,BKN,True,False,23.6,8,4,3,1,1,2,2,1,1,True
SYN0018,Synthetic Player 018,2025-26,2025-26_NOP_074,2026-03-06,NOP,CHA,False,True,26.7,10,5,3,1,1,1,2,2,1,True
SYN0018,Synthetic Player 018,2025-26,2025-26_NOP_075,2026-03-07,NOP,CHI,True,False,15.3,6,4,1,0,1,1,1,1,0,True
SYN0018,Synthetic Player 018,2025-26,2025-26_NOP_076,2026-03-09,NOP,CLE,False,False,11.7,5,3,1,0,0,1,1,1,0,True
SYN0018,Synthetic Player 018,2025-26,2025-26_NOP_077,2026-03-11,NOP,DAL,True,True,25.5,11,5,3,1,1,1,2,1,1,True
SYN0018,Synthetic Player 018,2025-26,2025-26_NOP_078,2026-03-13,NOP,DEN,False,False,16.4,7,3,2,0,0,1,1,1,0,True
SYN0018,Synthetic Player 018,2025-26,2025-26_NOP_079,2026-03-15,NOP,DET,True,False,9.5,4,3,1,0,0,1,1,1,0,True
SYN0018,Synthetic Player 018,2025-26,2025-26_NOP_080,2026-03-17,NOP,GSW,False,True,26.2,12,7,3,1,1,1,2,2,1,True
SYN0018,Synthetic Player 018,2025-26,2025-26_NOP_081,2026-03-19,NOP,HOU,True,False,17.0,6,4,1,0,1,1,1,1,0,True
SYN0019,Synthetic Player 019,2025-26,2025-26_NYK_002,2025-10-26,NYK,PHI,False,True,30.0,18,9,4,1,1,2,2,2,0,True
SYN0019,Synthetic Player 019,2025-26,2025-26_NYK_003,2025-10-29,NYK,PHX,True,True,27.7,10,5,7,1,1,2,2,3,0,True
SYN0019,Synthetic Player 019,2025-26,2025-26_NYK_010,2025-11-11,NYK,ATL,False,True,28.7,17,6,6,0,1,1,2,2,1,True
SYN0019,Synthetic Player 019,2025-26,2025-26_NYK_011,2025-11-12,NYK,BOS,True,True,30.4,20,7,4,0,1,2,2,3,1,True
SYN0019,Synthetic Player 019,2025-26,2025-26_NYK_012,2025-11-13,NYK,BKN,False,True,31.4,11,10,5,0,2,2,3,1,0,True
SYN0019,Synthetic Player 019,2025-26,2025-26_NYK_013,2025-11-15,NYK,CHA,True,False,22.1,5,6,4,0,1,1,2,1,0,True
SYN0019,Synthetic Player 019,2025-26,2025-26_NYK_014,2025-11-17,NYK,CHI,False,True,33.0,14,6,5,1,1,2,3,1,0,True
SYN0019,Synthetic Player 019,2025-26,2025-26_NYK_015,2025-11-18,NYK,CLE,True,True,31.1,14,8,3,1,2,1,2,4,0,True
SYN0019,Synthetic Player 019,2025-26,2025-26_NYK_018,2025-11-25,NYK,DET,False,True,31.5,15,8,5,1,1,1,3,2,0,True
SYN0019,Synthetic Player 019,2025-26,2025-26_NYK_019,2025-11-27,NYK,GSW,True,True,28.0,15,8,3,1,1,2,3,2,0,True
SYN0019,Synthetic Player 019,2025-26,2025-26_NYK_021,2025-12-01,NYK,IND,True,False,22.7,11,6,4,0,1,2,2,3,0,True
SYN0019,Synthetic Player 019,2025-26,2025-26_NYK_022,2025-12-03,NYK,LAC,False,True,28.1,18,8,4,1,1,1,3,4,0,True
SYN0019,Synthetic Player 019,2025-26,2025-26_NYK_023,2025-12-05,NYK,LAL,True,True,31.8,17,9,3,0,2,2,2,4,1,True
SYN0019,Synthetic Player 019,2025-26,2025-26_NYK_024,2025-12-06,NYK,MEM,False,True,30.3,25,8,3,1,1,1,3,5,1,True
SYN0019,Synthetic Player 019,2025-26,2025-26_NYK_026,2025-12-09,NYK,MIL,False,True,27.0,21,7,4,1,1,1,2,4,1,True
SYN0019,Synthetic Player 019,2025-26,2025-26_NYK_027,2025-12-11,NYK,MIN,True,True,32.4,6,10,3,1,2,2,3,1,0,True
SYN0019,Synthetic Player 019,2025-26,2025-26_NYK_028,2025-12-13,NYK,NOP,False,True,33.7,14,9,4,1,1,2,3,2,1,True
SYN0019,Synthetic Player 019,2025-26,2025-26_NYK_029,2025-12-15,NYK,NYK,True,False,22.9,10,4,4,1,2,2,2,2,0,True
SYN0019,Synthetic Player 019,2025-26,2025-26_NYK_030,2025-12-18,NYK,OKC,False,True,34.8,22,7,4,1,1,2,3,5,1,True
SYN0019,Synthetic Player 019,2025-26,2025-26_NYK_031,2025-12-20,NYK,ORL,True,True,26.2,8,9,3,1,1,2,2,2,0,True
SYN0019,Synthetic Player 019,2025-26,2025-26_NYK_032,2025-12-21,NYK,PHI,False,True,26.1,9,4,4,0,2,1,2,2,0,True
SYN0019,Synthetic Player 019,2025-26,2025-26_NYK_033,2025-12-23,NYK,PHX,True,True,28.9,19,5,4,0,1,2,2,2,0,True
SYN0019,Synthetic Player 019,2025-26,2025-26_NYK_034,2025-12-26,NYK,POR,False,True,26.5,12,5,4,1,2,2,2,2,1,True
SYN0019,Synthetic Player 019,2025-26,2025-26_NYK_035,2025-12-28,NYK,SAC,True,True,28.4,11,7,3,0,2,1,2,1,0,True
SYN0019,Synthetic Player 019,2025-26,2025-26_NYK_042,2026-01-09,NYK,BKN,False,True,30.4,15,6,5,0,1,2,3,2,0,True
SYN0019,Synthetic Player 019,2025-26,2025-26_NYK_043,2026-01-11,NYK,CHA,True,True,28.9,10,5,3,1,1,1,2,1,0,True
SYN0019,Synthetic Player 019,2025-26,2025-26_NYK_044,2026-01-13,NYK,CHI,False,True,29.9,15,7,4,1,1,1,2,2,0,True
SYN0019,Synthetic Player 019,2025-26,2025-26_NYK_045,2026-01-15,NYK,CLE,True,False,22.9,10,5,3,0,1,2,2,2,0,True
SYN0019,Synthetic Player 019,2025-26,2025-26_NYK_046,2026-01-17,NYK,DAL,False,True,25.9,12,7,4,1,2,1,2,2,1,True
SYN0019,Synthetic Player 019,2025-26,2025-26_NYK_047,2026-01-19,NYK,DEN,True,True,25.3,7,5,1,1,1,2,3,1,0,True
SYN0019,Synthetic Player 019,2025-26,2025-26_NYK_048,2026-01-22,NYK,DET,False,True,34.0,12,8,7,1,2,3,3,2,0,True
SYN0019,Synthetic Player 019,2025-26,2025-26_NYK_049,2026-01-25,NYK,GSW,True,True,25.0,11,7,4,1,1,1,2,3,0,True
SYN0019,Synthetic Player 019,2025-26,2025-26_NYK_050,2026-01-27,NYK,HOU,False,True,25.9,19,9,3,0,2,1,2,2,1,True
SYN0019,Synthetic Player 019,2025-26,2025-26_NYK_051,2026-01-29,NYK,IND,True,True,24.9,12,8,4,1,2,1,2,2,0,True
SYN0019,Synthetic Player 019,2025-26,2025-26_NYK_052,2026-01-30,NYK,LAC,False,True,26.9,6,5,5,1,1,1,2,1,0,True
SYN0019,Synthetic Player 019,2025-26,2025-26_NYK_053,2026-01-31,NYK,LAL,True,True,28.5,16,7,5,1,2,2,2,1,0,True
SYN0019,Synthetic Player 019,2025-26,2025-26_NYK_054,2026-02-02,NYK,MEM,False,True,33.9,18,5,3,1,1,1,3,3,1,True
SYN0019,Synthetic Player 019,2025-26,2025-26_NYK_056,2026-02-06,NYK,MIL,False,True,36.0,8,7,4,1,1,3,3,1,0,True
SYN0019,Synthetic Player 019,2025-26,2025-26_NYK_057,2026-02-08,NYK,MIN,True,True,35.6,23,11,7,1,1,2,2,4,1,True
SYN0019,Synthetic Player 019,2025-26,2025-26_NYK_058,2026-02-09,NYK,NOP,False,True,35.0,19,6,4,1,1,2,3,3,0,True
SYN0019,Synthetic Player 019,2025-26,2025-26_NYK_059,2026-02-11,NYK,NYK,True,False,23.4,9,6,3,0,1,2,2,2,0,True
SYN0019,Synthetic Player 019,2025-26,2025-26_NYK_060,2026-02-14,NYK,OKC,False,True,26.5,3,7,2,1,1,1,2,1,0,True
SYN0019,Synthetic Player 019,2025-26,2025-26_NYK_061,2026-02-16,NYK,ORL,True,True,30.2,16,12,3,1,2,1,2,4,0,True
SYN0019,Synthetic Player 019,2025-26,2025-26_NYK_068,2026-02-27,NYK,UTA,False,True,35.1,19,8,5,1,1,2,2,3,0,True
SYN0019,Synthetic Player 019,2025-26,2025-26_NYK_069,2026-02-28,NYK,WAS,True,True,33.6,11,5,3,1,2,3,3,2,0,True
SYN0019,Synthetic Player 019,2025-26,2025-26_NYK_070,2026-03-01,NYK,ATL,False,True,32.0,8,9,3,1,1,2,2,2,0,True
SYN0019,Synthetic Player 019,2025-26,2025-26_NYK_071,2026-03-03,NYK,BOS,True,False,23.5,6,4,4,0,1,1,1,1,0,True
SYN0019,Synthetic Player 019,2025-26,2025-26_NYK_072,2026-03-05,NYK,BKN,False,False,23.8,20,6,4,1,1,1,2,3,1,True
SYN0019,Synthetic Player 019,2025-26,2025-26_NYK_073,2026-03-07,NYK,CHA,True,True,26.2,10,4,5,0,2,1,2,1,0,True
SYN0019,Synthetic Player 019,2025-26,2025-26_NYK_074,2026-03-09,NYK,CHI,False,False,23.2,5,4,3,1,1,2,2,0,0,True
SYN0019,Synthetic Player 019,2025-26,2025-26_NYK_075,2026-03-11,NYK,CLE,True,True,27.0,15,8,4,1,1,2,3,4,0,True
SYN0019,Synthetic Player 019,2025-26,2025-26_NYK_076,2026-03-13,NYK,DAL,False,True,29.7,12,7,5,1,1,1,3,2,0,True
SYN0019,Synthetic Player 019,2025-26,2025-26_NYK_077,2026-03-14,NYK,DEN,True,True,26.4,12,6,6,0,1,2,3,2,1,True
SYN0019,Synthetic Player 019,2025-26,2025-26_NYK_078,2026-03-16,NYK,DET,False,True,27.7,7,7,3,1,2,1,2,1,0,True
SYN0019,Synthetic Player 019,2025-26,2025-26_NYK_080,2026-03-20,NYK,HOU,False,True,26.4,10,9,4,1,2,1,3,3,0,True
SYN0019,Synthetic Player 019,2025-26,2025-26_NYK_081,2026-03-22,NYK,IND,True,True,29.7,10,9,5,1,1,2,2,2,0,True
SYN0020,Synthetic Player 020,2025-26,2025-26_OKC_000,2025-10-23,OKC,ORL,False,False,16.3,8,2,4,0,0,1,1,1,1,True
SYN0020,Synthetic Player 020,2025-26,2025-26_OKC_001,2025-10-25,OKC,PHI,True,False,14.1,5,1,2,1,0,1,1,1,1,True
SYN0020,Synthetic Player 020,2025-26,2025-26_OKC_002,2025-10-27,OKC,PHX,False,False,21.1,15,4,4,1,0,1,1,1,2,True
SYN0020,Synthetic Player 020,2025-26,2025-26_OKC_003,2025-10-29,OKC,POR,True,False,12.2,7,2,2,1,0,1,1,1,1,True
SYN0020,Synthetic Player 020,2025-26,2025-26_OKC_004,2025-10-31,OKC,SAC,False,False,21.1,6,3,4,1,0,2,1,1,0,True
SYN0020,Synthetic Player 020,2025-26,2025-26_OKC_005,2025-11-03,OKC,SAS,True,False,17.9,5,2,3,1,0,2,1,0,0,True
SYN0020,Synthetic Player 020,2025-26,2025-26_OKC_006,2025-11-04,OKC,TOR,False,False,12.5,2,2,4,1,0,1,1,0,0,True
SYN0020,Synthetic Player 020,2025-26,2025-26_OKC_007,2025-11-07,OKC,UTA,True,False,21.6,9,1,5,1,0,2,1,1,1,True
SYN0020,Synthetic Player 020,2025-26,2025-26_OKC_008,2025-11-08,OKC,WAS,False,False,19.1,10,2,3,0,0,2,1,2,1,True
SYN0020,Synthetic Player 020,2025-26,2025-26_OKC_009,2025-11-10,OKC,ATL,True,False,14.4,5,2,3,0,0,1,1,1,0,True
SYN0020,Synthetic Player 020,2025-26,2025-26_OKC_010,2025-11-12,OKC,BOS,False,False,17.0,8,3,2,0,0,1,1,1,1,True
SYN0020,Synthetic Player 020,2025-26,2025-26_OKC_011,2025-11-14,OKC,BKN,True,False,14.4,7,2,2,0,0,1,1,1,1,True
SYN0020,Synthetic Player 020,2025-26,2025-26_OKC_012,2025-11-16,OKC,CHA,False,False,21.9,12,4,2,1,0,2,1,1,1,True
SYN0020,Synthetic Player 020,2025-26,2025-26_OKC_013,2025-11-19,OKC,CHI,True,False,21.7,10,4,3,1,0,2,1,2,1,True
SYN0020,Synthetic Player 020,2025-26,2025-26_OKC_014,2025-11-20,OKC,CLE,False,True,25.5,13,4,3,1,0,3,1,2,2,True
SYN0020,Synthetic Player 020,2025-26,2025-26_OKC_015,2025-11-22,OKC,DAL,True,False,14.8,4,3,2,0,0,1,1,0,0,True
SYN0020,Synthetic Player 020,2025-26,2025-26_OKC_016,2025-11-23,OKC,DEN,False,False,19.2,4,2,3,1,0,2,1,0,1,True
SYN0020,Synthetic Player 020,2025-26,2025-26_OKC_017,2025-11-26,OKC,DET,True,False,17.1,5,3,2,1,0,1,1,1,1,True
SYN0020,Synthetic Player 020,2025-26,2025-26_OKC_018,2025-11-28,OKC,GSW,False,False,16.2,4,2,2,1,0,2,1,1,0,True
SYN0020,Synthetic Player 020,2025-26,2025-26_OKC_019,2025-11-30,OKC,HOU,True,False,21.1,8,4,2,1,0,1,1,1,1,True
SYN0020,Synthetic Player 020,2025-26,2025-26_OKC_020,2025-12-02,OKC,IND,False,False,16.8,8,1,5,1,0,1,1,1,1,True
SYN0020,Synthetic Player 020,2025-26,2025-26_OKC_021,2025-12-04,OKC,LAC,True,False,18.6,12,2,2,1,0,2,1,2,2,True
SYN0020,Synthetic Player 020,2025-26,2025-26_OKC_022,2025-12-05,OKC,LAL,False,False,16.0,5,1,2,0,0,1,1,1,0,True
SYN0020,Synthetic Player 020,2025-26,2025-26_OKC_023,2025-12-07,OKC,MEM,True,False,19.7,13,2,3,1,0,2,1,2,2,True
SYN0020,Synthetic Player 020,2025-26,2025-26_OKC_024,2025-12-09,OKC,MIA,False,False,16.5,6,2,2,0,0,1,1,1,1,True
SYN0020,Synthetic Player 020,2025-26,2025-26_OKC_025,2025-12-10,OKC,MIL,True,False,15.3,11,3,2,1,0,1,1,2,1,True
SYN0020,Synthetic Player 020,2025-26,2025-26_OKC_026,2025-12-12,OKC,MIN,False,False,17.1,4,2,4,1,0,1,1,1,0,True
SYN0020,Synthetic Player 020,2025-26,2025-26_OKC_027,2025-12-13,OKC,NOP,True,False,20.6,11,3,4,1,0,2,1,2,2,True
SYN0020,Synthetic Player 020,2025-26,2025-26_OKC_028,2025-12-15,OKC,NYK,False,False,14.2,12,2,2,0,0,1,1,3,1,True
SYN0020,Synthetic Player 020,2025-26,2025-26_OKC_029,2025-12-16,OKC,OKC,True,False,16.8,5,2,2,1,0,1,1,1,1,True
SYN0020,Synthetic Player 020,2025-26,2025-26_OKC_030,2025-12-18,OKC,ORL,False,False,19.6,12,2,4,1,0,1,1,2,1,True
SYN0020,Synthetic Player 020,2025-26,2025-26_OKC_031,2025-12-20,OKC,PHI,True,False,17.6,9,2,2,1,0,1,1,2,1,True
SYN0020,Synthetic Player 020,2025-26,2025-26_OKC_032,2025-12-23,OKC,PHX,False,False,20.2,9,3,5,1,0,2,1,1,2,True
SYN0020,Synthetic Player 020,2025-26,2025-26_OKC_033,2025-12-24,OKC,POR,True,False,19.8,10,2,2,1,0,1,1,2,1,True
SYN0020,Synthetic Player 020,2025-26,2025-26_OKC_034,2025-12-25,OKC,SAC,False,False,12.4,4,1,2,1,0,1,1,1,0,True
SYN0020,Synthetic Player 020,2025-26,2025-26_OKC_035,2025-12-27,OKC,SAS,True,False,16.5,11,2,2,1,0,1,1,2,1,True
SYN0020,Synthetic Player 020,2025-26,2025-26_OKC_036,2025-12-29,OKC,TOR,False,False,11.9,6,1,2,0,0,1,1,1,1,True
SYN0020,Synthetic Player 020,2025-26,2025-26_OKC_037,2025-12-31,OKC,UTA,True,False,21.4,8,3,2,1,0,2,1,2,1,True
SYN0020,Synthetic Player 020,2025-26,2025-26_OKC_038,2026-01-02,OKC,WAS,False,False,19.7,9,2,5,1,0,1,1,2,1,True
SYN0020,Synthetic Player 020,2025-26,2025-26_OKC_039,2026-01-04,OKC,ATL,True,False,17.5,6,2,2,1,0,1,1,0,1,True
SYN0020,Synthetic Player 020,2025-26,2025-26_OKC_040,2026-01-05,OKC,BOS,False,False,16.0,8,3,4,1,0,1,1,1,1,True
SYN0020,Synthetic Player 020,2025-26,2025-26_OKC_041,2026-01-07,OKC,BKN,True,False,21.4,19,3,4,1,0,2,1,5,2,True
SYN0020,Synthetic Player 020,2025-26,2025-26_OKC_042,2026-01-09,OKC,CHA,False,False,18.7,4,3,2,1,0,2,1,1,0,True
SYN0020,Synthetic Player 020,2025-26,2025-26_OKC_043,2026-01-11,OKC,CHI,True,False,16.9,13,2,2,1,0,1,1,2,1,True
SYN0020,Synthetic Player 020,2025-26,2025-26_OKC_044,2026-01-12,OKC,CLE,False,False,23.7,6,2,4,1,0,2,1,1,1,True
SYN0020,Synthetic Player 020,2025-26,2025-26_OKC_045,2026-01-15,OKC,DAL,True,False,13.2,6,2,2,1,0,1,1,1,1,True
SYN0020,Synthetic Player 020,2025-26,2025-26_OKC_046,2026-01-18,OKC,DEN,False,False,20.3,8,2,4,1,0,2,1,1,1,True
SYN0020,Synthetic Player 020,2025-26,2025-26_OKC_047,2026-01-20,OKC,DET,True,False,16.5,8,2,2,1,0,1,1,1,0,True
SYN0020,Synthetic Player 020,2025-26,2025-26_OKC_048,2026-01-22,OKC,GSW,False,False,14.5,4,2,1,0,0,1,1,1,0,True
SYN0020,Synthetic Player 020,2025-26,2025-26_OKC_049,2026-01-23,OKC,HOU,True,False,20.9,6,3,3,1,0,1,1,1,0,True
SYN0020,Synthetic Player 020,2025-26,2025-26_OKC_050,2026-01-25,OKC,IND,False,False,18.5,7,3,2,1,0,2,1,1,1,True
SYN0020,Synthetic Player 020,2025-26,2025-26_OKC_051,2026-01-26,OKC,LAC,True,False,13.7,14,3,2,1,0,1,1,3,3,True
SYN0020,Synthetic Player 020,2025-26,2025-26_OKC_052,2026-01-27,OKC,LAL,False,False,20.1,12,1,5,1,0,1,1,2,1,True
SYN0020,Synthetic Player 020,2025-26,2025-26_OKC_053,2026-01-28,OKC,MEM,True,False,11.1,9,2,2,1,0,1,1,2,1,True
SYN0020,Synthetic Player 020,2025-26,2025-26_OKC_054,2026-01-29,OKC,MIA,False,False,21.2,9,3,5,1,0,2,1,1,1,True
SYN0020,Synthetic Player 020,2025-26,2025-26_OKC_055,2026-01-31,OKC,MIL,True,False,19.8,11,2,4,1,0,2,1,2,1,True
SYN0020,Synthetic Player 020,2025-26,2025-26_OKC_056,2026-02-01,OKC,MIN,False,False,15.2,6,2,3,1,0,2,1,1,0,True
SYN0020,Synthetic Player 020,2025-26,2025-26_OKC_057,2026-02-03,OKC,NOP,True,True,25.7,11,3,4,1,0,2,2,2,1,True
SYN0020,Synthetic Player 020,2025-26,2025-26_OKC_058,2026-02-05,OKC,NYK,False,False,20.2,5,3,5,1,0,1,1,1,0,True
SYN0020,Synthetic Player 020,2025-26,2025-26_OKC_059,2026-02-07,OKC,OKC,True,False,18.8,8,3,5,1,0,1,1,1,1,True
SYN0020,Synthetic Player 020,2025-26,2025-26_OKC_060,2026-02-09,OKC,ORL,False,False,12.4,2,2,1,1,0,1,1,0,0,True
SYN0020,Synthetic Player 020,2025-26,2025-26_OKC_061,2026-02-10,OKC,PHI,True,False,17.9,12,3,3,1,0,1,1,2,2,True
SYN0020,Synthetic Player 020,2025-26,2025-26_OKC_062,2026-02-11,OKC,PHX,False,False,15.4,9,3,2,1,0,1,1,2,1,True
SYN0020,Synthetic Player 020,2025-26,2025-26_OKC_063,2026-02-13,OKC,POR,True,False,17.8,6,3,4,1,0,2,1,2,1,True
SYN0020,Synthetic Player 020,2025-26,2025-26_OKC_064,2026-02-15,OKC,SAC,False,False,17.5,8,2,3,1,0,1,1,1,1,True
SYN0020,Synthetic Player 020,2025-26,2025-26_OKC_065,2026-02-16,OKC,SAS,True,False,11.0,9,2,1,1,0,1,1,2,1,True
SYN0020,Synthetic Player 020,2025-26,2025-26_OKC_066,2026-02-17,OKC,TOR,False,False,8.6,4,2,2,0,0,1,1,1,1,True
SYN0020,Synthetic Player 020,2025-26,2025-26_OKC_067,2026-02-19,OKC,UTA,True,False,21.4,9,2,3,1,0,2,1,1,1,True
SYN0020,Synthetic Player 020,2025-26,2025-26_OKC_068,2026-02-21,OKC,WAS,False,False,17.0,5,2,3,0,0,1,1,1,1,True
SYN0020,Synthetic Player 020,2025-26,2025-26_OKC_069,2026-02-23,OKC,ATL,True,False,14.8,9,2,2,1,0,1,1,1,1,True
SYN0020,Synthetic Player 020,2025-26,2025-26_OKC_070,2026-02-24,OKC,BOS,False,False,15.0,10,2,3,1,0,1,1,2,1,True
SYN0020,Synthetic Player 020,2025-26,2025-26_OKC_071,2026-02-25,OKC,BKN,True,False,21.8,7,2,6,1,0,2,1,1,1,True
SYN0020,Synthetic Player 020,2025-26,2025-26_OKC_072,2026-02-27,OKC,CHA,False,False,16.0,10,2,4,1,0,1,1,3,1,True
SYN0020,Synthetic Player 020,2025-26,2025-26_OKC_074,2026-03-03,OKC,CLE,False,False,12.9,6,1,2,0,0,1,1,1,0,True
SYN0020,Synthetic Player 020,2025-26,2025-26_OKC_075,2026-03-04,OKC,DAL,True,False,15.2,7,1,4,1,0,1,1,1,1,True
SYN0020,Synthetic Player 020,2025-26,2025-26_OKC_076,2026-03-06,OKC,DEN,False,False,20.5,11,3,3,1,0,2,2,2,2,True
SYN0020,Synthetic Player 020,2025-26,2025-26_OKC_077,2026-03-08,OKC,DET,True,False,14.3,5,2,2,0,0,1,1,1,0,True
SYN0020,Synthetic Player 020,2025-26,2025-26_OKC_078,2026-03-11,OKC,GSW,False,False,12.5,4,2,2,0,0,1,1,1,0,True
SYN0020,Synthetic Player 020,2025-26,2025-26_OKC_079,2026-03-14,OKC,HOU,True,False,17.7,6,2,1,1,0,1,1,2,0,True
SYN0020,Synthetic Player 020,2025-26,2025-26_OKC_080,2026-03-16,OKC,IND,False,False,12.8,8,2,2,1,0,1,1,1,1,True
SYN0020,Synthetic Player 020,2025-26,2025-26_OKC_081,2026-03-19,OKC,LAC,True,False,18.3,13,1,3,1,0,1,1,2,1,True
SYN0021,Synthetic Player 021,2025-26,2025-26_ORL_000,2025-10-21,ORL,PHI,False,True,33.3,26,4,2,1,0,2,2,3,3,True
SYN0021,Synthetic Player 021,2025-26,2025-26_ORL_001,2025-10-23,ORL,PHX,True,True,26.3,13,3,1,1,0,2,2,2,1,True
SYN0021,Synthetic Player 021,2025-26,2025-26_ORL_002,2025-10-25,ORL,POR,False,True,31.1,22,3,2,1,0,2,2,4,2,True
SYN0021,Synthetic Player 021,2025-26,2025-26_ORL_003,2025-10-28,ORL,SAC,True,True,32.2,14,3,1,1,0,2,2,3,2,True
SYN0021,Synthetic Player 021,2025-26,2025-26_ORL_004,2025-10-30,ORL,SAS,False,True,32.4,17,4,4,1,0,3,2,3,2,True
SYN0021,Synthetic Player 021,2025-26,2025-26_ORL_005,2025-11-01,ORL,TOR,True,True,26.7,16,3,3,1,0,1,2,2,1,True
SYN0021,Synthetic Player 021,2025-26,2025-26_ORL_006,2025-11-03,ORL,UTA,False,True,25.2,9,4,1,1,0,2,2,2,1,True
SYN0021,Synthetic Player 021,2025-26,2025-26_ORL_007,2025-11-04,ORL,WAS,True,True,33.4,16,4,3,1,0,2,2,3,3,True
SYN0021,Synthetic Player 021,2025-26,2025-26_ORL_008,2025-11-06,ORL,ATL,False,True,30.1,14,4,3,0,0,2,1,3,2,True
SYN0021,Synthetic Player 021,2025-26,2025-26_ORL_009,2025-11-09,ORL,BOS,True,True,29.7,12,3,2,1,0,2,2,2,1,True
SYN0021,Synthetic Player 021,2025-26,2025-26_ORL_010,2025-11-11,ORL,BKN,False,True,32.3,22,6,3,2,0,2,2,4,5,True
SYN0021,Synthetic Player 021,2025-26,2025-26_ORL_011,2025-11-13,ORL,CHA,True,True,36.4,23,3,2,2,1,2,2,6,4,True
SYN0021,Synthetic Player 021,2025-26,2025-26_ORL_012,2025-11-15,ORL,CHI,False,True,31.1,15,3,3,1,1,2,2,2,2,True
SYN0021,Synthetic Player 021,2025-26,2025-26_ORL_013,2025-11-17,ORL,CLE,True,True,26.1,8,3,3,1,0,1,2,1,1,True
SYN0021,Synthetic Player 021,2025-26,2025-26_ORL_014,2025-11-19,ORL,DAL,False,True,33.1,17,3,3,1,0,2,2,2,2,True
SYN0021,Synthetic Player 021,2025-26,2025-26_ORL_015,2025-11-21,ORL,DEN,True,True,25.4,13,3,2,1,0,2,1,2,2,True
SYN0021,Synthetic Player 021,2025-26,2025-26_ORL_016,2025-11-23,ORL,DET,False,True,32.1,13,3,3,1,0,2,2,3,2,True
SYN0021,Synthetic Player 021,2025-26,2025-26_ORL_017,2025-11-25,ORL,GSW,True,True,37.5,20,6,5,1,0,2,2,3,2,True
SYN0021,Synthetic Player 021,2025-26,2025-26_ORL_018,2025-11-28,ORL,HOU,False,True,35.3,22,3,3,2,0,3,3,4,3,True
SYN0021,Synthetic Player 021,2025-26,2025-26_ORL_019,2025-11-30,ORL,IND,True,True,28.2,23,5,3,1,1,1,2,4,4,True
SYN0021,Synthetic Player 021,2025-26,2025-26_ORL_020,2025-12-02,ORL,LAC,False,True,41.4,19,4,4,1,1,3,2,3,2,True
SYN0021,Synthetic Player 021,2025-26,2025-26_ORL_021,2025-12-04,ORL,LAL,True,True,32.5,10,4,3,1,1,2,2,3,1,True
SYN0021,Synthetic Player 021,2025-26,2025-26_ORL_022,2025-12-07,ORL,MEM,False,False,22.6,8,3,2,1,0,1,2,1,1,True
SYN0021,Synthetic Player 021,2025-26,2025-26_ORL_023,2025-12-08,ORL,MIA,True,True,36.9,10,3,3,2,0,2,2,2,2,True
SYN0021,Synthetic Player 021,2025-26,2025-26_ORL_024,2025-12-10,ORL,MIL,False,True,31.2,10,3,2,1,0,2,3,2,2,True
SYN0021,Synthetic Player 021,2025-26,2025-26_ORL_025,2025-12-12,ORL,MIN,True,True,33.0,13,2,3,1,0,2,2,2,2,True
SYN0021,Synthetic Player 021,2025-26,2025-26_ORL_026,2025-12-13,ORL,NOP,False,True,32.2,12,2,4,2,0,2,2,1,1,True
SYN0021,Synthetic Player 021,2025-26,2025-26_ORL_027,2025-12-15,ORL,NYK,True,True,32.1,12,3,2,1,0,2,2,2,1,True
SYN0021,Synthetic Player 021,2025-26,2025-26_ORL_028,2025-12-17,ORL,OKC,False,True,32.0,21,5,5,1,0,2,2,4,2,True
SYN0021,Synthetic Player 021,2025-26,2025-26_ORL_029,2025-12-19,ORL,ORL,True,True,27.1,16,3,2,1,0,2,2,4,2,True
SYN0021,Synthetic Player 021,2025-26,2025-26_ORL_030,2025-12-21,ORL,PHI,False,True,33.0,15,4,3,2,1,2,2,3,2,True
SYN0021,Synthetic Player 021,2025-26,2025-26_ORL_031,2025-12-22,ORL,PHX,True,True,24.9,7,2,2,1,0,1,1,1,1,True
SYN0021,Synthetic Player 021,2025-26,2025-26_ORL_032,2025-12-24,ORL,POR,False,False,23.9,15,2,2,1,0,2,1,3,4,True
SYN0021,Synthetic Player 021,2025-26,2025-26_ORL_033,2025-12-25,ORL,SAC,True,True,36.1,20,3,2,1,0,2,2,4,2,True
SYN0021,Synthetic Player 021,2025-26,2025-26_ORL_034,2025-12-28,ORL,SAS,False,True,28.4,15,4,2,1,0,2,2,2,3,True
SYN0021,Synthetic Player 021,2025-26,2025-26_ORL_035,2025-12-29,ORL,TOR,True,True,27.3,13,3,2,1,0,2,2,2,2,True
SYN0021,Synthetic Player 021,2025-26,2025-26_ORL_036,2025-12-30,ORL,UTA,False,True,33.4,16,4,3,1,0,1,2,2,3,True
SYN0021,Synthetic Player 021,2025-26,2025-26_ORL_037,2025-12-31,ORL,WAS,True,True,30.9,20,3,2,1,1,2,2,4,3,True
SYN0021,Synthetic Player 021,2025-26,2025-26_ORL_038,2026-01-01,ORL,ATL,False,True,38.8,18,6,4,1,0,2,2,4,2,True
SYN0021,Synthetic Player 021,2025-26,2025-26_ORL_039,2026-01-03,ORL,BOS,True,True,29.4,11,2,3,1,0,2,2,3,1,True
SYN0021,Synthetic Player 021,2025-26,2025-26_ORL_040,2026-01-05,ORL,BKN,False,True,38.6,23,4,5,2,0,3,2,3,3,True
SYN0021,Synthetic Player 021,2025-26,2025-26_ORL_043,2026-01-10,ORL,CLE,True,True,34.4,11,5,4,1,0,2,2,2,1,True
SYN0021,Synthetic Player 021,2025-26,2025-26_ORL_044,2026-01-11,ORL,DAL,False,True,39.1,13,6,2,2,0,2,2,2,2,True
SYN0021,Synthetic Player 021,2025-26,2025-26_ORL_045,2026-01-13,ORL,DEN,True,True,30.5,9,3,2,1,0,2,2,1,2,True
SYN0021,Synthetic Player 021,2025-26,2025-26_ORL_046,2026-01-15,ORL,DET,False,True,31.6,15,4,4,1,0,2,2,5,3,True
SYN0021,Synthetic Player 021,2025-26,2025-26_ORL_047,2026-01-17,ORL,GSW,True,True,30.6,13,4,1,1,0,1,2,2,1,True
SYN0021,Synthetic Player 021,2025-26,2025-26_ORL_048,2026-01-19,ORL,HOU,False,True,32.6,11,5,2,1,0,1,1,2,1,True
SYN0021,Synthetic Player 021,2025-26,2025-26_ORL_049,2026-01-20,ORL,IND,True,True,28.0,7,3,5,1,0,2,2,1,1,True
SYN0021,Synthetic Player 021,2025-26,2025-26_ORL_050,2026-01-22,ORL,LAC,False,True,35.0,8,4,4,2,1,3,2,1,1,True
SYN0021,Synthetic Player 021,2025-26,2025-26_ORL_051,2026-01-23,ORL,LAL,True,True,36.3,12,3,3,2,0,2,2,2,2,True
SYN0021,Synthetic Player 021,2025-26,2025-26_ORL_052,2026-01-25,ORL,MEM,False,True,34.4,15,4,4,1,0,2,2,3,2,True
SYN0021,Synthetic Player 021,2025-26,2025-26_ORL_053,2026-01-27,ORL,MIA,True,True,26.1,12,3,3,1,0,1,1,2,2,True
SYN0021,Synthetic Player 021,2025-26,2025-26_ORL_054,2026-01-28,ORL,MIL,False,True,24.0,14,3,3,1,0,2,2,2,2,True
SYN0021,Synthetic Player 021,2025-26,2025-26_ORL_055,2026-01-30,ORL,MIN,True,True,28.1,13,3,3,1,0,2,2,1,1,True
SYN0021,Synthetic Player 021,2025-26,2025-26_ORL_056,2026-01-31,ORL,NOP,False,True,36.3,11,4,4,1,0,2,3,3,1,True
SYN0021,Synthetic Player 021,2025-26,2025-26_ORL_057,2026-02-02,ORL,NYK,True,True,36.3,21,4,4,1,0,2,2,4,3,True
SYN0021,Synthetic Player 021,2025-26,2025-26_ORL_058,2026-02-04,ORL,OKC,False,True,27.6,10,4,2,1,0,2,2,1,2,True
SYN0021,Synthetic Player 021,2025-26,2025-26_ORL_059,2026-02-05,ORL,ORL,True,True,30.9,10,3,4,1,0,1,2,2,1,True
SYN0021,Synthetic Player 021,2025-26,2025-26_ORL_060,2026-02-07,ORL,PHI,False,True,35.1,28,5,2,1,0,3,3,7,2,True
SYN0021,Synthetic Player 021,2025-26,2025-26_ORL_061,2026-02-10,ORL,PHX,True,False,23.5,9,2,1,1,0,2,1,1,1,True
SYN0021,Synthetic Player 021,2025-26,2025-26_ORL_062,2026-02-12,ORL,POR,False,True,30.9,14,5,3,1,0,2,2,3,2,True
SYN0021,Synthetic Player 021,2025-26,2025-26_ORL_063,2026-02-14,ORL,SAC,True,True,33.9,20,5,4,2,0,2,2,6,3,True
SYN0021,Synthetic Player 021,2025-26,2025-26_ORL_064,2026-02-16,ORL,SAS,False,True,34.2,17,3,2,2,0,3,2,3,2,True
SYN0021,Synthetic Player 021,2025-26,2025-26_ORL_065,2026-02-17,ORL,TOR,True,True,32.9,24,3,2,1,0,2,3,7,3,True
SYN0021,Synthetic Player 021,2025-26,2025-26_ORL_066,2026-02-19,ORL,UTA,False,True,35.3,14,6,2,1,1,1,2,3,1,True
SYN0021,Synthetic Player 021,2025-26,2025-26_ORL_067,2026-02-20,ORL,WAS,True,True,26.9,12,2,4,1,0,1,2,3,2,True
SYN0021,Synthetic Player 021,2025-26,2025-26_ORL_068,2026-02-22,ORL,ATL,False,True,31.5,10,4,3,1,0,1,2,1,1,True
SYN0021,Synthetic Player 021,2025-26,2025-26_ORL_069,2026-02-23,ORL,BOS,True,True,37.0,14,5,4,1,0,2,2,3,2,True
SYN0021,Synthetic Player 021,2025-26,2025-26_ORL_070,2026-02-25,ORL,BKN,False,True,31.9,27,5,4,1,0,2,2,3,3,True
SYN0021,Synthetic Player 021,2025-26,2025-26_ORL_071,2026-02-26,ORL,CHA,True,False,23.7,11,2,2,1,0,2,1,2,1,True
SYN0021,Synthetic Player 021,2025-26,2025-26_ORL_072,2026-02-28,ORL,CHI,False,True,35.3,11,4,3,2,0,2,3,1,1,True
SYN0021,Synthetic Player 021,2025-26,2025-26_ORL_073,2026-03-01,ORL,CLE,True,True,29.8,9,3,3,1,0,2,2,2,1,True
SYN0021,Synthetic Player 021,2025-26,2025-26_ORL_074,2026-03-02,ORL,DAL,False,True,36.5,18,2,3,1,0,2,2,2,2,True
SYN0021,Synthetic Player 021,2025-26,2025-26_ORL_075,2026-03-04,ORL,DEN,True,True,37.4,14,5,3,2,0,3,2,1,2,True
SYN0021,Synthetic Player 021,2025-26,2025-26_ORL_076,2026-03-06,ORL,DET,False,True,26.1,18,2,1,1,0,2,2,3,2,True
SYN0021,Synthetic Player 021,2025-26,2025-26_ORL_077,2026-03-08,ORL,GSW,True,True,29.6,23,3,2,1,0,2,2,5,2,True
SYN0021,Synthetic Player 021,2025-26,2025-26_ORL_078,2026-03-10,ORL,HOU,False,False,23.7,14,4,1,1,0,2,1,3,2,True
SYN0021,Synthetic Player 021,2025-26,2025-26_ORL_079,2026-03-12,ORL,IND,True,True,26.1,9,3,3,1,0,2,2,1,1,True
SYN0021,Synthetic Player 021,2025-26,2025-26_ORL_080,2026-03-14,ORL,LAC,False,True,32.8,9,3,4,1,1,2,2,2,1,True
SYN0021,Synthetic Player 021,2025-26,2025-26_ORL_081,2026-03-16,ORL,LAL,True,True,32.6,11,5,3,1,0,2,2,2,1,True
SYN0022,Synthetic Player 022,2025-26,2025-26_PHI_000,2025-10-22,PHI,PHX,False,True,24.7,21,5,4,1,0,2,2,4,2,True
SYN0022,Synthetic Player 022,2025-26,2025-26_PHI_001,2025-10-24,PHI,POR,True,True,25.7,13,4,3,1,1,2,2,3,1,True
SYN0022,Synthetic Player 022,2025-26,2025-26_PHI_002,2025-10-25,PHI,SAC,False,True,27.8,17,8,3,1,0,2,2,3,3,True
SYN0022,Synthetic Player 022,2025-26,2025-26_PHI_003,2025-10-27,PHI,SAS,True,True,24.2,9,3,2,1,0,2,1,1,1,True
SYN0022,Synthetic Player 022,2025-26,2025-26_PHI_010,2025-11-08,PHI,CHA,False,True,25.3,12,4,4,1,0,1,1,2,2,True
SYN0022,Synthetic Player 022,2025-26,2025-26_PHI_011,2025-11-10,PHI,CHI,True,True,33.7,22,10,6,1,1,2,2,3,2,True
SYN0022,Synthetic Player 022,2025-26,2025-26_PHI_012,2025-11-11,PHI,CLE,False,True,24.8,15,4,4,1,1,2,2,2,1,True
SYN0022,Synthetic Player 022,2025-26,2025-26_PHI_013,2025-11-12,PHI,DAL,True,True,30.5,21,6,3,1,1,2,2,3,2,True
SYN0022,Synthetic Player 022,2025-26,2025-26_PHI_014,2025-11-14,PHI,DEN,False,True,30.1,19,8,4,2,1,2,2,3,2,True
SYN0022,Synthetic Player 022,2025-26,2025-26_PHI_015,2025-11-16,PHI,DET,True,False,21.3,10,4,3,1,0,1,1,2,1,True
SYN0022,Synthetic Player 022,2025-26,2025-26_PHI_017,2025-11-20,PHI,HOU,True,True,29.5,15,6,3,0,1,3,1,3,1,True
SYN0022,Synthetic Player 022,2025-26,2025-26_PHI_018,2025-11-22,PHI,IND,False,False,22.9,19,5,2,1,0,1,1,3,2,True
SYN0022,Synthetic Player 022,2025-26,2025-26_PHI_019,2025-11-24,PHI,LAC,True,True,25.0,11,4,2,1,0,1,2,2,1,True
SYN0022,Synthetic Player 022,2025-26,2025-26_PHI_020,2025-11-26,PHI,LAL,False,True,33.7,21,6,3,2,1,2,2,4,2,True
SYN0022,Synthetic Player 022,2025-26,2025-26_PHI_021,2025-11-28,PHI,MEM,True,True,28.1,22,5,4,1,0,2,2,3,2,True
SYN0022,Synthetic Player 022,2025-26,2025-26_PHI_022,2025-11-29,PHI,MIA,False,True,27.2,16,5,4,1,0,2,1,3,1,True
SYN0022,Synthetic Player 022,2025-26,2025-26_PHI_023,2025-12-02,PHI,MIL,True,True,26.3,16,4,4,1,0,1,2,2,1,True
SYN0022,Synthetic Player 022,2025-26,2025-26_PHI_024,2025-12-04,PHI,MIN,False,False,22.4,15,3,2,0,0,2,2,3,2,True
SYN0022,Synthetic Player 022,2025-26,2025-26_PHI_025,2025-12-06,PHI,NOP,True,True,26.6,13,3,2,1,1,1,2,2,1,True
SYN0022,Synthetic Player 022,2025-26,2025-26_PHI_026,2025-12-08,PHI,NYK,False,False,21.8,14,4,3,1,0,1,2,2,2,True
SYN0022,Synthetic Player 022,2025-26,2025-26_PHI_027,2025-12-09,PHI,OKC,True,True,28.5,16,4,2,1,0,2,2,2,3,True
SYN0022,Synthetic Player 022,2025-26,2025-26_PHI_028,2025-12-10,PHI,ORL,False,True,28.5,12,6,4,1,0,2,2,2,1,True
SYN0022,Synthetic Player 022,2025-26,2025-26_PHI_029,2025-12-12,PHI,PHI,True,False,20.4,13,4,3,1,0,1,1,3,2,True
SYN0022,Synthetic Player 022,2025-26,2025-26_PHI_030,2025-12-14,PHI,PHX,False,True,29.3,16,7,3,1,0,2,2,1,2,True
SYN0022,Synthetic Player 022,2025-26,2025-26_PHI_031,2025-12-16,PHI,POR,True,True,26.0,22,3,4,1,1,2,2,2,1,True
SYN0022,Synthetic Player 022,2025-26,2025-26_PHI_032,2025-12-18,PHI,SAC,False,False,18.8,12,3,2,0,0,1,1,2,1,True
SYN0022,Synthetic Player 022,2025-26,2025-26_PHI_033,2025-12-20,PHI,SAS,True,True,26.7,19,4,3,1,0,1,2,2,2,True
SYN0022,Synthetic Player 022,2025-26,2025-26_PHI_034,2025-12-22,PHI,TOR,False,True,25.3,17,6,2,1,0,2,2,2,1,True
SYN0022,Synthetic Player 022,2025-26,2025-26_PHI_035,2025-12-25,PHI,UTA,True,True,24.2,16,4,3,1,0,1,2,2,3,True
SYN0022,Synthetic Player 022,2025-26,2025-26_PHI_036,2025-12-26,PHI,WAS,False,True,32.2,25,5,3,1,1,2,2,2,2,True
SYN0022,Synthetic Player 022,2025-26,2025-26_PHI_037,2025-12-27,PHI,ATL,True,True,29.6,13,5,4,1,1,2,2,2,1,True
SYN0022,Synthetic Player 022,2025-26,2025-26_PHI_038,2025-12-29,PHI,BOS,False,False,23.1,14,4,2,0,0,1,1,3,2,True
SYN0022,Synthetic Player 022,2025-26,2025-26_PHI_039,2025-12-31,PHI,BKN,True,True,28.2,16,5,3,1,0,2,2,1,2,True
SYN0022,Synthetic Player 022,2025-26,2025-26_PHI_040,2026-01-01,PHI,CHA,False,True,26.6,14,5,5,0,0,2,1,1,1,True
SYN0022,Synthetic Player 022,2025-26,2025-26_PHI_041,2026-01-02,PHI,CHI,True,True,31.3,14,5,5,1,1,2,2,3,1,True
SYN0022,Synthetic Player 022,2025-26,2025-26_PHI_042,2026-01-03,PHI,CLE,False,True,29.0,22,4,5,1,0,2,2,5,2,True
SYN0022,Synthetic Player 022,2025-26,2025-26_PHI_043,2026-01-05,PHI,DAL,True,False,21.6,12,4,2,1,0,1,2,2,1,True
SYN0022,Synthetic Player 022,2025-26,2025-26_PHI_044,2026-01-07,PHI,DEN,False,True,27.6,19,5,2,1,1,1,2,3,2,True
SYN0022,Synthetic Player 022,2025-26,2025-26_PHI_045,2026-01-08,PHI,DET,True,True,26.6,21,4,3,1,1,2,2,4,2,True
SYN0022,Synthetic Player 022,2025-26,2025-26_PHI_046,2026-01-10,PHI,GSW,False,True,27.1,19,5,4,0,0,2,2,2,2,True
SYN0022,Synthetic Player 022,2025-26,2025-26_PHI_047,2026-01-13,PHI,HOU,True,True,27.3,18,4,2,1,1,2,2,3,2,True
SYN0022,Synthetic Player 022,2025-26,2025-26_PHI_048,2026-01-15,PHI,IND,False,True,27.2,21,4,3,1,0,2,2,2,2,True
SYN0022,Synthetic Player 022,2025-26,2025-26_PHI_049,2026-01-17,PHI,LAC,True,True,24.5,21,3,3,1,1,1,2,3,1,True
SYN0022,Synthetic Player 022,2025-26,2025-26_PHI_050,2026-01-19,PHI,LAL,False,True,28.8,21,5,4,1,0,2,2,3,3,True
SYN0022,Synthetic Player 022,2025-26,2025-26_PHI_051,2026-01-20,PHI,MEM,True,False,21.8,12,7,2,1,0,1,2,2,1,True
SYN0022,Synthetic Player 022,2025-26,2025-26_PHI_052,2026-01-21,PHI,MIA,False,True,29.8,20,6,2,1,1,2,2,5,3,True
SYN0022,Synthetic Player 022,2025-26,2025-26_PHI_053,2026-01-22,PHI,MIL,True,False,19.4,9,3,3,1,0,1,2,1,1,True
SYN0022,Synthetic Player 022,2025-26,2025-26_PHI_054,2026-01-24,PHI,MIN,False,True,29.1,12,6,4,2,0,2,2,2,1,True
SYN0022,Synthetic Player 022,2025-26,2025-26_PHI_055,2026-01-25,PHI,NOP,True,True,32.2,32,5,4,1,1,2,2,4,5,True
SYN0022,Synthetic Player 022,2025-26,2025-26_PHI_056,2026-01-27,PHI,NYK,False,True,25.8,18,7,4,1,0,2,2,2,3,True
SYN0022,Synthetic Player 022,2025-26,2025-26_PHI_057,2026-01-29,PHI,OKC,True,True,32.7,26,6,3,1,0,3,2,5,3,True
SYN0022,Synthetic Player 022,2025-26,2025-26_PHI_058,2026-01-31,PHI,ORL,False,True,29.3,20,4,5,1,1,2,2,3,3,True
SYN0022,Synthetic Player 022,2025-26,2025-26_PHI_059,2026-02-02,PHI,PHI,True,True,31.0,19,6,4,1,1,1,1,3,3,True
SYN0022,Synthetic Player 022,2025-26,2025-26_PHI_060,2026-02-03,PHI,PHX,False,True,24.0,13,4,3,1,1,2,1,1,2,True
SYN0022,Synthetic Player 022,2025-26,2025-26_PHI_061,2026-02-05,PHI,POR,True,True,32.5,20,5,5,1,1,2,2,3,2,True
SYN0022,Synthetic Player 022,2025-26,2025-26_PHI_062,2026-02-07,PHI,SAC,False,True,24.1,17,3,4,0,0,1,1,2,2,True
SYN0022,Synthetic Player 022,2025-26,2025-26_PHI_063,2026-02-09,PHI,SAS,True,True,27.6,16,7,4,1,0,2,2,2,2,True
SYN0022,Synthetic Player 022,2025-26,2025-26_PHI_064,2026-02-11,PHI,TOR,False,True,35.7,23,7,4,1,1,2,2,4,2,True
SYN0022,Synthetic Player 022,2025-26,2025-26_PHI_065,2026-02-13,PHI,UTA,True,True,30.1,20,5,3,2,0,2,1,2,2,True
SYN0022,Synthetic Player 022,2025-26,2025-26_PHI_066,2026-02-14,PHI,WAS,False,True,24.7,11,4,4,1,0,2,1,2,1,True
SYN0022,Synthetic Player 022,2025-26,2025-26_PHI_067,2026-02-16,PHI,ATL,True,True,33.1,15,5,5,1,0,2,2,2,2,True
SYN0022,Synthetic Player 022,2025-26,2025-26_PHI_068,2026-02-17,PHI,BOS,False,True,38.4,20,6,5,2,1,3,2,3,2,True
SYN0022,Synthetic Player 022,2025-26,2025-26_PHI_069,2026-02-18,PHI,BKN,True,True,25.9,12,3,5,1,0,2,2,1,1,True
SYN0022,Synthetic Player 022,2025-26,2025-26_PHI_072,2026-02-24,PHI,CLE,False,False,21.8,14,4,3,1,0,1,1,2,2,True
SYN0022,Synthetic Player 022,2025-26,2025-26_PHI_073,2026-02-26,PHI,DAL,True,True,25.2,22,4,4,0,0,1,1,4,3,True
SYN0022,Synthetic Player 022,2025-26,2025-26_PHI_074,2026-02-28,PHI,DEN,False,True,25.9,12,6,4,1,0,2,2,2,2,True
SYN0022,Synthetic Player 022,2025-26,2025-26_PHI_075,2026-03-01,PHI,DET,True,True,24.0,20,4,5,1,0,1,1,3,2,True
SYN0022,Synthetic Player 022,2025-26,2025-26_PHI_076,2026-03-02,PHI,GSW,False,False,20.2,10,4,3,1,1,1,1,2,1,True
SYN0022,Synthetic Player 022,2025-26,2025-26_PHI_077,2026-03-04,PHI,HOU,True,True,30.0,17,7,5,1,0,2,2,2,2,True
SYN0022,Synthetic Player 022,2025-26,2025-26_PHI_078,2026-03-06,PHI,IND,False,True,25.0,11,5,3,1,1,2,2,2,1,True
SYN0022,Synthetic Player 022,2025-26,2025-26_PHI_079,2026-03-08,PHI,LAC,True,True,28.2,28,5,4,1,0,2,2,4,5,True
SYN0022,Synthetic Player 022,2025-26,2025-26_PHI_080,2026-03-09,PHI,LAL,False,True,27.8,15,4,5,1,0,2,2,2,2,True
SYN0022,Synthetic Player 022,2025-26,2025-26_PHI_081,2026-03-11,PHI,MEM,True,True,29.7,14,4,3,1,0,2,2,2,2,True
SYN0023,Synthetic Player 023,2025-26,2025-26_PHX_000,2025-10-23,PHX,POR,False,False,19.3,5,4,1,1,1,1,1,1,0,True
SYN0023,Synthetic Player 023,2025-26,2025-26_PHX_002,2025-10-26,PHX,SAS,False,False,16.2,4,2,1,0,1,1,1,0,0,True
SYN0023,Synthetic Player 023,2025-26,2025-26_PHX_003,2025-10-29,PHX,TOR,True,False,22.2,6,4,2,1,1,1,1,1,0,True
SYN0023,Synthetic Player 023,2025-26,2025-26_PHX_004,2025-10-30,PHX,UTA,False,False,16.3,4,3,1,1,1,1,1,1,0,True
SYN0023,Synthetic Player 023,2025-26,2025-26_PHX_005,2025-11-01,PHX,WAS,True,False,12.5,3,3,1,0,0,1,1,0,0,True
SYN0023,Synthetic Player 023,2025-26,2025-26_PHX_006,2025-11-02,PHX,ATL,False,False,9.7,2,2,1,0,0,1,1,0,0,True
SYN0023,Synthetic Player 023,2025-26,2025-26_PHX_007,2025-11-03,PHX,BOS,True,False,18.6,6,4,1,1,0,1,2,1,1,True
SYN0023,Synthetic Player 023,2025-26,2025-26_PHX_008,2025-11-05,PHX,BKN,False,False,5.4,2,1,0,0,0,0,0,0,0,True
SYN0023,Synthetic Player 023,2025-26,2025-26_PHX_009,2025-11-07,PHX,CHA,True,False,21.3,7,4,1,1,1,1,1,1,0,True
SYN0023,Synthetic Player 023,2025-26,2025-26_PHX_010,2025-11-08,PHX,CHI,False,False,19.0,7,4,1,1,0,1,1,1,1,True
SYN0023,Synthetic Player 023,2025-26,2025-26_PHX_011,2025-11-09,PHX,CLE,True,False,12.9,4,2,1,0,0,1,1,1,0,True
SYN0023,Synthetic Player 023,2025-26,2025-26_PHX_013,2025-11-13,PHX,DEN,True,False,16.7,4,3,1,0,1,1,1,1,0,True
SYN0023,Synthetic Player 023,2025-26,2025-26_PHX_014,2025-11-15,PHX,DET,False,False,12.3,3,3,1,0,1,1,1,1,0,True
SYN0023,Synthetic Player 023,2025-26,2025-26_PHX_015,2025-11-16,PHX,GSW,True,False,16.0,6,4,1,0,1,1,1,1,0,True
SYN0023,Synthetic Player 023,2025-26,2025-26_PHX_016,2025-11-18,PHX,HOU,False,True,24.6,7,5,1,1,1,1,2,1,0,True
SYN0023,Synthetic Player 023,2025-26,2025-26_PHX_017,2025-11-20,PHX,IND,True,False,13.2,5,3,1,0,0,1,1,1,0,True
SYN0023,Synthetic Player 023,2025-26,2025-26_PHX_018,2025-11-21,PHX,LAC,False,False,8.6,3,2,0,0,0,0,1,0,0,True
SYN0023,Synthetic Player 023,2025-26,2025-26_PHX_019,2025-11-24,PHX,LAL,True,False,13.4,4,2,1,0,0,1,1,0,0,True
SYN0023,Synthetic Player 023,2025-26,2025-26_PHX_020,2025-11-27,PHX,MEM,False,False,21.1,5,4,1,1,1,1,1,0,0,True
SYN0023,Synthetic Player 023,2025-26,2025-26_PHX_021,2025-11-29,PHX,MIA,True,False,9.2,4,2,1,0,0,1,1,1,0,True
SYN0023,Synthetic Player 023,2025-26,2025-26_PHX_022,2025-12-01,PHX,MIL,False,False,9.7,3,2,1,0,0,1,1,0,0,True
SYN0023,Synthetic Player 023,2025-26,2025-26_PHX_023,2025-12-03,PHX,MIN,True,False,15.8,5,4,1,1,1,1,1,1,0,True
SYN0023,Synthetic Player 023,2025-26,2025-26_PHX_024,2025-12-05,PHX,NOP,False,False,10.1,3,2,1,0,0,1,1,0,0,True
SYN0023,Synthetic Player 023,2025-26,2025-26_PHX_025,2025-12-06,PHX,NYK,True,False,16.8,7,3,1,0,0,1,1,1,0,True
SYN0023,Synthetic Player 023,2025-26,2025-26_PHX_026,2025-12-07,PHX,OKC,False,False,19.9,7,4,1,1,1,1,1,1,0,True
SYN0023,Synthetic Player 023,2025-26,2025-26_PHX_029,2025-12-12,PHX,PHX,True,False,10.8,3,2,0,0,0,1,1,0,0,True
SYN0023,Synthetic Player 023,2025-26,2025-26_PHX_030,2025-12-14,PHX,POR,False,False,21.0,6,3,1,1,1,1,2,1,0,True
SYN0023,Synthetic Player 023,2025-26,2025-26_PHX_031,2025-12-16,PHX,SAC,True,False,17.6,5,4,1,0,1,1,1,1,0,True
SYN0023,Synthetic Player 023,2025-26,2025-26_PHX_037,2025-12-26,PHX,BOS,True,False,16.9,6,3,1,0,1,1,1,1,0,True
SYN0023,Synthetic Player 023,2025-26,2025-26_PHX_038,2025-12-28,PHX,BKN,False,False,12.6,4,2,1,0,0,1,1,1,0,True
SYN0023,Synthetic Player 023,2025-26,2025-26_PHX_039,2025-12-29,PHX,CHA,True,False,11.1,5,2,1,0,0,0,1,1,0,True
SYN0023,Synthetic Player 023,2025-26,2025-26_PHX_040,2025-12-30,PHX,CHI,False,False,17.7,5,3,1,1,0,1,1,1,0,True
SYN0023,Synthetic Player 023,2025-26,2025-26_PHX_044,2026-01-05,PHX,DET,False,False,17.8,5,4,1,0,0,1,1,1,0,True
SYN0023,Synthetic Player 023,2025-26,2025-26_PHX_045,2026-01-07,PHX,GSW,True,False,12.6,6,2,1,0,0,1,1,1,0,True
SYN0023,Synthetic Player 023,2025-26,2025-26_PHX_046,2026-01-08,PHX,HOU,False,False,22.4,7,4,1,1,1,1,1,1,0,True
SYN0023,Synthetic Player 023,2025-26,2025-26_PHX_047,2026-01-11,PHX,IND,True,False,16.8,4,3,1,1,0,1,1,1,0,True
SYN0023,Synthetic Player 023,2025-26,2025-26_PHX_048,2026-01-12,PHX,LAC,False,False,16.7,5,3,1,0,0,1,1,1,0,True
SYN0023,Synthetic Player 023,2025-26,2025-26_PHX_049,2026-01-14,PHX,LAL,True,False,12.5,4,3,1,0,0,1,1,1,0,True
SYN0023,Synthetic Player 023,2025-26,2025-26_PHX_050,2026-01-16,PHX,MEM,False,False,11.8,4,2,1,0,0,0,1,0,0,True
SYN0023,Synthetic Player 023,2025-26,2025-26_PHX_051,2026-01-17,PHX,MIA,True,False,12.5,4,3,1,0,0,1,1,1,0,True
SYN0023,Synthetic Player 023,2025-26,2025-26_PHX_052,2026-01-19,PHX,MIL,False,False,20.4,5,4,1,1,1,1,1,1,0,True
SYN0023,Synthetic Player 023,2025-26,2025-26_PHX_053,2026-01-21,PHX,MIN,True,False,16.9,6,3,1,1,0,1,1,1,0,True
SYN0023,Synthetic Player 023,2025-26,2025-26_PHX_054,2026-01-23,PHX,NOP,False,False,22.9,11,4,2,1,1,1,2,1,1,True
SYN0023,Synthetic Player 023,2025-26,2025-26_PHX_055,2026-01-24,PHX,NYK,True,False,19.6,4,4,1,1,1,1,1,1,0,True
SYN0023,Synthetic Player 023,2025-26,2025-26_PHX_056,2026-01-26,PHX,OKC,False,False,13.4,4,3,1,0,0,1,1,0,0,True
SYN0023,Synthetic Player 023,2025-26,2025-26_PHX_057,2026-01-28,PHX,ORL,True,False,12.3,4,3,1,0,1,1,1,1,0,True
SYN0023,Synthetic Player 023,2025-26,2025-26_PHX_058,2026-01-31,PHX,PHI,False,False,18.1,5,3,1,0,0,1,1,1,0,True
SYN0023,Synthetic Player 023,2025-26,2025-26_PHX_059,2026-02-02,PHX,PHX,True,False,9.7,3,2,1,0,0,0,1,0,0,True
SYN0023,Synthetic Player 023,2025-26,2025-26_PHX_060,2026-02-04,PHX,POR,False,False,13.8,5,3,1,0,1,1,1,1,0,True
SYN0023,Synthetic Player 023,2025-26,2025-26_PHX_061,2026-02-06,PHX,SAC,True,False,13.2,5,3,1,0,0,1,1,1,0,True
SYN0023,Synthetic Player 023,2025-26,2025-26_PHX_062,2026-02-08,PHX,SAS,False,False,12.1,4,2,1,0,0,1,1,1,0,True
SYN0023,Synthetic Player 023,2025-26,2025-26_PHX_063,2026-02-09,PHX,TOR,True,False,16.2,6,3,1,0,0,1,1,1,0,True
SYN0023,Synthetic Player 023,2025-26,2025-26_PHX_064,2026-02-11,PHX,UTA,False,False,9.0,2,2,0,0,0,0,1,0,0,True
SYN0023,Synthetic Player 023,2025-26,2025-26_PHX_065,2026-02-13,PHX,WAS,True,False,16.5,4,4,1,1,0,1,1,0,0,True
SYN0023,Synthetic Player 023,2025-26,2025-26_PHX_066,2026-02-15,PHX,ATL,False,True,25.1,8,4,1,1,1,1,2,1,0,True
SYN0023,Synthetic Player 023,2025-26,2025-26_PHX_067,2026-02-17,PHX,BOS,True,False,19.5,8,5,1,1,0,1,1,1,0,True
SYN0023,Synthetic Player 023,2025-26,2025-26_PHX_068,2026-02-19,PHX,BKN,False,True,24.8,6,5,1,1,1,1,2,1,0,True
SYN0023,Synthetic Player 023,2025-26,2025-26_PHX_069,2026-02-21,PHX,CHA,True,False,18.0,5,4,1,1,0,1,1,1,0,True
SYN0023,Synthetic Player 023,2025-26,2025-26_PHX_070,2026-02-24,PHX,CHI,False,False,16.0,4,4,1,0,0,1,1,1,0,True
SYN0023,Synthetic Player 023,2025-26,2025-26_PHX_071,2026-02-26,PHX,CLE,True,False,13.4,4,2,1,0,1,1,1,1,0,True
SYN0023,Synthetic Player 023,2025-26,2025-26_PHX_072,2026-02-28,PHX,DAL,False,False,15.7,5,3,1,0,0,1,1,1,0,True
SYN0023,Synthetic Player 023,2025-26,2025-26_PHX_073,2026-03-02,PHX,DEN,True,False,9.1,4,2,0,0,0,0,1,1,0,True
SYN0023,Synthetic Player 023,2025-26,2025-26_PHX_074,2026-03-04,PHX,DET,False,False,15.9,4,4,1,0,1,1,1,1,0,True
SYN0023,Synthetic Player 023,2025-26,2025-26_PHX_076,2026-03-08,PHX,HOU,False,False,20.5,8,5,1,1,1,1,1,1,0,True
SYN0023,Synthetic Player 023,2025-26,2025-26_PHX_077,2026-03-09,PHX,IND,True,False,19.0,5,4,1,0,1,1,1,1,0,True
SYN0023,Synthetic Player 023,2025-26,2025-26_PHX_078,2026-03-12,PHX,LAC,False,False,14.4,4,4,1,0,0,1,1,1,0,True
SYN0023,Synthetic Player 023,2025-26,2025-26_PHX_079,2026-03-14,PHX,LAL,True,False,16.9,6,4,1,0,0,1,1,1,0,True
SYN0023,Synthetic Player 023,2025-26,2025-26_PHX_080,2026-03-15,PHX,MEM,False,False,6.9,2,1,0,0,0,0,0,0,0,True
SYN0023,Synthetic Player 023,2025-26,2025-26_PHX_081,2026-03-17,PHX,MIA,True,False,12.6,4,2,1,0,0,1,1,1,0,True
SYN0024,Synthetic Player 024,2025-26,2025-26_POR_000,2025-10-21,POR,SAC,False,True,25.6,7,9,2,1,1,1,2,1,0,True
SYN0024,Synthetic Player 024,2025-26,2025-26_POR_001,2025-10-23,POR,SAS,True,True,25.1,10,8,4,0,2,1,2,2,0,True
SYN0024,Synthetic Player 024,2025-26,2025-26_POR_002,2025-10-25,POR,TOR,False,False,23.6,11,6,2,1,1,1,2,1,0,True
SYN0024,Synthetic Player 024,2025-26,2025-26_POR_003,2025-10-27,POR,UTA,True,True,24.3,8,7,1,1,1,1,2,1,0,True
SYN0024,Synthetic Player 024,2025-26,2025-26_POR_004,2025-10-29,POR,WAS,False,False,18.0,8,5,1,1,1,1,1,1,0,True
SYN0024,Synthetic Player 024,2025-26,2025-26_POR_005,2025-11-01,POR,ATL,True,False,17.2,7,4,1,0,1,1,1,1,0,True
SYN0024,Synthetic Player 024,2025-26,2025-26_POR_006,2025-11-02,POR,BOS,False,True,32.0,15,8,3,1,2,2,3,1,0,True
SYN0024,Synthetic Player 024,2025-26,2025-26_POR_007,2025-11-05,POR,BKN,True,False,20.0,8,9,2,1,1,1,2,1,0,True
SYN0024,Synthetic Player 024,2025-26,2025-26_POR_008,2025-11-07,POR,CHA,False,True,30.7,15,11,3,1,2,2,3,2,0,True
SYN0024,Synthetic Player 024,2025-26,2025-26_POR_009,2025-11-09,POR,CHI,True,True,24.8,8,5,2,1,1,1,2,1,0,True
SYN0024,Synthetic Player 024,2025-26,2025-26_POR_010,2025-11-12,POR,CLE,False,False,23.5,7,9,3,1,1,1,2,1,0,True
SYN0024,Synthetic Player 024,2025-26,2025-26_POR_011,2025-11-15,POR,DAL,True,False,22.8,11,6,1,0,2,2,2,2,0,True
SYN0024,Synthetic Player 024,2025-26,2025-26_POR_012,2025-11-17,POR,DEN,False,False,18.5,5,5,1,0,1,1,2,1,0,True
SYN0024,Synthetic Player 024,2025-26,2025-26_POR_013,2025-11-19,POR,DET,True,False,23.0,10,6,3,0,1,2,2,1,0,True
SYN0024,Synthetic Player 024,2025-26,2025-26_POR_014,2025-11-21,POR,GSW,False,False,15.5,8,4,1,0,1,1,1,1,0,True
SYN0024,Synthetic Player 024,2025-26,2025-26_POR_015,2025-11-23,POR,HOU,True,False,23.8,9,7,2,0,1,2,2,2,0,True
SYN0024,Synthetic Player 024,2025-26,2025-26_POR_016,2025-11-25,POR,IND,False,False,15.3,5,4,1,0,1,1,1,1,0,True
SYN0024,Synthetic Player 024,2025-26,2025-26_POR_017,2025-11-26,POR,LAC,True,False,20.9,14,6,2,1,2,1,2,2,1,True
SYN0024,Synthetic Player 024,2025-26,2025-26_POR_018,2025-11-28,POR,LAL,False,False,14.2,6,5,2,0,1,1,1,2,0,True
SYN0024,Synthetic Player 024,2025-26,2025-26_POR_019,2025-11-30,POR,MEM,True,False,21.2,5,9,2,0,1,1,2,1,0,True
SYN0024,Synthetic Player 024,2025-26,2025-26_POR_020,2025-12-01,POR,MIA,False,False,20.4,8,5,1,0,1,1,2,2,0,True
SYN0024,Synthetic Player 024,2025-26,2025-26_POR_021,2025-12-02,POR,MIL,True,False,17.6,8,6,2,0,1,1,1,1,0,True
SYN0024,Synthetic Player 024,2025-26,2025-26_POR_022,2025-12-05,POR,MIN,False,True,26.5,13,5,3,0,1,1,2,3,0,True
SYN0024,Synthetic Player 024,2025-26,2025-26_POR_023,2025-12-07,POR,NOP,True,False,16.8,8,6,1,0,1,1,1,2,0,True
SYN0024,Synthetic Player 024,2025-26,2025-26_POR_024,2025-12-09,POR,NYK,False,False,16.8,7,6,3,0,1,1,1,1,0,True
SYN0024,Synthetic Player 024,2025-26,2025-26_POR_025,2025-12-11,POR,OKC,True,False,18.1,10,6,3,1,1,1,1,2,0,True
SYN0024,Synthetic Player 024,2025-26,2025-26_POR_026,2025-12-12,POR,ORL,False,False,21.2,5,9,2,1,2,1,2,1,0,True
SYN0024,Synthetic Player 024,2025-26,2025-26_POR_027,2025-12-15,POR,PHI,True,True,27.3,11,7,3,1,1,1,3,2,0,True
SYN0024,Synthetic Player 024,2025-26,2025-26_POR_028,2025-12-18,POR,PHX,False,False,20.1,6,4,2,0,1,1,2,1,0,True
SYN0024,Synthetic Player 024,2025-26,2025-26_POR_029,2025-12-20,POR,POR,True,True,25.2,9,8,2,0,1,2,2,2,0,True
SYN0024,Synthetic Player 024,2025-26,2025-26_POR_030,2025-12-21,POR,SAC,False,True,25.4,10,7,1,1,2,2,2,1,0,True
SYN0024,Synthetic Player 024,2025-26,2025-26_POR_031,2025-12-23,POR,SAS,True,False,19.1,8,6,2,0,1,1,2,2,0,True
SYN0024,Synthetic Player 024,2025-26,2025-26_POR_032,2025-12-25,POR,TOR,False,False,18.4,6,5,2,0,1,1,1,1,0,True
SYN0024,Synthetic Player 024,2025-26,2025-26_POR_033,2025-12-28,POR,UTA,True,True,28.0,12,7,3,1,1,1,3,2,1,True
SYN0024,Synthetic Player 024,2025-26,2025-26_POR_034,2025-12-30,POR,WAS,False,True,27.8,10,10,2,1,1,1,2,1,0,True
SYN0024,Synthetic Player 024,2025-26,2025-26_POR_035,2026-01-01,POR,ATL,True,False,19.5,7,5,2,0,1,1,2,2,0,True
SYN0024,Synthetic Player 024,2025-26,2025-26_POR_036,2026-01-03,POR,BOS,False,False,19.4,7,5,2,0,1,1,1,2,0,True
SYN0024,Synthetic Player 024,2025-26,2025-26_POR_037,2026-01-06,POR,BKN,True,False,13.3,6,4,1,0,0,1,1,1,0,True
SYN0024,Synthetic Player 024,2025-26,2025-26_POR_038,2026-01-07,POR,CHA,False,False,17.3,6,6,2,0,0,1,1,1,0,True
SYN0024,Synthetic Player 024,2025-26,2025-26_POR_039,2026-01-09,POR,CHI,True,False,16.1,9,5,1,0,1,1,1,1,0,True
SYN0024,Synthetic Player 024,2025-26,2025-26_POR_040,2026-01-11,POR,CLE,False,True,25.0,13,9,3,0,1,1,2,2,1,True
SYN0024,Synthetic Player 024,2025-26,2025-26_POR_041,2026-01-12,POR,DAL,True,False,20.2,13,5,2,0,1,1,2,2,0,True
SYN0024,Synthetic Player 024,2025-26,2025-26_POR_042,2026-01-14,POR,DEN,False,False,21.0,6,6,1,0,1,1,2,1,0,True
SYN0024,Synthetic Player 024,2025-26,2025-26_POR_043,2026-01-16,POR,DET,True,False,19.8,9,3,2,0,1,1,2,1,0,True
SYN0024,Synthetic Player 024,2025-26,2025-26_POR_044,2026-01-17,POR,GSW,False,True,27.8,6,7,4,1,1,1,3,1,0,True
SYN0024,Synthetic Player 024,2025-26,2025-26_POR_045,2026-01-19,POR,HOU,True,False,19.6,6,5,2,0,1,1,2,1,0,True
SYN0024,Synthetic Player 024,2025-26,2025-26_POR_046,2026-01-20,POR,IND,False,False,23.2,8,7,3,0,1,1,2,1,0,True
SYN0024,Synthetic Player 024,2025-26,2025-26_POR_047,2026-01-22,POR,LAC,True,False,19.1,9,4,2,1,1,1,2,1,0,True
SYN0024,Synthetic Player 024,2025-26,2025-26_POR_048,2026-01-24,POR,LAL,False,True,26.6,12,9,3,1,2,2,2,1,1,True
SYN0024,Synthetic Player 024,2025-26,2025-26_POR_049,2026-01-26,POR,MEM,True,False,19.8,13,6,2,0,1,1,1,2,0,True
SYN0024,Synthetic Player 024,2025-26,2025-26_POR_050,2026-01-27,POR,MIA,False,False,16.5,10,6,2,0,1,1,1,2,0,True
SYN0024,Synthetic Player 024,2025-26,2025-26_POR_051,2026-01-29,POR,MIL,True,False,18.5,12,5,1,0,1,1,1,1,0,True
SYN0024,Synthetic Player 024,2025-26,2025-26_POR_052,2026-01-30,POR,MIN,False,False,19.1,9,5,2,0,1,1,1,1,0,True
SYN0024,Synthetic Player 024,2025-26,2025-26_POR_053,2026-02-01,POR,NOP,True,True,24.8,11,8,2,1,1,1,2,2,0,True
SYN0024,Synthetic Player 024,2025-26,2025-26_POR_054,2026-02-03,POR,NYK,False,False,22.7,9,5,2,0,1,2,2,1,0,True
SYN0024,Synthetic Player 024,2025-26,2025-26_POR_055,2026-02-05,POR,OKC,True,True,24.8,6,8,3,1,2,1,2,1,0,True
SYN0024,Synthetic Player 024,2025-26,2025-26_POR_056,2026-02-08,POR,ORL,False,False,21.3,10,3,2,1,1,1,1,1,0,True
SYN0024,Synthetic Player 024,2025-26,2025-26_POR_060,2026-02-15,POR,SAC,False,False,17.6,5,6,2,0,1,1,2,1,0,True
SYN0024,Synthetic Player 024,2025-26,2025-26_POR_061,2026-02-17,POR,SAS,True,False,23.4,12,8,2,0,1,2,1,2,0,True
SYN0024,Synthetic Player 024,2025-26,2025-26_POR_062,2026-02-18,POR,TOR,False,False,21.3,10,6,2,1,1,1,2,1,0,True
SYN0024,Synthetic Player 024,2025-26,2025-26_POR_063,2026-02-19,POR,UTA,True,False,22.3,9,4,2,1,1,1,2,1,0,True
SYN0024,Synthetic Player 024,2025-26,2025-26_POR_064,2026-02-21,POR,WAS,False,False,22.1,7,7,2,1,1,1,2,2,0,True
SYN0024,Synthetic Player 024,2025-26,2025-26_POR_065,2026-02-22,POR,ATL,True,True,28.3,6,6,3,1,1,2,2,1,0,True
SYN0024,Synthetic Player 024,2025-26,2025-26_POR_066,2026-02-24,POR,BOS,False,False,15.4,6,4,1,1,1,1,1,1,0,True
SYN0024,Synthetic Player 024,2025-26,2025-26_POR_067,2026-02-26,POR,BKN,True,False,15.9,9,5,3,0,1,1,1,2,0,True
SYN0024,Synthetic Player 024,2025-26,2025-26_POR_068,2026-02-28,POR,CHA,False,False,20.6,7,5,2,0,1,1,2,1,0,True
SYN0024,Synthetic Player 024,2025-26,2025-26_POR_069,2026-03-02,POR,CHI,True,False,18.9,12,6,2,0,1,1,2,2,0,True
SYN0024,Synthetic Player 024,2025-26,2025-26_POR_070,2026-03-04,POR,CLE,False,False,22.8,8,9,3,1,2,1,2,1,0,True
SYN0024,Synthetic Player 024,2025-26,2025-26_POR_071,2026-03-05,POR,DAL,True,False,20.0,10,4,3,0,1,1,1,1,0,True
SYN0024,Synthetic Player 024,2025-26,2025-26_POR_072,2026-03-07,POR,DEN,False,False,22.2,8,6,2,0,1,1,2,1,0,True
SYN0024,Synthetic Player 024,2025-26,2025-26_POR_073,2026-03-08,POR,DET,True,False,18.3,8,4,2,0,1,1,1,1,0,True
SYN0024,Synthetic Player 024,2025-26,2025-26_POR_074,2026-03-09,POR,GSW,False,False,21.6,8,6,2,0,1,1,2,1,0,True
SYN0024,Synthetic Player 024,2025-26,2025-26_POR_075,2026-03-10,POR,HOU,True,False,22.2,11,5,3,0,1,2,2,2,0,True
SYN0024,Synthetic Player 024,2025-26,2025-26_POR_076,2026-03-13,POR,IND,False,False,19.1,9,4,2,0,1,1,2,2,0,True
SYN0024,Synthetic Player 024,2025-26,2025-26_POR_077,2026-03-14,POR,LAC,True,False,16.5,13,6,2,0,1,1,1,2,0,True
SYN0024,Synthetic Player 024,2025-26,2025-26_POR_078,2026-03-16,POR,LAL,False,False,23.4,6,9,2,1,1,1,2,1,0,True
SYN0024,Synthetic Player 024,2025-26,2025-26_POR_079,2026-03-17,POR,MEM,True,False,18.7,10,8,1,1,1,1,2,1,0,True
SYN0024,Synthetic Player 024,2025-26,2025-26_POR_080,2026-03-18,POR,MIA,False,False,19.8,4,3,2,0,1,1,2,1,0,True
SYN0024,Synthetic Player 024,2025-26,2025-26_POR_081,2026-03-21,POR,MIL,True,False,20.8,11,4,3,0,0,1,1,1,0,True
SYN0025,Synthetic Player 025,2025-26,2025-26_SAC_000,2025-10-22,SAC,SAS,False,False,17.6,7,2,3,1,0,1,1,1,1,True
SYN0025,Synthetic Player 025,2025-26,2025-26_SAC_001,2025-10-25,SAC,TOR,True,False,21.7,8,4,3,1,0,1,1,1,1,True
SYN0025,Synthetic Player 025,2025-26,2025-26_SAC_002,2025-10-27,SAC,UTA,False,False,23.9,9,3,4,1,0,2,1,2,1,True
SYN0025,Synthetic Player 025,2025-26,2025-26_SAC_003,2025-10-30,SAC,WAS,True,False,11.5,6,2,3,1,0,1,1,1,1,True
SYN0025,Synthetic Player 025,2025-26,2025-26_SAC_004,2025-11-01,SAC,ATL,False,False,15.6,8,2,2,1,0,1,1,2,1,True
SYN0025,Synthetic Player 025,2025-26,2025-26_SAC_005,2025-11-03,SAC,BOS,True,False,22.1,12,3,3,1,0,2,1,2,1,True
SYN0025,Synthetic Player 025,2025-26,2025-26_SAC_011,2025-11-14,SAC,DEN,True,False,22.7,12,4,4,1,0,2,1,2,1,True
SYN0025,Synthetic Player 025,2025-26,2025-26_SAC_012,2025-11-16,SAC,DET,False,True,30.1,19,4,4,1,0,3,2,3,3,True
SYN0025,Synthetic Player 025,2025-26,2025-26_SAC_013,2025-11-18,SAC,GSW,True,True,26.1,14,4,5,1,0,2,1,2,2,True
SYN0025,Synthetic Player 025,2025-26,2025-26_SAC_014,2025-11-20,SAC,HOU,False,False,18.6,9,3,3,1,0,2,1,1,1,True
SYN0025,Synthetic Player 025,2025-26,2025-26_SAC_015,2025-11-22,SAC,IND,True,False,16.4,11,2,2,1,0,1,1,1,1,True
SYN0025,Synthetic Player 025,2025-26,2025-26_SAC_016,2025-11-24,SAC,LAC,False,False,12.1,6,2,3,1,0,1,1,1,1,True
SYN0025,Synthetic Player 025,2025-26,2025-26_SAC_017,2025-11-26,SAC,LAL,True,False,23.0,13,4,4,1,0,2,1,2,1,True
SYN0025,Synthetic Player 025,2025-26,2025-26_SAC_018,2025-11-27,SAC,MEM,False,True,26.1,12,5,4,1,0,3,2,3,2,True
SYN0025,Synthetic Player 025,2025-26,2025-26_SAC_021,2025-12-02,SAC,MIN,True,False,17.2,7,2,2,1,0,2,1,1,1,True
SYN0025,Synthetic Player 025,2025-26,2025-26_SAC_022,2025-12-04,SAC,NOP,False,False,21.9,8,3,3,1,0,2,1,2,1,True
SYN0025,Synthetic Player 025,2025-26,2025-26_SAC_024,2025-12-09,SAC,OKC,False,False,21.3,12,3,5,1,0,2,1,2,2,True
SYN0025,Synthetic Player 025,2025-26,2025-26_SAC_025,2025-12-10,SAC,ORL,True,False,21.0,11,2,4,1,0,2,1,2,1,True
SYN0025,Synthetic Player 025,2025-26,2025-26_SAC_026,2025-12-12,SAC,PHI,False,False,23.4,19,4,4,1,0,2,1,3,2,True
SYN0025,Synthetic Player 025,2025-26,2025-26_SAC_040,2026-01-06,SAC,DAL,False,True,24.7,12,4,5,1,0,3,1,2,1,True
SYN0025,Synthetic Player 025,2025-26,2025-26_SAC_041,2026-01-07,SAC,DEN,True,False,23.4,10,4,4,1,0,2,1,2,1,True
SYN0025,Synthetic Player 025,2025-26,2025-26_SAC_042,2026-01-09,SAC,DET,False,False,18.0,20,2,3,1,0,2,1,4,3,True
SYN0025,Synthetic Player 025,2025-26,2025-26_SAC_043,2026-01-12,SAC,GSW,True,False,17.9,10,3,3,1,0,1,1,2,1,True
SYN0025,Synthetic Player 025,2025-26,2025-26_SAC_044,2026-01-14,SAC,HOU,False,False,21.7,10,3,3,1,0,2,1,2,1,True
SYN0025,Synthetic Player 025,2025-26,2025-26_SAC_045,2026-01-16,SAC,IND,True,False,18.7,9,3,4,1,0,2,1,2,1,True
SYN0025,Synthetic Player 025,2025-26,2025-26_SAC_046,2026-01-18,SAC,LAC,False,False,19.2,10,2,3,1,0,1,1,1,1,True
SYN0025,Synthetic Player 025,2025-26,2025-26_SAC_047,2026-01-20,SAC,LAL,True,True,28.9,16,6,6,1,0,2,2,2,2,True
SYN0025,Synthetic Player 025,2025-26,2025-26_SAC_048,2026-01-21,SAC,MEM,False,False,16.8,7,2,3,1,0,1,1,1,1,True
SYN0025,Synthetic Player 025,2025-26,2025-26_SAC_049,2026-01-23,SAC,MIA,True,False,19.4,9,4,5,1,0,2,1,1,1,True
SYN0025,Synthetic Player 025,2025-26,2025-26_SAC_050,2026-01-24,SAC,MIL,False,False,18.3,11,2,3,1,0,2,1,2,2,True
SYN0025,Synthetic Player 025,2025-26,2025-26_SAC_051,2026-01-26,SAC,MIN,True,True,24.2,16,3,7,1,0,2,2,2,2,True
SYN0025,Synthetic Player 025,2025-26,2025-26_SAC_052,2026-01-28,SAC,NOP,False,True,24.7,10,4,6,1,0,2,1,2,1,True
SYN0025,Synthetic Player 025,2025-26,2025-26_SAC_053,2026-01-30,SAC,NYK,True,True,30.0,21,4,7,1,0,3,2,3,2,True
SYN0025,Synthetic Player 025,2025-26,2025-26_SAC_054,2026-01-31,SAC,OKC,False,True,28.0,17,3,6,1,0,2,2,3,1,True
SYN0025,Synthetic Player 025,2025-26,2025-26_SAC_055,2026-02-02,SAC,ORL,True,False,21.5,9,3,4,1,0,2,1,2,1,True
SYN0025,Synthetic Player 025,2025-26,2025-26_SAC_056,2026-02-03,SAC,PHI,False,False,14.8,10,2,3,0,0,2,1,2,1,True
SYN0025,Synthetic Player 025,2025-26,2025-26_SAC_059,2026-02-09,SAC,SAC,True,True,24.8,13,3,5,1,0,1,1,2,1,True
SYN0025,Synthetic Player 025,2025-26,2025-26_SAC_060,2026-02-10,SAC,SAS,False,True,27.2,9,3,5,1,0,2,2,2,1,True
SYN0025,Synthetic Player 025,2025-26,2025-26_SAC_061,2026-02-11,SAC,TOR,True,False,22.4,13,3,5,1,0,2,1,2,2,True
SYN0025,Synthetic Player 025,2025-26,2025-26_SAC_062,2026-02-13,SAC,UTA,False,True,29.8,20,6,4,1,0,3,2,4,2,True
SYN0025,Synthetic Player 025,2025-26,2025-26_SAC_063,2026-02-15,SAC,WAS,True,False,17.8,12,2,3,1,0,1,1,3,2,True
SYN0025,Synthetic Player 025,2025-26,2025-26_SAC_064,2026-02-16,SAC,ATL,False,True,26.4,14,3,4,1,0,3,2,2,1,True
SYN0025,Synthetic Player 025,2025-26,2025-26_SAC_065,2026-02-17,SAC,BOS,True,False,18.5,8,3,4,1,0,1,1,2,1,True
SYN0025,Synthetic Player 025,2025-26,2025-26_SAC_066,2026-02-19,SAC,BKN,False,False,22.7,13,4,4,1,0,2,1,2,2,True
SYN0025,Synthetic Player 025,2025-26,2025-26_SAC_067,2026-02-21,SAC,CHA,True,False,15.5,6,3,4,0,0,1,1,1,1,True
SYN0025,Synthetic Player 025,2025-26,2025-26_SAC_068,2026-02-23,SAC,CHI,False,True,25.6,15,4,6,1,0,2,1,3,1,True
SYN0025,Synthetic Player 025,2025-26,2025-26_SAC_069,2026-02-24,SAC,CLE,True,False,23.7,13,3,6,1,0,2,1,3,1,True
SYN0025,Synthetic Player 025,2025-26,2025-26_SAC_070,2026-02-25,SAC,DAL,False,False,19.5,7,2,3,1,0,2,1,1,1,True
SYN0025,Synthetic Player 025,2025-26,2025-26_SAC_071,2026-02-27,SAC,DEN,True,False,23.7,10,4,5,1,0,2,1,1,1,True
SYN0025,Synthetic Player 025,2025-26,2025-26_SAC_072,2026-03-01,SAC,DET,False,False,17.2,9,3,3,1,0,1,1,1,1,True
SYN0025,Synthetic Player 025,2025-26,2025-26_SAC_073,2026-03-03,SAC,GSW,True,True,25.8,13,5,5,2,0,2,1,2,2,True
SYN0025,Synthetic Player 025,2025-26,2025-26_SAC_077,2026-03-10,SAC,LAL,True,False,22.9,16,3,4,1,0,2,1,2,2,True
SYN0025,Synthetic Player 025,2025-26,2025-26_SAC_078,2026-03-12,SAC,MEM,False,True,25.4,7,3,5,1,0,2,1,1,0,True
SYN0025,Synthetic Player 025,2025-26,2025-26_SAC_079,2026-03-14,SAC,MIA,True,False,13.3,8,3,2,0,0,1,1,2,1,True
SYN0025,Synthetic Player 025,2025-26,2025-26_SAC_080,2026-03-16,SAC,MIL,False,False,22.4,14,3,4,1,0,2,1,2,2,True
SYN0025,Synthetic Player 025,2025-26,2025-26_SAC_081,2026-03-17,SAC,MIN,True,True,28.5,14,3,8,1,0,3,1,2,1,True
SYN0026,Synthetic Player 026,2025-26,2025-26_SAS_003,2025-10-27,SAS,ATL,True,True,33.5,23,4,4,1,0,2,2,4,4,True
SYN0026,Synthetic Player 026,2025-26,2025-26_SAS_004,2025-10-28,SAS,BOS,False,True,29.2,24,5,4,1,0,2,2,6,4,True
SYN0026,Synthetic Player 026,2025-26,2025-26_SAS_005,2025-10-30,SAS,BKN,True,True,34.8,21,4,3,1,0,2,2,5,2,True
SYN0026,Synthetic Player 026,2025-26,2025-26_SAS_009,2025-11-07,SAS,DAL,True,True,30.6,21,4,4,1,0,2,2,4,3,True
SYN0026,Synthetic Player 026,2025-26,2025-26_SAS_010,2025-11-09,SAS,DEN,False,True,27.7,14,4,2,1,0,2,2,2,3,True
SYN0026,Synthetic Player 026,2025-26,2025-26_SAS_011,2025-11-10,SAS,DET,True,True,37.7,23,5,6,1,0,3,2,4,4,True
SYN0026,Synthetic Player 026,2025-26,2025-26_SAS_012,2025-11-12,SAS,GSW,False,True,28.1,20,4,2,1,0,2,2,4,2,True
SYN0026,Synthetic Player 026,2025-26,2025-26_SAS_013,2025-11-13,SAS,HOU,True,True,40.4,21,6,4,1,0,2,3,5,3,True
SYN0026,Synthetic Player 026,2025-26,2025-26_SAS_014,2025-11-15,SAS,IND,False,True,28.4,14,4,3,1,1,2,2,2,2,True
SYN0026,Synthetic Player 026,2025-26,2025-26_SAS_015,2025-11-17,SAS,LAC,True,True,28.2,15,4,3,1,0,2,1,3,1,True
SYN0026,Synthetic Player 026,2025-26,2025-26_SAS_016,2025-11-19,SAS,LAL,False,True,34.2,22,4,4,1,1,2,2,4,2,True
SYN0026,Synthetic Player 026,2025-26,2025-26_SAS_017,2025-11-20,SAS,MEM,True,True,31.6,13,6,3,1,0,2,2,2,1,True
SYN0026,Synthetic Player 026,2025-26,2025-26_SAS_018,2025-11-22,SAS,MIA,False,True,28.3,13,3,4,1,1,2,1,2,1,True
SYN0026,Synthetic Player 026,2025-26,2025-26_SAS_019,2025-11-24,SAS,MIL,True,True,27.4,14,5,3,1,0,2,2,2,2,True
SYN0026,Synthetic Player 026,2025-26,2025-26_SAS_020,2025-11-25,SAS,MIN,False,True,32.0,14,4,2,1,0,2,2,2,2,True
SYN0026,Synthetic Player 026,2025-26,2025-26_SAS_021,2025-11-26,SAS,NOP,True,True,29.2,12,5,4,1,0,2,2,2,2,True
SYN0026,Synthetic Player 026,2025-26,2025-26_SAS_022,2025-11-28,SAS,NYK,False,False,23.4,14,3,2,1,0,1,1,2,1,True
SYN0026,Synthetic Player 026,2025-26,2025-26_SAS_023,2025-11-30,SAS,OKC,True,True,34.3,17,4,6,1,0,2,3,2,2,True
SYN0026,Synthetic Player 026,2025-26,2025-26_SAS_024,2025-12-01,SAS,ORL,False,True,24.4,14,3,3,1,0,2,2,2,2,True
SYN0026,Synthetic Player 026,2025-26,2025-26_SAS_025,2025-12-03,SAS,PHI,True,True,26.2,15,5,3,1,0,1,2,2,2,True
SYN0026,Synthetic Player 026,2025-26,2025-26_SAS_026,2025-12-05,SAS,PHX,False,True,28.4,19,3,4,1,1,1,2,3,2,True
SYN0026,Synthetic Player 026,2025-26,2025-26_SAS_027,2025-12-07,SAS,POR,True,True,27.8,13,3,2,1,0,2,2,2,2,True
SYN0026,Synthetic Player 026,2025-26,2025-26_SAS_028,2025-12-10,SAS,SAC,False,True,33.6,27,5,5,1,0,2,2,5,3,True
SYN0026,Synthetic Player 026,2025-26,2025-26_SAS_029,2025-12-11,SAS,SAS,True,True,27.0,13,4,2,1,0,1,1,2,2,True
SYN0026,Synthetic Player 026,2025-26,2025-26_SAS_030,2025-12-14,SAS,TOR,False,True,33.0,26,4,5,1,0,2,2,3,4,True
SYN0026,Synthetic Player 026,2025-26,2025-26_SAS_031,2025-12-16,SAS,UTA,True,True,36.7,39,4,5,1,1,2,2,6,6,True
SYN0026,Synthetic Player 026,2025-26,2025-26_SAS_032,2025-12-18,SAS,WAS,False,True,30.5,12,4,4,1,0,2,2,2,1,True
SYN0026,Synthetic Player 026,2025-26,2025-26_SAS_034,2025-12-22,SAS,BOS,False,True,28.6,15,3,3,1,0,2,2,2,3,True
SYN0026,Synthetic Player 026,2025-26,2025-26_SAS_035,2025-12-24,SAS,BKN,True,True,27.2,14,3,4,1,0,2,1,3,2,True
SYN0026,Synthetic Player 026,2025-26,2025-26_SAS_036,2025-12-26,SAS,CHA,False,True,34.9,16,4,5,1,0,2,2,2,1,True
SYN0026,Synthetic Player 026,2025-26,2025-26_SAS_038,2025-12-29,SAS,CLE,False,True,26.0,11,2,3,1,0,2,2,2,1,True
SYN0026,Synthetic Player 026,2025-26,2025-26_SAS_039,2025-12-30,SAS,DAL,True,True,30.2,14,4,3,2,1,2,2,2,2,True
SYN0026,Synthetic Player 026,2025-26,2025-26_SAS_040,2025-12-31,SAS,DEN,False,True,26.3,15,3,2,1,0,2,2,2,2,True
SYN0026,Synthetic Player 026,2025-26,2025-26_SAS_041,2026-01-02,SAS,DET,True,True,33.1,24,3,3,1,0,2,2,3,4,True
SYN0026,Synthetic Player 026,2025-26,2025-26_SAS_042,2026-01-05,SAS,GSW,False,True,34.0,20,5,4,1,0,2,2,4,2,True
SYN0026,Synthetic Player 026,2025-26,2025-26_SAS_043,2026-01-06,SAS,HOU,True,True,25.4,11,3,5,0,0,1,2,2,2,True
SYN0026,Synthetic Player 026,2025-26,2025-26_SAS_044,2026-01-07,SAS,IND,False,True,34.6,22,4,5,1,0,2,2,3,3,True
SYN0026,Synthetic Player 026,2025-26,2025-26_SAS_045,2026-01-09,SAS,LAC,True,False,21.7,13,3,3,1,0,2,1,2,2,True
SYN0026,Synthetic Player 026,2025-26,2025-26_SAS_046,2026-01-10,SAS,LAL,False,True,24.8,20,3,3,1,0,2,2,5,2,True
SYN0026,Synthetic Player 026,2025-26,2025-26_SAS_047,2026-01-12,SAS,MEM,True,True,27.9,15,3,2,1,0,1,2,2,1,True
SYN0026,Synthetic Player 026,2025-26,2025-26_SAS_050,2026-01-19,SAS,MIN,False,True,32.7,20,5,4,1,1,2,2,4,1,True
SYN0026,Synthetic Player 026,2025-26,2025-26_SAS_051,2026-01-22,SAS,NOP,True,True,34.7,20,6,6,1,0,2,2,4,2,True
SYN0026,Synthetic Player 026,2025-26,2025-26_SAS_052,2026-01-25,SAS,NYK,False,True,33.1,23,5,3,1,0,2,2,4,2,True
SYN0026,Synthetic Player 026,2025-26,2025-26_SAS_053,2026-01-26,SAS,OKC,True,True,25.3,15,2,2,1,0,2,1,4,1,True
SYN0026,Synthetic Player 026,2025-26,2025-26_SAS_054,2026-01-27,SAS,ORL,False,True,28.1,23,3,3,1,0,1,2,4,2,True
SYN0026,Synthetic Player 026,2025-26,2025-26_SAS_055,2026-01-29,SAS,PHI,True,True,32.8,19,4,2,2,0,2,2,4,2,True
SYN0026,Synthetic Player 026,2025-26,2025-26_SAS_056,2026-01-30,SAS,PHX,False,True,32.1,22,4,5,1,0,1,2,4,4,True
SYN0026,Synthetic Player 026,2025-26,2025-26_SAS_066,2026-02-18,SAS,CHA,False,True,36.3,28,6,5,1,0,3,2,3,4,True
SYN0026,Synthetic Player 026,2025-26,2025-26_SAS_067,2026-02-19,SAS,CHI,True,True,31.4,29,5,4,2,0,3,2,5,4,True
SYN0026,Synthetic Player 026,2025-26,2025-26_SAS_068,2026-02-20,SAS,CLE,False,True,38.6,19,3,5,1,0,2,2,3,3,True
SYN0026,Synthetic Player 026,2025-26,2025-26_SAS_069,2026-02-21,SAS,DAL,True,True,32.5,21,3,2,1,0,2,2,2,3,True
SYN0026,Synthetic Player 026,2025-26,2025-26_SAS_070,2026-02-22,SAS,DEN,False,True,25.9,14,4,3,1,0,2,2,2,1,True
SYN0026,Synthetic Player 026,2025-26,2025-26_SAS_071,2026-02-24,SAS,DET,True,True,32.9,20,3,4,1,1,2,2,3,2,True
SYN0026,Synthetic Player 026,2025-26,2025-26_SAS_072,2026-02-26,SAS,GSW,False,True,27.7,28,4,3,0,0,1,2,4,4,True
SYN0026,Synthetic Player 026,2025-26,2025-26_SAS_073,2026-02-28,SAS,HOU,True,True,27.5,17,3,3,1,0,1,1,2,2,True
SYN0026,Synthetic Player 026,2025-26,2025-26_SAS_074,2026-03-01,SAS,IND,False,True,32.0,33,5,4,1,0,2,2,5,4,True
SYN0026,Synthetic Player 026,2025-26,2025-26_SAS_075,2026-03-03,SAS,LAC,True,True,28.3,15,4,3,1,0,2,2,2,2,True
SYN0026,Synthetic Player 026,2025-26,2025-26_SAS_077,2026-03-05,SAS,MEM,True,True,28.8,12,3,3,1,0,2,2,2,2,True
SYN0026,Synthetic Player 026,2025-26,2025-26_SAS_078,2026-03-07,SAS,MIA,False,True,29.5,13,5,3,1,0,2,2,3,1,True
SYN0026,Synthetic Player 026,2025-26,2025-26_SAS_079,2026-03-08,SAS,MIL,True,True,29.0,23,5,3,1,0,2,2,5,2,True
SYN0026,Synthetic Player 026,2025-26,2025-26_SAS_080,2026-03-10,SAS,MIN,False,True,31.0,14,3,4,1,0,2,2,3,3,True
SYN0026,Synthetic Player 026,2025-26,2025-26_SAS_081,2026-03-12,SAS,NOP,True,True,26.4,19,4,3,1,0,2,2,3,2,True
SYN0027,Synthetic Player 027,2025-26,2025-26_TOR_000,2025-10-21,TOR,UTA,False,False,17.2,12,3,2,1,0,1,1,1,2,True
SYN0027,Synthetic Player 027,2025-26,2025-26_TOR_001,2025-10-22,TOR,WAS,True,False,14.3,10,2,4,1,0,1,1,1,1,True
SYN0027,Synthetic Player 027,2025-26,2025-26_TOR_002,2025-10-24,TOR,ATL,False,False,17.1,11,3,2,0,0,1,1,1,1,True
SYN0027,Synthetic Player 027,2025-26,2025-26_TOR_003,2025-10-27,TOR,BOS,True,False,19.9,10,5,4,0,0,2,1,1,1,True
SYN0027,Synthetic Player 027,2025-26,2025-26_TOR_004,2025-10-28,TOR,BKN,False,False,21.2,10,4,3,1,0,1,1,2,1,True
SYN0027,Synthetic Player 027,2025-26,2025-26_TOR_005,2025-10-30,TOR,CHA,True,False,12.5,8,2,2,0,0,1,1,1,1,True
SYN0027,Synthetic Player 027,2025-26,2025-26_TOR_006,2025-10-31,TOR,CHI,False,False,12.4,9,2,3,0,0,1,1,2,1,True
SYN0027,Synthetic Player 027,2025-26,2025-26_TOR_007,2025-11-02,TOR,CLE,True,False,10.3,8,1,2,0,0,1,1,1,1,True
SYN0027,Synthetic Player 027,2025-26,2025-26_TOR_008,2025-11-04,TOR,DAL,False,False,9.9,6,1,1,0,0,1,1,1,1,True
SYN0027,Synthetic Player 027,2025-26,2025-26_TOR_009,2025-11-06,TOR,DEN,True,False,18.9,14,3,5,0,0,2,1,2,1,True
SYN0027,Synthetic Player 027,2025-26,2025-26_TOR_010,2025-11-08,TOR,DET,False,False,8.6,4,2,2,0,0,0,0,0,0,True
SYN0027,Synthetic Player 027,2025-26,2025-26_TOR_011,2025-11-10,TOR,GSW,True,False,8.3,6,2,1,0,0,1,0,1,1,True
SYN0027,Synthetic Player 027,2025-26,2025-26_TOR_012,2025-11-11,TOR,HOU,False,False,14.0,8,3,3,0,0,1,1,1,1,True
SYN0027,Synthetic Player 027,2025-26,2025-26_TOR_013,2025-11-12,TOR,IND,True,False,7.1,5,1,1,0,0,1,0,1,0,True
SYN0027,Synthetic Player 027,2025-26,2025-26_TOR_014,2025-11-14,TOR,LAC,False,False,10.2,8,2,1,0,0,0,1,1,1,True
SYN0027,Synthetic Player 027,2025-26,2025-26_TOR_015,2025-11-16,TOR,LAL,True,False,11.1,7,2,2,0,0,1,1,1,1,True
SYN0027,Synthetic Player 027,2025-26,2025-26_TOR_016,2025-11-18,TOR,MEM,False,False,7.3,4,2,1,0,0,1,1,1,0,True
SYN0027,Synthetic Player 027,2025-26,2025-26_TOR_017,2025-11-20,TOR,MIA,True,False,14.1,9,2,1,1,0,1,1,1,1,True
SYN0027,Synthetic Player 027,2025-26,2025-26_TOR_018,2025-11-22,TOR,MIL,False,False,8.4,7,1,2,0,0,1,1,1,1,True
SYN0027,Synthetic Player 027,2025-26,2025-26_TOR_019,2025-11-23,TOR,MIN,True,False,13.5,11,2,3,0,0,1,1,2,1,True
SYN0027,Synthetic Player 027,2025-26,2025-26_TOR_020,2025-11-25,TOR,NOP,False,False,11.9,5,2,2,0,0,1,1,1,0,True
SYN0027,Synthetic Player 027,2025-26,2025-26_TOR_021,2025-11-28,TOR,NYK,True,False,5.1,4,1,1,0,0,0,0,1,0,True
SYN0027,Synthetic Player 027,2025-26,2025-26_TOR_022,2025-11-30,TOR,OKC,False,False,11.4,7,2,2,0,0,1,1,2,1,True
SYN0027,Synthetic Player 027,2025-26,2025-26_TOR_023,2025-12-02,TOR,ORL,True,False,11.2,6,2,1,1,0,1,1,1,1,True
SYN0027,Synthetic Player 027,2025-26,2025-26_TOR_024,2025-12-04,TOR,PHI,False,False,17.4,8,3,3,1,0,2,1,1,1,True
SYN0027,Synthetic Player 027,2025-26,2025-26_TOR_025,2025-12-06,TOR,PHX,True,False,17.8,12,2,3,1,0,1,1,2,1,True
SYN0027,Synthetic Player 027,2025-26,2025-26_TOR_026,2025-12-08,TOR,POR,False,False,21.6,13,4,5,1,0,1,1,2,1,True
SYN0027,Synthetic Player 027,2025-26,2025-26_TOR_027,2025-12-10,TOR,SAC,True,False,8.1,3,2,2,0,0,0,1,0,0,True
SYN0027,Synthetic Player 027,2025-26,2025-26_TOR_028,2025-12-13,TOR,SAS,False,False,12.8,7,3,2,1,0,1,1,1,1,True
SYN0027,Synthetic Player 027,2025-26,2025-26_TOR_029,2025-12-14,TOR,TOR,True,False,13.9,11,2,1,1,0,1,1,2,1,True
SYN0027,Synthetic Player 027,2025-26,2025-26_TOR_031,2025-12-17,TOR,WAS,True,False,11.3,8,3,2,0,0,1,1,1,1,True
SYN0027,Synthetic Player 027,2025-26,2025-26_TOR_032,2025-12-19,TOR,ATL,False,False,18.3,7,2,3,1,0,1,1,1,1,True
SYN0027,Synthetic Player 027,2025-26,2025-26_TOR_033,2025-12-21,TOR,BOS,True,False,11.8,9,2,2,0,0,1,1,1,2,True
SYN0027,Synthetic Player 027,2025-26,2025-26_TOR_034,2025-12-22,TOR,BKN,False,False,11.7,9,2,1,0,0,1,1,2,1,True
SYN0027,Synthetic Player 027,2025-26,2025-26_TOR_035,2025-12-24,TOR,CHA,True,False,14.4,10,3,2,0,0,1,1,2,1,True
SYN0027,Synthetic Player 027,2025-26,2025-26_TOR_036,2025-12-26,TOR,CHI,False,False,13.8,12,3,2,0,0,1,1,2,1,True
SYN0027,Synthetic Player 027,2025-26,2025-26_TOR_037,2025-12-28,TOR,CLE,True,False,11.3,8,2,2,0,0,1,1,1,1,True
SYN0027,Synthetic Player 027,2025-26,2025-26_TOR_039,2025-12-31,TOR,DEN,True,False,11.2,9,2,2,0,0,1,1,1,1,True
SYN0027,Synthetic Player 027,2025-26,2025-26_TOR_040,2026-01-02,TOR,DET,False,False,14.0,5,3,2,0,0,1,1,1,1,True
SYN0027,Synthetic Player 027,2025-26,2025-26_TOR_041,2026-01-03,TOR,GSW,True,False,14.2,7,2,2,0,0,1,1,1,1,True
SYN0027,Synthetic Player 027,2025-26,2025-26_TOR_042,2026-01-04,TOR,HOU,False,False,16.9,11,2,5,1,0,1,1,1,2,True
SYN0027,Synthetic Player 027,2025-26,2025-26_TOR_043,2026-01-06,TOR,IND,True,False,16.4,9,2,3,0,0,1,1,1,1,True
SYN0027,Synthetic Player 027,2025-26,2025-26_TOR_044,2026-01-09,TOR,LAC,False,False,11.4,7,2,3,0,0,1,1,1,1,True
SYN0027,Synthetic Player 027,2025-26,2025-26_TOR_045,2026-01-11,TOR,LAL,True,False,8.2,7,2,1,0,0,1,0,2,1,True
SYN0027,Synthetic Player 027,2025-26,2025-26_TOR_046,2026-01-12,TOR,MEM,False,False,11.1,13,2,1,0,0,1,1,2,1,True
SYN0027,Synthetic Player 027,2025-26,2025-26_TOR_047,2026-01-14,TOR,MIA,True,False,9.9,7,1,1,0,0,1,1,2,1,True
SYN0027,Synthetic Player 027,2025-26,2025-26_TOR_048,2026-01-16,TOR,MIL,False,False,14.0,9,2,3,1,0,1,1,1,1,True
SYN0027,Synthetic Player 027,2025-26,2025-26_TOR_049,2026-01-18,TOR,MIN,True,False,7.0,5,1,1,0,0,1,0,1,1,True
SYN0027,Synthetic Player 027,2025-26,2025-26_TOR_050,2026-01-19,TOR,NOP,False,False,15.7,12,3,2,0,0,1,1,2,1,True
SYN0027,Synthetic Player 027,2025-26,2025-26_TOR_051,2026-01-21,TOR,NYK,True,False,16.9,9,3,3,1,0,1,1,1,1,True
SYN0027,Synthetic Player 027,2025-26,2025-26_TOR_052,2026-01-22,TOR,OKC,False,False,18.6,10,4,3,1,0,1,1,2,1,True
SYN0027,Synthetic Player 027,2025-26,2025-26_TOR_053,2026-01-24,TOR,ORL,True,False,18.1,9,3,3,1,0,1,1,1,1,True
SYN0027,Synthetic Player 027,2025-26,2025-26_TOR_054,2026-01-25,TOR,PHI,False,False,15.2,11,2,3,0,0,1,1,2,1,True
SYN0027,Synthetic Player 027,2025-26,2025-26_TOR_055,2026-01-27,TOR,PHX,True,False,19.1,18,3,3,1,0,2,1,2,2,True
SYN0027,Synthetic Player 027,2025-26,2025-26_TOR_056,2026-01-30,TOR,POR,False,False,15.7,13,3,2,1,0,1,1,3,1,True
SYN0027,Synthetic Player 027,2025-26,2025-26_TOR_057,2026-01-31,TOR,SAC,True,False,16.2,14,3,4,1,0,1,1,2,2,True
SYN0027,Synthetic Player 027,2025-26,2025-26_TOR_058,2026-02-02,TOR,SAS,False,False,14.1,12,3,2,0,0,1,1,1,1,True
SYN0027,Synthetic Player 027,2025-26,2025-26_TOR_059,2026-02-05,TOR,TOR,True,False,14.9,7,2,3,0,0,1,1,1,1,True
SYN0027,Synthetic Player 027,2025-26,2025-26_TOR_060,2026-02-07,TOR,UTA,False,False,11.7,8,2,3,0,0,1,1,2,1,True
SYN0027,Synthetic Player 027,2025-26,2025-26_TOR_061,2026-02-09,TOR,WAS,True,False,17.3,9,4,2,0,0,1,1,2,1,True
SYN0027,Synthetic Player 027,2025-26,2025-26_TOR_062,2026-02-11,TOR,ATL,False,False,17.6,10,3,3,1,0,1,1,2,1,True
SYN0027,Synthetic Player 027,2025-26,2025-26_TOR_063,2026-02-14,TOR,BOS,True,False,17.5,11,4,3,1,0,1,1,1,2,True
SYN0027,Synthetic Player 027,2025-26,2025-26_TOR_064,2026-02-16,TOR,BKN,False,False,12.7,9,2,3,0,0,1,1,2,1,True
SYN0027,Synthetic Player 027,2025-26,2025-26_TOR_065,2026-02-17,TOR,CHA,True,False,10.4,5,2,2,0,0,1,1,1,1,True
SYN0027,Synthetic Player 027,2025-26,2025-26_TOR_066,2026-02-18,TOR,CHI,False,False,14.2,17,3,2,0,0,1,1,3,2,True
SYN0027,Synthetic Player 027,2025-26,2025-26_TOR_067,2026-02-19,TOR,CLE,True,False,7.8,3,2,2,0,0,1,1,1,0,True
SYN0027,Synthetic Player 027,2025-26,2025-26_TOR_068,2026-02-22,TOR,DAL,False,False,9.7,4,2,3,0,0,0,1,0,0,True
SYN0027,Synthetic Player 027,2025-26,2025-26_TOR_069,2026-02-25,TOR,DEN,True,False,10.5,8,1,1,0,0,1,1,1,1,True
SYN0027,Synthetic Player 027,2025-26,2025-26_TOR_070,2026-02-27,TOR,DET,False,False,9.9,8,2,2,0,0,1,1,1,1,True
SYN0027,Synthetic Player 027,2025-26,2025-26_TOR_071,2026-03-01,TOR,GSW,True,False,13.4,9,3,3,0,0,1,1,2,1,True
SYN0027,Synthetic Player 027,2025-26,2025-26_TOR_072,2026-03-03,TOR,HOU,False,False,12.2,5,2,2,0,0,1,1,1,0,True
SYN0027,Synthetic Player 027,2025-26,2025-26_TOR_073,2026-03-05,TOR,IND,True,False,7.2,5,1,1,0,0,1,0,1,1,True
SYN0027,Synthetic Player 027,2025-26,2025-26_TOR_074,2026-03-07,TOR,LAC,False,False,12.0,8,2,2,0,0,1,1,1,1,True
SYN0027,Synthetic Player 027,2025-26,2025-26_TOR_075,2026-03-09,TOR,LAL,True,False,16.0,9,2,3,1,0,1,1,1,1,True
SYN0027,Synthetic Player 027,2025-26,2025-26_TOR_076,2026-03-11,TOR,MEM,False,False,12.1,5,2,1,0,0,1,1,1,1,True
SYN0027,Synthetic Player 027,2025-26,2025-26_TOR_077,2026-03-12,TOR,MIA,True,False,8.1,5,1,2,0,0,0,1,1,1,True
SYN0027,Synthetic Player 027,2025-26,2025-26_TOR_078,2026-03-14,TOR,MIL,False,True,24.4,17,5,5,1,0,2,2,2,2,True
SYN0027,Synthetic Player 027,2025-26,2025-26_TOR_079,2026-03-15,TOR,MIN,True,False,15.1,7,4,3,1,0,1,1,1,1,True
SYN0027,Synthetic Player 027,2025-26,2025-26_TOR_080,2026-03-17,TOR,NOP,False,False,15.9,10,4,3,1,0,1,1,2,1,True
SYN0027,Synthetic Player 027,2025-26,2025-26_TOR_081,2026-03-19,TOR,NYK,True,False,21.0,11,3,4,1,1,1,1,2,1,True
SYN0028,Synthetic Player 028,2025-26,2025-26_UTA_000,2025-10-22,UTA,WAS,False,True,25.5,9,4,1,1,1,1,2,2,1,True
SYN0028,Synthetic Player 028,2025-26,2025-26_UTA_001,2025-10-24,UTA,ATL,True,True,33.7,8,6,1,1,1,2,2,1,0,True
SYN0028,Synthetic Player 028,2025-26,2025-26_UTA_002,2025-10-26,UTA,BOS,False,True,34.0,11,4,1,1,1,1,2,2,1,True
SYN0028,Synthetic Player 028,2025-26,2025-26_UTA_003,2025-10-27,UTA,BKN,True,True,27.6,9,6,2,1,1,1,2,1,1,True
SYN0028,Synthetic Player 028,2025-26,2025-26_UTA_004,2025-10-28,UTA,CHA,False,True,27.0,7,6,2,1,1,1,2,1,0,True
SYN0028,Synthetic Player 028,2025-26,2025-26_UTA_005,2025-10-30,UTA,CHI,True,True,29.6,6,4,3,1,1,1,2,1,0,True
SYN0028,Synthetic Player 028,2025-26,2025-26_UTA_006,2025-11-01,UTA,CLE,False,True,28.7,11,6,1,0,1,1,2,1,1,True
SYN0028,Synthetic Player 028,2025-26,2025-26_UTA_007,2025-11-03,UTA,DAL,True,True,30.2,18,5,1,1,1,2,2,5,1,True
SYN0028,Synthetic Player 028,2025-26,2025-26_UTA_008,2025-11-04,UTA,DEN,False,True,41.6,9,7,2,1,2,3,3,1,1,True
SYN0028,Synthetic Player 028,2025-26,2025-26_UTA_009,2025-11-05,UTA,DET,True,True,36.7,15,7,2,1,2,2,3,3,1,True
SYN0028,Synthetic Player 028,2025-26,2025-26_UTA_010,2025-11-06,UTA,GSW,False,True,27.2,6,5,3,1,0,1,2,1,0,True
SYN0028,Synthetic Player 028,2025-26,2025-26_UTA_011,2025-11-07,UTA,HOU,True,True,33.2,17,10,2,1,1,2,3,2,1,True
SYN0028,Synthetic Player 028,2025-26,2025-26_UTA_012,2025-11-09,UTA,IND,False,True,36.0,21,6,4,1,1,2,2,3,1,True
SYN0028,Synthetic Player 028,2025-26,2025-26_UTA_013,2025-11-10,UTA,LAC,True,True,29.3,11,7,4,1,1,1,2,2,1,True
SYN0028,Synthetic Player 028,2025-26,2025-26_UTA_014,2025-11-12,UTA,LAL,False,True,36.2,14,5,2,1,1,1,3,2,1,True
SYN0028,Synthetic Player 028,2025-26,2025-26_UTA_015,2025-11-15,UTA,MEM,True,True,31.4,7,9,3,2,1,1,2,1,0,True
SYN0028,Synthetic Player 028,2025-26,2025-26_UTA_016,2025-11-17,UTA,MIA,False,True,36.4,7,5,2,1,1,2,3,1,1,True
SYN0028,Synthetic Player 028,2025-26,2025-26_UTA_017,2025-11-20,UTA,MIL,True,True,40.3,12,7,4,1,1,1,3,1,1,True
SYN0028,Synthetic Player 028,2025-26,2025-26_UTA_018,2025-11-21,UTA,MIN,False,True,24.0,7,4,1,1,1,1,2,1,1,True
SYN0028,Synthetic Player 028,2025-26,2025-26_UTA_019,2025-11-23,UTA,NOP,True,True,37.1,14,6,3,1,1,2,2,2,1,True
SYN0028,Synthetic Player 028,2025-26,2025-26_UTA_020,2025-11-26,UTA,NYK,False,True,32.2,15,5,2,1,1,1,3,2,1,True
SYN0028,Synthetic Player 028,2025-26,2025-26_UTA_021,2025-11-28,UTA,OKC,True,True,35.9,17,7,4,1,1,1,3,3,2,True
SYN0028,Synthetic Player 028,2025-26,2025-26_UTA_022,2025-12-01,UTA,ORL,False,True,37.9,8,7,1,1,2,2,4,1,1,True
SYN0028,Synthetic Player 028,2025-26,2025-26_UTA_023,2025-12-03,UTA,PHI,True,True,27.4,7,5,3,1,1,1,3,1,0,True
SYN0028,Synthetic Player 028,2025-26,2025-26_UTA_024,2025-12-04,UTA,PHX,False,True,28.6,10,5,2,1,1,1,3,1,1,True
SYN0028,Synthetic Player 028,2025-26,2025-26_UTA_025,2025-12-05,UTA,POR,True,True,37.0,13,6,3,1,1,2,3,1,0,True
SYN0028,Synthetic Player 028,2025-26,2025-26_UTA_026,2025-12-06,UTA,SAC,False,True,32.7,12,4,3,1,1,1,2,1,1,True
SYN0028,Synthetic Player 028,2025-26,2025-26_UTA_027,2025-12-07,UTA,SAS,True,True,35.2,9,6,5,1,1,2,2,2,0,True
SYN0028,Synthetic Player 028,2025-26,2025-26_UTA_028,2025-12-09,UTA,TOR,False,True,31.8,12,5,2,1,2,2,2,2,1,True
SYN0028,Synthetic Player 028,2025-26,2025-26_UTA_029,2025-12-11,UTA,UTA,True,True,28.6,10,6,4,1,1,1,2,2,1,True
SYN0028,Synthetic Player 028,2025-26,2025-26_UTA_030,2025-12-12,UTA,WAS,False,True,25.2,7,4,3,1,1,1,2,1,0,True
SYN0028,Synthetic Player 028,2025-26,2025-26_UTA_031,2025-12-13,UTA,ATL,True,True,28.4,8,6,4,1,1,1,2,1,0,True
SYN0028,Synthetic Player 028,2025-26,2025-26_UTA_032,2025-12-14,UTA,BOS,False,True,33.4,7,8,4,1,1,2,3,1,1,True
SYN0028,Synthetic Player 028,2025-26,2025-26_UTA_033,2025-12-17,UTA,BKN,True,True,31.0,22,6,4,1,1,1,2,4,1,True
SYN0028,Synthetic Player 028,2025-26,2025-26_UTA_034,2025-12-18,UTA,CHA,False,True,30.7,11,3,3,1,1,2,3,1,1,True
SYN0028,Synthetic Player 028,2025-26,2025-26_UTA_035,2025-12-19,UTA,CHI,True,True,35.4,10,6,3,1,1,1,3,1,0,True
SYN0028,Synthetic Player 028,2025-26,2025-26_UTA_036,2025-12-21,UTA,CLE,False,True,24.8,13,3,2,1,1,1,2,2,1,True
SYN0028,Synthetic Player 028,2025-26,2025-26_UTA_037,2025-12-23,UTA,DAL,True,True,30.7,8,9,2,1,1,1,2,1,0,True
SYN0028,Synthetic Player 028,2025-26,2025-26_UTA_038,2025-12-25,UTA,DEN,False,True,31.5,7,6,2,1,1,1,2,1,0,True
SYN0028,Synthetic Player 028,2025-26,2025-26_UTA_039,2025-12-27,UTA,DET,True,True,36.2,11,5,3,1,1,2,4,2,1,True
SYN0028,Synthetic Player 028,2025-26,2025-26_UTA_040,2025-12-29,UTA,GSW,False,True,33.1,10,6,3,1,2,2,3,1,1,True
SYN0028,Synthetic Player 028,2025-26,2025-26_UTA_041,2025-12-31,UTA,HOU,True,True,29.5,9,4,2,1,1,1,2,1,1,True
SYN0028,Synthetic Player 028,2025-26,2025-26_UTA_042,2026-01-02,UTA,IND,False,True,31.4,7,5,3,1,2,2,2,2,0,True
SYN0028,Synthetic Player 028,2025-26,2025-26_UTA_043,2026-01-04,UTA,LAC,True,True,32.3,5,4,4,1,1,1,3,1,0,True
SYN0028,Synthetic Player 028,2025-26,2025-26_UTA_044,2026-01-06,UTA,LAL,False,True,34.7,8,8,3,1,2,2,3,1,1,True
SYN0028,Synthetic Player 028,2025-26,2025-26_UTA_045,2026-01-08,UTA,MEM,True,True,37.5,16,9,3,1,1,1,3,3,2,True
SYN0028,Synthetic Player 028,2025-26,2025-26_UTA_047,2026-01-11,UTA,MIL,True,True,37.4,10,10,4,1,1,2,3,2,1,True
SYN0028,Synthetic Player 028,2025-26,2025-26_UTA_048,2026-01-13,UTA,MIN,False,True,35.9,11,8,2,1,1,2,3,2,0,True
SYN0028,Synthetic Player 028,2025-26,2025-26_UTA_049,2026-01-15,UTA,NOP,True,True,40.3,7,6,7,1,1,2,3,1,1,True
SYN0028,Synthetic Player 028,2025-26,2025-26_UTA_050,2026-01-17,UTA,NYK,False,True,30.6,10,4,2,1,1,2,2,3,1,True
SYN0028,Synthetic Player 028,2025-26,2025-26_UTA_051,2026-01-19,UTA,OKC,True,True,31.1,10,7,3,1,1,2,2,3,1,True
SYN0028,Synthetic Player 028,2025-26,2025-26_UTA_052,2026-01-21,UTA,ORL,False,True,34.1,11,6,3,1,1,2,3,2,1,True
SYN0028,Synthetic Player 028,2025-26,2025-26_UTA_053,2026-01-22,UTA,PHI,True,True,41.8,18,9,3,1,1,2,3,2,1,True
SYN0028,Synthetic Player 028,2025-26,2025-26_UTA_054,2026-01-24,UTA,PHX,False,True,36.8,7,6,3,1,3,1,3,1,1,True
SYN0028,Synthetic Player 028,2025-26,2025-26_UTA_055,2026-01-25,UTA,POR,True,True,38.0,12,8,3,1,1,1,3,2,1,True
SYN0028,Synthetic Player 028,2025-26,2025-26_UTA_056,2026-01-26,UTA,SAC,False,True,32.0,13,6,2,1,1,2,3,2,1,True
SYN0028,Synthetic Player 028,2025-26,2025-26_UTA_057,2026-01-28,UTA,SAS,True,True,37.3,17,7,2,1,1,2,3,2,1,True
SYN0028,Synthetic Player 028,2025-26,2025-26_UTA_058,2026-01-29,UTA,TOR,False,True,33.9,11,5,2,0,1,2,2,2,1,True
SYN0028,Synthetic Player 028,2025-26,2025-26_UTA_059,2026-01-30,UTA,UTA,True,True,25.3,14,4,2,0,1,1,2,2,1,True
SYN0028,Synthetic Player 028,2025-26,2025-26_UTA_060,2026-01-31,UTA,WAS,False,True,35.3,5,4,4,1,1,1,3,1,0,True
SYN0028,Synthetic Player 028,2025-26,2025-26_UTA_061,2026-02-02,UTA,ATL,True,True,28.4,6,6,2,0,1,2,2,1,0,True
SYN0028,Synthetic Player 028,2025-26,2025-26_UTA_062,2026-02-03,UTA,BOS,False,True,39.6,14,11,3,1,1,2,3,2,1,True
SYN0028,Synthetic Player 028,2025-26,2025-26_UTA_063,2026-02-06,UTA,BKN,True,True,32.3,9,5,3,1,1,2,2,1,0,True
SYN0028,Synthetic Player 028,2025-26,2025-26_UTA_064,2026-02-08,UTA,CHA,False,True,37.0,11,5,3,1,2,2,2,2,1,True
SYN0028,Synthetic Player 028,2025-26,2025-26_UTA_065,2026-02-10,UTA,CHI,True,True,34.1,8,7,2,1,1,1,3,1,1,True
SYN0028,Synthetic Player 028,2025-26,2025-26_UTA_066,2026-02-11,UTA,CLE,False,True,28.3,9,7,2,1,1,1,2,2,1,True
SYN0028,Synthetic Player 028,2025-26,2025-26_UTA_067,2026-02-12,UTA,DAL,True,True,28.4,7,3,3,1,1,1,1,1,0,True
SYN0028,Synthetic Player 028,2025-26,2025-26_UTA_068,2026-02-14,UTA,DEN,False,True,40.3,12,7,2,2,1,2,2,2,1,True
SYN0028,Synthetic Player 028,2025-26,2025-26_UTA_069,2026-02-16,UTA,DET,True,True,36.2,11,8,3,1,1,2,3,2,1,True
SYN0028,Synthetic Player 028,2025-26,2025-26_UTA_070,2026-02-17,UTA,GSW,False,True,44.0,21,10,5,1,2,2,4,2,2,True
SYN0028,Synthetic Player 028,2025-26,2025-26_UTA_071,2026-02-19,UTA,HOU,True,True,36.9,6,5,4,1,1,2,2,1,1,True
SYN0028,Synthetic Player 028,2025-26,2025-26_UTA_072,2026-02-22,UTA,IND,False,True,25.8,11,2,2,0,0,1,2,2,1,True
SYN0028,Synthetic Player 028,2025-26,2025-26_UTA_073,2026-02-24,UTA,LAC,True,True,33.5,14,7,2,1,1,2,3,3,1,True
SYN0028,Synthetic Player 028,2025-26,2025-26_UTA_074,2026-02-26,UTA,LAL,False,True,33.1,10,5,2,1,1,2,2,1,0,True
SYN0028,Synthetic Player 028,2025-26,2025-26_UTA_075,2026-02-28,UTA,MEM,True,True,29.4,12,4,1,1,1,1,3,2,1,True
SYN0028,Synthetic Player 028,2025-26,2025-26_UTA_076,2026-03-03,UTA,MIA,False,True,29.1,6,6,3,1,1,2,2,0,1,True
SYN0028,Synthetic Player 028,2025-26,2025-26_UTA_077,2026-03-04,UTA,MIL,True,True,28.4,18,7,2,1,1,1,2,3,1,True
SYN0028,Synthetic Player 028,2025-26,2025-26_UTA_078,2026-03-06,UTA,MIN,False,True,34.0,9,9,3,1,1,1,2,1,1,True
SYN0028,Synthetic Player 028,2025-26,2025-26_UTA_079,2026-03-08,UTA,NOP,True,True,27.1,8,6,3,1,1,2,2,1,0,True
SYN0028,Synthetic Player 028,2025-26,2025-26_UTA_080,2026-03-10,UTA,NYK,False,True,34.7,7,5,3,1,1,2,2,1,0,True
SYN0028,Synthetic Player 028,2025-26,2025-26_UTA_081,2026-03-13,UTA,OKC,True,True,32.5,10,8,3,1,1,2,3,1,0,True
SYN0029,Synthetic Player 029,2025-26,2025-26_WAS_002,2025-10-27,WAS,BKN,False,False,19.7,6,6,1,0,1,1,1,1,0,True
SYN0029,Synthetic Player 029,2025-26,2025-26_WAS_003,2025-10-29,WAS,CHA,True,False,16.2,6,5,1,0,1,1,1,1,0,True
SYN0029,Synthetic Player 029,2025-26,2025-26_WAS_004,2025-10-31,WAS,CHI,False,False,17.8,8,4,1,1,1,1,2,1,0,True
SYN0029,Synthetic Player 029,2025-26,2025-26_WAS_005,2025-11-02,WAS,CLE,True,False,21.3,7,5,1,0,2,1,2,1,0,True
SYN0029,Synthetic Player 029,2025-26,2025-26_WAS_006,2025-11-03,WAS,DAL,False,False,13.9,7,5,1,0,1,1,1,1,0,True
SYN0029,Synthetic Player 029,2025-26,2025-26_WAS_007,2025-11-05,WAS,DEN,True,False,14.2,8,4,1,0,0,1,1,1,0,True
SYN0029,Synthetic Player 029,2025-26,2025-26_WAS_008,2025-11-06,WAS,DET,False,False,10.8,4,3,1,0,1,1,1,1,0,True
SYN0029,Synthetic Player 029,2025-26,2025-26_WAS_009,2025-11-08,WAS,GSW,True,False,21.0,11,6,2,0,1,1,2,2,0,True
SYN0029,Synthetic Player 029,2025-26,2025-26_WAS_010,2025-11-11,WAS,HOU,False,False,21.1,11,6,2,1,1,1,2,2,0,True
SYN0029,Synthetic Player 029,2025-26,2025-26_WAS_011,2025-11-13,WAS,IND,True,False,19.4,5,5,3,0,1,1,2,1,0,True
SYN0029,Synthetic Player 029,2025-26,2025-26_WAS_015,2025-11-20,WAS,MIA,True,False,11.1,7,3,1,0,0,1,1,1,0,True
SYN0029,Synthetic Player 029,2025-26,2025-26_WAS_016,2025-11-22,WAS,MIL,False,False,20.3,7,5,1,0,2,1,2,1,0,True
SYN0029,Synthetic Player 029,2025-26,2025-26_WAS_019,2025-11-25,WAS,NYK,True,False,17.7,10,3,1,0,1,1,1,2,0,True
SYN0029,Synthetic Player 029,2025-26,2025-26_WAS_020,2025-11-27,WAS,OKC,False,False,13.5,5,4,1,0,1,1,1,1,0,True
SYN0029,Synthetic Player 029,2025-26,2025-26_WAS_021,2025-11-29,WAS,ORL,True,False,20.7,7,5,2,1,1,1,2,1,0,True
SYN0029,Synthetic Player 029,2025-26,2025-26_WAS_022,2025-12-01,WAS,PHI,False,False,14.8,7,3,2,0,0,1,1,1,0,True
SYN0029,Synthetic Player 029,2025-26,2025-26_WAS_023,2025-12-04,WAS,PHX,True,False,19.8,9,5,2,1,1,1,2,1,0,True
SYN0029,Synthetic Player 029,2025-26,2025-26_WAS_024,2025-12-06,WAS,POR,False,False,13.3,5,4,1,0,1,1,1,1,0,True
SYN0029,Synthetic Player 029,2025-26,2025-26_WAS_025,2025-12-08,WAS,SAC,True,False,16.1,6,4,1,0,1,1,1,1,0,True
SYN0029,Synthetic Player 029,2025-26,2025-26_WAS_030,2025-12-17,WAS,ATL,False,False,16.9,6,4,1,0,1,1,2,1,0,True
SYN0029,Synthetic Player 029,2025-26,2025-26_WAS_037,2025-12-31,WAS,DEN,True,True,24.4,7,8,2,1,1,1,2,1,0,True
SYN0029,Synthetic Player 029,2025-26,2025-26_WAS_038,2026-01-02,WAS,DET,False,False,22.0,12,6,2,1,1,1,2,2,0,True
SYN0029,Synthetic Player 029,2025-26,2025-26_WAS_039,2026-01-04,WAS,GSW,True,False,21.1,9,6,2,1,1,1,2,1,0,True
SYN0029,Synthetic Player 029,2025-26,2025-26_WAS_052,2026-01-25,WAS,PHI,False,False,20.0,7,7,3,1,1,1,2,1,0,True
SYN0029,Synthetic Player 029,2025-26,2025-26_WAS_053,2026-01-27,WAS,PHX,True,False,18.4,6,5,2,1,1,1,1,1,0,True
SYN0029,Synthetic Player 029,2025-26,2025-26_WAS_054,2026-01-30,WAS,POR,False,False,18.0,10,5,2,0,1,1,2,2,0,True
SYN0029,Synthetic Player 029,2025-26,2025-26_WAS_067,2026-02-19,WAS,DEN,True,False,13.2,6,5,1,0,1,1,1,1,0,True
SYN0029,Synthetic Player 029,2025-26,2025-26_WAS_071,2026-02-25,WAS,IND,True,False,18.7,10,6,2,1,1,1,2,2,0,True
SYN0029,Synthetic Player 029,2025-26,2025-26_WAS_072,2026-02-27,WAS,LAC,False,False,23.7,13,6,2,0,1,1,2,2,0,True
SYN0029,Synthetic Player 029,2025-26,2025-26_WAS_073,2026-02-28,WAS,LAL,True,False,16.7,9,4,2,0,1,1,2,1,0,True
SYN0029,Synthetic Player 029,2025-26,2025-26_WAS_074,2026-03-02,WAS,MEM,False,False,22.6,11,6,2,0,1,1,2,1,0,True
SYN0029,Synthetic Player 029,2025-26,2025-26_WAS_075,2026-03-03,WAS,MIA,True,False,17.5,7,5,2,0,1,1,1,2,0,True
SYN0029,Synthetic Player 029,2025-26,2025-26_WAS_076,2026-03-05,WAS,MIL,False,False,19.7,11,5,1,1,1,1,1,2,0,True
SYN0029,Synthetic Player 029,2025-26,2025-26_WAS_077,2026-03-07,WAS,MIN,True,False,22.9,9,6,2,1,2,2,2,1,0,True
SYN0029,Synthetic Player 029,2025-26,2025-26_WAS_078,2026-03-09,WAS,NOP,False,False,21.0,11,6,2,0,1,1,2,3,0,True
SYN0029,Synthetic Player 029,2025-26,2025-26_WAS_080,2026-03-12,WAS,OKC,False,False,16.4,6,5,1,0,1,1,1,1,0,True
SYN0030,Synthetic Player 030,2025-26,2025-26_ATL_000,2025-10-21,ATL,BOS,False,False,19.6,4,2,4,1,0,2,1,1,1,True
SYN0030,Synthetic Player 030,2025-26,2025-26_ATL_001,2025-10-23,ATL,BKN,True,False,19.4,12,1,2,0,0,2,1,1,1,True
SYN0030,Synthetic Player 030,2025-26,2025-26_ATL_002,2025-10-25,ATL,CHA,False,False,15.9,9,2,3,1,0,1,1,2,1,True
SYN0030,Synthetic Player 030,2025-26,2025-26_ATL_004,2025-10-29,ATL,CLE,False,True,25.9,15,3,2,1,0,2,1,2,1,True
SYN0030,Synthetic Player 030,2025-26,2025-26_ATL_005,2025-10-31,ATL,DAL,True,False,23.6,8,3,4,1,0,3,2,1,1,True
SYN0030,Synthetic Player 030,2025-26,2025-26_ATL_006,2025-11-03,ATL,DEN,False,True,28.9,11,4,5,1,0,2,1,3,2,True
SYN0030,Synthetic Player 030,2025-26,2025-26_ATL_007,2025-11-04,ATL,DET,True,False,16.8,6,2,3,1,0,1,1,1,0,True
SYN0030,Synthetic Player 030,2025-26,2025-26_ATL_008,2025-11-06,ATL,GSW,False,False,23.2,10,3,5,1,0,2,1,1,1,True
SYN0030,Synthetic Player 030,2025-26,2025-26_ATL_009,2025-11-08,ATL,HOU,True,False,22.6,8,4,4,0,0,2,1,1,1,True
SYN0030,Synthetic Player 030,2025-26,2025-26_ATL_010,2025-11-09,ATL,IND,False,False,20.3,6,4,5,1,0,2,1,1,1,True
SYN0030,Synthetic Player 030,2025-26,2025-26_ATL_011,2025-11-11,ATL,LAC,True,True,27.6,14,3,5,1,0,2,2,2,1,True
SYN0030,Synthetic Player 030,2025-26,2025-26_ATL_012,2025-11-12,ATL,LAL,False,False,23.3,10,3,3,1,0,2,1,2,1,True
SYN0030,Synthetic Player 030,2025-26,2025-26_ATL_013,2025-11-15,ATL,MEM,True,False,19.7,17,2,4,1,0,1,1,3,2,True
SYN0030,Synthetic Player 030,2025-26,2025-26_ATL_014,2025-11-17,ATL,MIA,False,True,26.7,11,2,5,1,0,2,1,2,1,True
SYN0030,Synthetic Player 030,2025-26,2025-26_ATL_015,2025-11-19,ATL,MIL,True,False,20.2,8,3,5,1,0,2,1,1,1,True
SYN0030,Synthetic Player 030,2025-26,2025-26_ATL_016,2025-11-21,ATL,MIN,False,False,20.0,14,2,2,0,0,1,1,2,2,True
SYN0030,Synthetic Player 030,2025-26,2025-26_ATL_017,2025-11-23,ATL,NOP,True,True,24.1,7,3,2,2,0,2,1,1,1,True
SYN0030,Synthetic Player 030,2025-26,2025-26_ATL_018,2025-11-25,ATL,NYK,False,True,28.1,6,5,6,1,0,2,2,1,0,True
SYN0030,Synthetic Player 030,2025-26,2025-26_ATL_019,2025-11-27,ATL,OKC,True,True,24.5,12,3,4,1,0,2,1,1,1,True
SYN0030,Synthetic Player 030,2025-26,2025-26_ATL_020,2025-11-29,ATL,ORL,False,True,27.7,7,3,2,1,0,3,2,1,1,True
SYN0030,Synthetic Player 030,2025-26,2025-26_ATL_021,2025-11-30,ATL,PHI,True,True,27.3,13,3,6,1,0,3,1,2,1,True
SYN0030,Synthetic Player 030,2025-26,2025-26_ATL_022,2025-12-02,ATL,PHX,False,False,18.3,5,2,3,1,0,1,1,0,1,True
SYN0030,Synthetic Player 030,2025-26,2025-26_ATL_023,2025-12-04,ATL,POR,True,True,30.2,9,3,6,1,0,2,2,1,1,True
SYN0030,Synthetic Player 030,2025-26,2025-26_ATL_024,2025-12-07,ATL,SAC,False,True,25.2,9,4,6,1,0,1,2,2,1,True
SYN0030,Synthetic Player 030,2025-26,2025-26_ATL_025,2025-12-09,ATL,SAS,True,True,25.1,16,3,7,1,0,2,1,4,4,True
SYN0030,Synthetic Player 030,2025-26,2025-26_ATL_026,2025-12-11,ATL,TOR,False,False,19.3,16,4,4,1,0,1,1,3,1,True
SYN0030,Synthetic Player 030,2025-26,2025-26_ATL_027,2025-12-13,ATL,UTA,True,False,21.7,9,2,7,1,0,2,1,2,1,True
SYN0030,Synthetic Player 030,2025-26,2025-26_ATL_028,2025-12-14,ATL,WAS,False,True,24.4,16,2,5,1,0,2,1,2,2,True
SYN0030,Synthetic Player 030,2025-26,2025-26_ATL_029,2025-12-16,ATL,ATL,True,False,20.1,4,2,4,2,0,1,1,1,0,True
SYN0030,Synthetic Player 030,2025-26,2025-26_ATL_030,2025-12-18,ATL,BOS,False,True,27.8,9,7,6,1,0,2,2,1,1,True
SYN0030,Synthetic Player 030,2025-26,2025-26_ATL_031,2025-12-21,ATL,BKN,True,False,21.0,9,2,2,1,0,1,1,1,1,True
SYN0030,Synthetic Player 030,2025-26,2025-26_ATL_032,2025-12-23,ATL,CHA,False,True,27.6,24,4,5,1,0,2,1,4,1,True
SYN0030,Synthetic Player 030,2025-26,2025-26_ATL_033,2025-12-24,ATL,CHI,True,False,20.0,8,2,3,1,0,1,1,1,1,True
SYN0030,Synthetic Player 030,2025-26,2025-26_ATL_034,2025-12-26,ATL,CLE,False,False,15.6,9,1,3,1,0,1,1,1,1,True
SYN0030,Synthetic Player 030,2025-26,2025-26_ATL_035,2025-12-28,ATL,DAL,True,True,29.4,12,3,4,2,0,3,2,2,1,True
SYN0030,Synthetic Player 030,2025-26,2025-26_ATL_036,2025-12-29,ATL,DEN,False,False,20.2,9,1,5,1,0,1,1,2,1,True
SYN0030,Synthetic Player 030,2025-26,2025-26_ATL_037,2025-12-31,ATL,DET,True,False,20.7,9,4,4,1,0,2,1,2,1,True
SYN0030,Synthetic Player 030,2025-26,2025-26_ATL_038,2026-01-02,ATL,GSW,False,False,23.1,12,2,4,1,0,1,2,2,1,True
SYN0030,Synthetic Player 030,2025-26,2025-26_ATL_039,2026-01-04,ATL,HOU,True,False,18.7,7,2,4,0,0,2,1,1,1,True
SYN0030,Synthetic Player 030,2025-26,2025-26_ATL_040,2026-01-06,ATL,IND,False,True,30.4,21,3,5,1,0,2,2,2,2,True
SYN0030,Synthetic Player 030,2025-26,2025-26_ATL_041,2026-01-08,ATL,LAC,True,False,13.5,6,1,2,1,0,1,1,1,1,True
SYN0030,Synthetic Player 030,2025-26,2025-26_ATL_042,2026-01-09,ATL,LAL,False,False,23.4,6,3,5,1,0,1,1,1,1,True
SYN0030,Synthetic Player 030,2025-26,2025-26_ATL_043,2026-01-11,ATL,MEM,True,True,27.9,15,4,3,2,0,3,1,2,2,True
SYN0030,Synthetic Player 030,2025-26,2025-26_ATL_044,2026-01-13,ATL,MIA,False,False,24.0,9,3,3,0,0,2,1,1,1,True
SYN0030,Synthetic Player 030,2025-26,2025-26_ATL_045,2026-01-15,ATL,MIL,True,False,19.7,10,2,3,1,0,1,1,3,1,True
SYN0030,Synthetic Player 030,2025-26,2025-26_ATL_046,2026-01-16,ATL,MIN,False,True,29.4,9,5,6,1,0,2,2,1,1,True
SYN0030,Synthetic Player 030,2025-26,2025-26_ATL_047,2026-01-18,ATL,NOP,True,True,34.2,13,4,7,1,1,3,2,2,2,True
SYN0030,Synthetic Player 030,2025-26,2025-26_ATL_048,2026-01-20,ATL,NYK,False,False,23.4,7,3,6,1,0,2,1,1,1,True
SYN0030,Synthetic Player 030,2025-26,2025-26_ATL_049,2026-01-22,ATL,OKC,True,False,20.0,6,3,6,1,0,1,1,1,1,True
SYN0030,Synthetic Player 030,2025-26,2025-26_ATL_050,2026-01-24,ATL,ORL,False,True,25.3,13,3,5,1,0,1,1,2,0,True
SYN0030,Synthetic Player 030,2025-26,2025-26_ATL_051,2026-01-26,ATL,PHI,True,False,21.1,13,1,5,1,0,2,1,1,2,True
SYN0030,Synthetic Player 030,2025-26,2025-26_ATL_052,2026-01-27,ATL,PHX,False,False,20.0,15,2,4,1,0,1,1,3,1,True
SYN0030,Synthetic Player 030,2025-26,2025-26_ATL_053,2026-01-28,ATL,POR,True,False,23.1,14,4,3,1,0,1,1,2,1,True
SYN0030,Synthetic Player 030,2025-26,2025-26_ATL_054,2026-01-30,ATL,SAC,False,True,26.7,11,2,6,1,0,2,1,2,1,True
SYN0030,Synthetic Player 030,2025-26,2025-26_ATL_055,2026-02-01,ATL,SAS,True,False,12.8,4,1,2,1,0,1,1,1,0,True
SYN0030,Synthetic Player 030,2025-26,2025-26_ATL_056,2026-02-03,ATL,TOR,False,True,24.4,12,3,3,0,0,2,1,1,1,True
SYN0030,Synthetic Player 030,2025-26,2025-26_ATL_057,2026-02-05,ATL,UTA,True,False,23.4,16,3,4,1,0,2,2,3,2,True
SYN0030,Synthetic Player 030,2025-26,2025-26_ATL_058,2026-02-07,ATL,WAS,False,True,24.6,9,2,4,1,0,2,2,2,1,True
SYN0030,Synthetic Player 030,2025-26,2025-26_ATL_059,2026-02-10,ATL,ATL,True,True,28.4,4,3,5,2,0,2,2,1,1,True
SYN0030,Synthetic Player 030,2025-26,2025-26_ATL_060,2026-02-12,ATL,BOS,False,False,21.3,12,2,4,1,0,1,1,3,1,True
SYN0030,Synthetic Player 030,2025-26,2025-26_ATL_061,2026-02-14,ATL,BKN,True,True,28.7,6,3,6,1,0,2,2,1,1,True
SYN0030,Synthetic Player 030,2025-26,2025-26_ATL_062,2026-02-17,ATL,CHA,False,True,26.0,12,4,3,1,0,2,1,1,1,True
SYN0030,Synthetic Player 030,2025-26,2025-26_ATL_063,2026-02-18,ATL,CHI,True,False,12.4,3,2,3,1,0,1,1,1,0,True
SYN0030,Synthetic Player 030,2025-26,2025-26_ATL_064,2026-02-20,ATL,CLE,False,True,27.5,14,5,4,1,0,2,1,2,1,True
SYN0030,Synthetic Player 030,2025-26,2025-26_ATL_065,2026-02-21,ATL,DAL,True,False,24.0,10,3,3,1,0,2,2,2,1,True
SYN0030,Synthetic Player 030,2025-26,2025-26_ATL_066,2026-02-23,ATL,DEN,False,False,22.4,6,1,8,1,0,1,1,1,1,True
SYN0030,Synthetic Player 030,2025-26,2025-26_ATL_067,2026-02-25,ATL,DET,True,False,19.3,15,1,3,0,0,1,1,2,3,True
SYN0030,Synthetic Player 030,2025-26,2025-26_ATL_068,2026-02-27,ATL,GSW,False,False,18.3,6,3,3,1,0,2,1,1,1,True
SYN0030,Synthetic Player 030,2025-26,2025-26_ATL_069,2026-03-01,ATL,HOU,True,True,25.2,12,4,3,2,0,3,1,2,2,True
SYN0030,Synthetic Player 030,2025-26,2025-26_ATL_070,2026-03-03,ATL,IND,False,False,21.9,6,1,5,1,0,2,2,1,1,True
SYN0030,Synthetic Player 030,2025-26,2025-26_ATL_071,2026-03-05,ATL,LAC,True,True,24.7,12,3,3,1,0,2,2,2,2,True
SYN0030,Synthetic Player 030,2025-26,2025-26_ATL_072,2026-03-07,ATL,LAL,False,False,22.2,12,2,4,0,0,1,1,2,1,True
SYN0030,Synthetic Player 030,2025-26,2025-26_ATL_073,2026-03-09,ATL,MEM,True,True,27.7,11,4,6,1,0,3,1,1,1,True
SYN0030,Synthetic Player 030,2025-26,2025-26_ATL_074,2026-03-10,ATL,MIA,False,False,20.3,8,2,4,1,0,2,1,1,1,True
SYN0030,Synthetic Player 030,2025-26,2025-26_ATL_075,2026-03-13,ATL,MIL,True,True,29.6,13,4,6,1,0,2,2,2,1,True
SYN0030,Synthetic Player 030,2025-26,2025-26_ATL_076,2026-03-14,ATL,MIN,False,True,28.6,9,3,6,1,0,2,2,2,0,True
SYN0030,Synthetic Player 030,2025-26,2025-26_ATL_077,2026-03-16,ATL,NOP,True,True,26.7,13,3,6,1,0,2,2,2,1,True
SYN0030,Synthetic Player 030,2025-26,2025-26_ATL_078,2026-03-18,ATL,NYK,False,False,19.8,5,2,6,1,0,1,1,1,1,True
SYN0030,Synthetic Player 030,2025-26,2025-26_ATL_079,2026-03-20,ATL,OKC,True,False,19.4,7,2,6,1,0,2,1,1,1,True
SYN0030,Synthetic Player 030,2025-26,2025-26_ATL_080,2026-03-22,ATL,ORL,False,False,23.7,9,2,4,1,0,2,1,1,2,True
SYN0030,Synthetic Player 030,2025-26,2025-26_ATL_081,2026-03-23,ATL,PHI,True,False,23.6,15,3,6,1,0,2,1,2,1,True
SYN0031,Synthetic Player 031,2025-26,2025-26_BOS_000,2025-10-22,BOS,BKN,False,True,24.9,27,3,3,1,0,2,2,4,3,True
SYN0031,Synthetic Player 031,2025-26,2025-26_BOS_001,2025-10-24,BOS,CHA,True,True,28.1,14,3,2,1,0,2,2,2,2,True
SYN0031,Synthetic Player 031,2025-26,2025-26_BOS_002,2025-10-25,BOS,CHI,False,True,27.9,14,4,3,1,0,2,2,2,1,True
SYN0031,Synthetic Player 031,2025-26,2025-26_BOS_003,2025-10-27,BOS,CLE,True,True,24.5,16,3,4,1,0,2,1,3,2,True
SYN0031,Synthetic Player 031,2025-26,2025-26_BOS_004,2025-10-28,BOS,DAL,False,True,28.9,16,4,4,2,0,2,2,2,2,True
SYN0031,Synthetic Player 031,2025-26,2025-26_BOS_005,2025-10-29,BOS,DEN,True,True,35.8,15,4,3,1,1,2,2,3,1,True
SYN0031,Synthetic Player 031,2025-26,2025-26_BOS_009,2025-11-05,BOS,IND,True,True,34.9,18,4,3,1,0,2,2,3,2,True
SYN0031,Synthetic Player 031,2025-26,2025-26_BOS_010,2025-11-07,BOS,LAC,False,True,33.0,21,5,4,1,1,2,2,4,3,True
SYN0031,Synthetic Player 031,2025-26,2025-26_BOS_011,2025-11-09,BOS,LAL,True,True,32.2,27,4,4,1,0,3,2,4,3,True
SYN0031,Synthetic Player 031,2025-26,2025-26_BOS_012,2025-11-10,BOS,MEM,False,False,23.1,19,2,3,1,0,1,2,3,2,True
SYN0031,Synthetic Player 031,2025-26,2025-26_BOS_013,2025-11-12,BOS,MIA,True,True,35.4,21,5,6,1,0,2,2,3,4,True
SYN0031,Synthetic Player 031,2025-26,2025-26_BOS_014,2025-11-14,BOS,MIL,False,True,31.5,18,4,4,1,0,1,1,3,2,True
SYN0031,Synthetic Player 031,2025-26,2025-26_BOS_015,2025-11-16,BOS,MIN,True,True,31.4,23,4,2,1,0,2,1,3,4,True
SYN0031,Synthetic Player 031,2025-26,2025-26_BOS_016,2025-11-18,BOS,NOP,False,True,30.2,17,3,3,1,0,2,2,3,2,True
SYN0031,Synthetic Player 031,2025-26,2025-26_BOS_018,2025-11-22,BOS,OKC,False,True,30.4,20,5,4,1,0,2,2,3,3,True
SYN0031,Synthetic Player 031,2025-26,2025-26_BOS_020,2025-11-27,BOS,PHI,False,True,25.4,12,4,2,1,0,2,1,2,2,True
SYN0031,Synthetic Player 031,2025-26,2025-26_BOS_021,2025-11-30,BOS,PHX,True,True,25.4,13,3,3,1,0,1,1,2,2,True
SYN0031,Synthetic Player 031,2025-26,2025-26_BOS_022,2025-12-01,BOS,POR,False,True,32.4,11,4,3,1,0,2,2,2,1,True
SYN0031,Synthetic Player 031,2025-26,2025-26_BOS_023,2025-12-03,BOS,SAC,True,True,30.4,24,3,3,1,0,2,2,5,3,True
SYN0031,Synthetic Player 031,2025-26,2025-26_BOS_024,2025-12-05,BOS,SAS,False,False,23.5,17,4,2,1,0,1,1,3,2,True
SYN0031,Synthetic Player 031,2025-26,2025-26_BOS_025,2025-12-07,BOS,TOR,True,True,34.9,21,5,3,1,0,2,2,3,2,True
SYN0031,Synthetic Player 031,2025-26,2025-26_BOS_026,2025-12-09,BOS,UTA,False,True,27.4,13,3,3,1,0,2,2,2,1,True
SYN0031,Synthetic Player 031,2025-26,2025-26_BOS_027,2025-12-11,BOS,WAS,True,True,33.7,18,4,3,1,1,2,2,3,2,True
SYN0031,Synthetic Player 031,2025-26,2025-26_BOS_028,2025-12-13,BOS,ATL,False,False,21.3,11,3,3,1,0,2,1,2,2,True
SYN0031,Synthetic Player 031,2025-26,2025-26_BOS_029,2025-12-14,BOS,BOS,True,True,26.6,13,3,3,1,0,1,2,2,2,True
SYN0031,Synthetic Player 031,2025-26,2025-26_BOS_030,2025-12-16,BOS,BKN,False,False,23.2,12,3,2,1,0,1,1,2,2,True
SYN0031,Synthetic Player 031,2025-26,2025-26_BOS_031,2025-12-19,BOS,CHA,True,True,30.0,21,4,3,1,0,2,2,3,3,True
SYN0031,Synthetic Player 031,2025-26,2025-26_BOS_032,2025-12-21,BOS,CHI,False,True,33.5,17,3,3,1,0,2,2,3,2,True
SYN0031,Synthetic Player 031,2025-26,2025-26_BOS_033,2025-12-23,BOS,CLE,True,True,29.6,17,3,3,1,0,2,2,2,2,True
SYN0031,Synthetic Player 031,2025-26,2025-26_BOS_034,2025-12-25,BOS,DAL,False,True,28.4,21,4,2,1,0,2,2,4,3,True
SYN0031,Synthetic Player 031,2025-26,2025-26_BOS_047,2026-01-16,BOS,NYK,True,True,29.5,17,4,4,1,0,2,2,2,3,True
SYN0031,Synthetic Player 031,2025-26,2025-26_BOS_049,2026-01-21,BOS,ORL,True,True,32.6,18,5,3,1,1,1,2,3,2,True
SYN0031,Synthetic Player 031,2025-26,2025-26_BOS_050,2026-01-23,BOS,PHI,False,True,34.9,22,4,4,2,0,3,2,4,3,True
SYN0031,Synthetic Player 031,2025-26,2025-26_BOS_051,2026-01-25,BOS,PHX,True,True,28.9,15,4,3,1,1,2,2,2,2,True
SYN0031,Synthetic Player 031,2025-26,2025-26_BOS_052,2026-01-26,BOS,POR,False,True,26.0,15,3,3,1,0,2,2,4,2,True
SYN0031,Synthetic Player 031,2025-26,2025-26_BOS_053,2026-01-27,BOS,SAC,True,True,36.4,16,3,4,2,1,2,3,2,2,True
SYN0031,Synthetic Player 031,2025-26,2025-26_BOS_057,2026-02-02,BOS,WAS,True,True,24.3,16,3,3,1,0,2,2,3,3,True
SYN0031,Synthetic Player 031,2025-26,2025-26_BOS_058,2026-02-03,BOS,ATL,False,True,40.0,18,4,5,1,0,3,2,2,2,True
SYN0031,Synthetic Player 031,2025-26,2025-26_BOS_059,2026-02-05,BOS,BOS,True,True,30.5,12,3,4,1,0,2,2,2,1,True
SYN0031,Synthetic Player 031,2025-26,2025-26_BOS_060,2026-02-06,BOS,BKN,False,True,33.3,15,5,4,1,0,3,2,2,2,True
SYN0031,Synthetic Player 031,2025-26,2025-26_BOS_061,2026-02-08,BOS,CHA,True,True,28.9,19,3,3,1,0,2,2,3,2,True
SYN0031,Synthetic Player 031,2025-26,2025-26_BOS_062,2026-02-11,BOS,CHI,False,True,33.8,21,6,4,1,1,2,2,3,3,True
SYN0031,Synthetic Player 031,2025-26,2025-26_BOS_063,2026-02-12,BOS,CLE,True,True,30.2,19,3,3,1,0,2,2,3,3,True
SYN0031,Synthetic Player 031,2025-26,2025-26_BOS_064,2026-02-13,BOS,DAL,False,True,24.9,10,3,3,1,0,1,2,2,1,True
SYN0031,Synthetic Player 031,2025-26,2025-26_BOS_065,2026-02-15,BOS,DEN,True,True,29.7,16,3,2,1,0,2,2,3,2,True
SYN0031,Synthetic Player 031,2025-26,2025-26_BOS_066,2026-02-17,BOS,DET,False,True,34.0,17,3,3,1,0,2,2,3,2,True
SYN0031,Synthetic Player 031,2025-26,2025-26_BOS_067,2026-02-19,BOS,GSW,True,True,29.9,15,5,4,1,1,1,2,3,2,True
SYN0031,Synthetic Player 031,2025-26,2025-26_BOS_068,2026-02-21,BOS,HOU,False,True,33.2,19,5,4,1,1,2,2,3,3,True
SYN0031,Synthetic Player 031,2025-26,2025-26_BOS_069,2026-02-23,BOS,IND,True,True,38.5,18,4,3,1,0,3,2,2,2,True
SYN0031,Synthetic Player 031,2025-26,2025-26_BOS_070,2026-02-26,BOS,LAC,False,True,26.7,19,4,3,1,0,2,2,3,2,True
SYN0031,Synthetic Player 031,2025-26,2025-26_BOS_071,2026-02-27,BOS,LAL,True,True,32.9,15,5,4,1,0,3,2,2,2,True
SYN0031,Synthetic Player 031,2025-26,2025-26_BOS_072,2026-03-02,BOS,MEM,False,True,31.0,19,3,4,1,0,2,2,4,2,True
SYN0031,Synthetic Player 031,2025-26,2025-26_BOS_073,2026-03-04,BOS,MIA,True,True,28.5,19,3,3,1,0,2,2,3,3,True
SYN0031,Synthetic Player 031,2025-26,2025-26_BOS_074,2026-03-06,BOS,MIL,False,True,31.1,15,4,3,1,0,2,2,3,2,True
SYN0031,Synthetic Player 031,2025-26,2025-26_BOS_075,2026-03-07,BOS,MIN,True,True,31.9,35,4,3,1,0,2,2,6,4,True
SYN0031,Synthetic Player 031,2025-26,2025-26_BOS_076,2026-03-09,BOS,NOP,False,True,33.4,16,4,3,1,0,2,2,2,1,True
SYN0031,Synthetic Player 031,2025-26,2025-26_BOS_077,2026-03-11,BOS,NYK,True,True,29.3,30,4,4,1,0,2,1,8,5,True
SYN0031,Synthetic Player 031,2025-26,2025-26_BOS_078,2026-03-13,BOS,OKC,False,True,35.5,20,5,4,1,1,2,2,4,3,True
SYN0031,Synthetic Player 031,2025-26,2025-26_BOS_079,2026-03-15,BOS,ORL,True,False,23.1,15,3,3,1,0,1,1,2,2,True
SYN0031,Synthetic Player 031,2025-26,2025-26_BOS_080,2026-03-17,BOS,PHI,False,False,23.5,12,3,3,1,0,1,1,2,3,True
SYN0032,Synthetic Player 032,2025-26,2025-26_BKN_000,2025-10-23,BKN,CHA,False,True,24.5,5,5,3,1,0,1,1,1,0,True
SYN0032,Synthetic Player 032,2025-26,2025-26_BKN_001,2025-10-24,BKN,CHI,True,False,18.0,8,3,4,1,0,1,1,1,0,True
SYN0032,Synthetic Player 032,2025-26,2025-26_BKN_002,2025-10-25,BKN,CLE,False,False,22.1,16,4,3,1,0,1,1,3,2,True
SYN0032,Synthetic Player 032,2025-26,2025-26_BKN_003,2025-10-26,BKN,DAL,True,False,21.7,5,5,4,0,0,1,1,1,0,True
SYN0032,Synthetic Player 032,2025-26,2025-26_BKN_004,2025-10-28,BKN,DEN,False,False,19.8,8,4,2,1,1,1,1,2,1,True
SYN0032,Synthetic Player 032,2025-26,2025-26_BKN_005,2025-10-30,BKN,DET,True,False,21.3,9,3,2,1,0,1,2,1,1,True
SYN0032,Synthetic Player 032,2025-26,2025-26_BKN_006,2025-11-01,BKN,GSW,False,False,20.4,15,4,4,0,0,1,1,3,1,True
SYN0032,Synthetic Player 032,2025-26,2025-26_BKN_007,2025-11-03,BKN,HOU,True,True,30.3,19,3,4,1,0,1,2,3,2,True
SYN0032,Synthetic Player 032,2025-26,2025-26_BKN_008,2025-11-05,BKN,IND,False,False,22.4,9,4,5,1,1,1,1,1,1,True
SYN0032,Synthetic Player 032,2025-26,2025-26_BKN_009,2025-11-07,BKN,LAC,True,True,29.5,10,4,3,1,1,2,2,1,1,True
SYN0032,Synthetic Player 032,2025-26,2025-26_BKN_010,2025-11-08,BKN,LAL,False,False,21.5,12,3,2,1,0,1,1,3,2,True
SYN0032,Synthetic Player 032,2025-26,2025-26_BKN_011,2025-11-09,BKN,MEM,True,False,19.1,6,3,1,0,0,1,1,1,1,True
SYN0032,Synthetic Player 032,2025-26,2025-26_BKN_012,2025-11-11,BKN,MIA,False,False,17.4,8,3,1,0,0,1,1,1,1,True
SYN0032,Synthetic Player 032,2025-26,2025-26_BKN_019,2025-11-26,BKN,PHI,True,True,25.3,13,5,3,1,0,1,1,2,1,True
SYN0032,Synthetic Player 032,2025-26,2025-26_BKN_020,2025-11-28,BKN,PHX,False,False,15.3,10,3,2,0,0,1,1,2,1,True
SYN0032,Synthetic Player 032,2025-26,2025-26_BKN_021,2025-11-30,BKN,POR,True,False,19.8,20,2,2,1,0,1,1,3,1,True
SYN0032,Synthetic Player 032,2025-26,2025-26_BKN_022,2025-12-02,BKN,SAC,False,False,23.8,11,4,5,1,0,1,2,1,1,True
SYN0032,Synthetic Player 032,2025-26,2025-26_BKN_023,2025-12-03,BKN,SAS,True,False,19.5,6,3,3,1,0,1,1,1,1,True
SYN0032,Synthetic Player 032,2025-26,2025-26_BKN_024,2025-12-05,BKN,TOR,False,False,18.9,8,2,2,1,0,1,1,1,1,True
SYN0032,Synthetic Player 032,2025-26,2025-26_BKN_026,2025-12-08,BKN,WAS,False,True,26.5,25,3,6,1,0,2,1,3,3,True
SYN0032,Synthetic Player 032,2025-26,2025-26_BKN_027,2025-12-10,BKN,ATL,True,False,18.9,11,3,2,1,0,1,1,3,0,True
SYN0032,Synthetic Player 032,2025-26,2025-26_BKN_028,2025-12-13,BKN,BOS,False,False,22.6,20,2,4,1,0,1,1,3,4,True
SYN0032,Synthetic Player 032,2025-26,2025-26_BKN_029,2025-12-14,BKN,BKN,True,False,19.9,9,4,3,1,0,1,1,1,1,True
SYN0032,Synthetic Player 032,2025-26,2025-26_BKN_030,2025-12-16,BKN,CHA,False,False,16.2,6,2,2,0,0,1,1,0,1,True
SYN0032,Synthetic Player 032,2025-26,2025-26_BKN_031,2025-12-18,BKN,CHI,True,False,18.6,8,3,3,0,0,1,1,2,1,True
SYN0032,Synthetic Player 032,2025-26,2025-26_BKN_032,2025-12-20,BKN,CLE,False,True,28.4,18,6,2,1,1,2,2,3,3,True
SYN0032,Synthetic Player 032,2025-26,2025-26_BKN_033,2025-12-21,BKN,DAL,True,False,23.0,9,3,2,1,0,1,1,1,1,True
SYN0032,Synthetic Player 032,2025-26,2025-26_BKN_034,2025-12-22,BKN,DEN,False,False,23.8,8,4,3,0,0,2,2,2,1,True
SYN0032,Synthetic Player 032,2025-26,2025-26_BKN_035,2025-12-23,BKN,DET,True,True,28.2,9,6,4,0,0,2,2,1,1,True
SYN0032,Synthetic Player 032,2025-26,2025-26_BKN_036,2025-12-25,BKN,GSW,False,False,22.5,10,2,2,1,0,2,1,1,1,True
SYN0032,Synthetic Player 032,2025-26,2025-26_BKN_037,2025-12-28,BKN,HOU,True,False,14.4,6,2,2,1,0,1,1,1,0,True
SYN0032,Synthetic Player 032,2025-26,2025-26_BKN_038,2025-12-29,BKN,IND,False,False,23.7,21,4,5,1,0,1,2,5,2,True
SYN0032,Synthetic Player 032,2025-26,2025-26_BKN_039,2025-12-31,BKN,LAC,True,True,26.8,11,3,2,1,1,2,1,2,1,True
SYN0032,Synthetic Player 032,2025-26,2025-26_BKN_040,2026-01-02,BKN,LAL,False,False,18.1,10,5,4,0,1,1,1,3,1,True
SYN0032,Synthetic Player 032,2025-26,2025-26_BKN_041,2026-01-04,BKN,MEM,True,False,17.9,14,4,4,1,0,1,1,2,2,True
SYN0032,Synthetic Player 032,2025-26,2025-26_BKN_042,2026-01-05,BKN,MIA,False,False,15.9,14,3,2,0,0,1,1,4,1,True
SYN0032,Synthetic Player 032,2025-26,2025-26_BKN_043,2026-01-06,BKN,MIL,True,True,26.8,13,3,3,1,0,2,1,2,1,True
SYN0032,Synthetic Player 032,2025-26,2025-26_BKN_044,2026-01-08,BKN,MIN,False,True,26.7,25,4,2,1,1,1,2,3,4,True
SYN0032,Synthetic Player 032,2025-26,2025-26_BKN_045,2026-01-09,BKN,NOP,True,False,20.8,8,4,2,0,1,1,1,2,1,True
SYN0032,Synthetic Player 032,2025-26,2025-26_BKN_046,2026-01-11,BKN,NYK,False,True,24.2,8,2,3,0,0,2,1,2,1,True
SYN0032,Synthetic Player 032,2025-26,2025-26_BKN_047,2026-01-12,BKN,OKC,True,False,21.2,10,3,3,1,0,2,1,1,1,True
SYN0032,Synthetic Player 032,2025-26,2025-26_BKN_048,2026-01-14,BKN,ORL,False,True,24.8,16,3,2,1,0,2,1,3,2,True
SYN0032,Synthetic Player 032,2025-26,2025-26_BKN_055,2026-01-27,BKN,UTA,True,True,25.4,6,4,4,1,1,2,2,1,1,True
SYN0032,Synthetic Player 032,2025-26,2025-26_BKN_056,2026-01-29,BKN,WAS,False,False,23.8,12,3,3,1,1,1,2,2,1,True
SYN0032,Synthetic Player 032,2025-26,2025-26_BKN_057,2026-01-31,BKN,ATL,True,False,22.9,13,3,2,1,0,1,2,2,1,True
SYN0032,Synthetic Player 032,2025-26,2025-26_BKN_058,2026-02-01,BKN,BOS,False,False,18.0,10,3,2,0,0,1,1,2,2,True
SYN0032,Synthetic Player 032,2025-26,2025-26_BKN_059,2026-02-02,BKN,BKN,True,True,25.1,12,4,3,1,0,1,1,2,1,True
SYN0032,Synthetic Player 032,2025-26,2025-26_BKN_060,2026-02-04,BKN,CHA,False,True,25.6,7,4,3,1,1,1,1,1,1,True
SYN0032,Synthetic Player 032,2025-26,2025-26_BKN_061,2026-02-07,BKN,CHI,True,True,24.9,15,5,4,1,0,2,1,2,2,True
SYN0032,Synthetic Player 032,2025-26,2025-26_BKN_062,2026-02-08,BKN,CLE,False,False,15.6,10,2,1,1,0,1,1,1,2,True
SYN0032,Synthetic Player 032,2025-26,2025-26_BKN_064,2026-02-14,BKN,DEN,False,False,24.0,12,3,2,1,0,2,2,2,1,True
SYN0032,Synthetic Player 032,2025-26,2025-26_BKN_065,2026-02-16,BKN,DET,True,True,26.0,13,4,4,1,0,1,2,1,1,True
SYN0032,Synthetic Player 032,2025-26,2025-26_BKN_066,2026-02-17,BKN,GSW,False,True,25.6,13,6,3,1,0,2,2,3,1,True
SYN0032,Synthetic Player 032,2025-26,2025-26_BKN_067,2026-02-18,BKN,HOU,True,False,18.2,7,2,3,1,0,1,1,1,1,True
SYN0032,Synthetic Player 032,2025-26,2025-26_BKN_068,2026-02-19,BKN,IND,False,False,22.7,21,4,3,0,1,1,1,3,4,True
SYN0032,Synthetic Player 032,2025-26,2025-26_BKN_069,2026-02-20,BKN,LAC,True,False,19.5,12,3,3,1,0,1,1,2,1,True
SYN0032,Synthetic Player 032,2025-26,2025-26_BKN_070,2026-02-22,BKN,LAL,False,False,21.1,5,4,4,1,0,1,1,1,1,True
SYN0032,Synthetic Player 032,2025-26,2025-26_BKN_071,2026-02-24,BKN,MEM,True,True,26.0,18,7,2,1,1,2,2,3,1,True
SYN0033,Synthetic Player 033,2025-26,2025-26_CHA_000,2025-10-21,CHA,CHI,False,False,22.1,7,5,1,1,1,1,2,1,0,True
SYN0033,Synthetic Player 033,2025-26,2025-26_CHA_004,2025-10-29,CHA,DET,False,False,20.9,9,3,1,0,1,1,1,1,1,True
SYN0033,Synthetic Player 033,2025-26,2025-26_CHA_005,2025-10-31,CHA,GSW,True,True,34.0,12,8,3,2,1,2,3,2,1,True
SYN0033,Synthetic Player 033,2025-26,2025-26_CHA_006,2025-11-02,CHA,HOU,False,False,20.6,9,3,1,0,1,1,1,1,1,True
SYN0033,Synthetic Player 033,2025-26,2025-26_CHA_007,2025-11-05,CHA,IND,True,True,29.7,12,5,3,1,1,2,2,3,1,True
SYN0033,Synthetic Player 033,2025-26,2025-26_CHA_008,2025-11-06,CHA,LAC,False,False,23.9,7,6,2,1,0,1,2,1,0,True
SYN0033,Synthetic Player 033,2025-26,2025-26_CHA_009,2025-11-07,CHA,LAL,True,True,25.5,11,3,2,1,1,1,2,2,1,True
SYN0033,Synthetic Player 033,2025-26,2025-26_CHA_010,2025-11-09,CHA,MEM,False,True,32.0,5,8,2,1,1,2,3,1,1,True
SYN0033,Synthetic Player 033,2025-26,2025-26_CHA_011,2025-11-10,CHA,MIA,True,True,31.6,6,4,2,1,1,2,2,1,1,True
SYN0033,Synthetic Player 033,2025-26,2025-26_CHA_012,2025-11-11,CHA,MIL,False,False,22.5,9,3,2,1,1,1,2,1,0,True
SYN0033,Synthetic Player 033,2025-26,2025-26_CHA_013,2025-11-13,CHA,MIN,True,True,36.1,20,8,3,1,2,2,2,4,1,True
SYN0033,Synthetic Player 033,2025-26,2025-26_CHA_014,2025-11-14,CHA,NOP,False,True,26.8,11,5,2,1,1,1,2,2,1,True
SYN0033,Synthetic Player 033,2025-26,2025-26_CHA_015,2025-11-15,CHA,NYK,True,True,25.3,12,6,3,1,0,2,2,1,1,True
SYN0033,Synthetic Player 033,2025-26,2025-26_CHA_016,2025-11-16,CHA,OKC,False,True,27.0,10,4,2,1,1,1,2,2,1,True
SYN0033,Synthetic Player 033,2025-26,2025-26_CHA_017,2025-11-17,CHA,ORL,True,False,20.5,6,4,2,1,1,1,2,1,0,True
SYN0033,Synthetic Player 033,2025-26,2025-26_CHA_020,2025-11-23,CHA,POR,False,True,25.6,9,3,2,1,1,2,2,1,1,True
SYN0033,Synthetic Player 033,2025-26,2025-26_CHA_021,2025-11-26,CHA,SAC,True,True,28.6,6,9,3,1,1,2,2,1,0,True
SYN0033,Synthetic Player 033,2025-26,2025-26_CHA_022,2025-11-28,CHA,SAS,False,True,32.2,6,5,2,1,1,2,2,1,0,True
SYN0033,Synthetic Player 033,2025-26,2025-26_CHA_023,2025-11-29,CHA,TOR,True,True,26.5,8,7,2,1,1,2,2,2,0,True
SYN0033,Synthetic Player 033,2025-26,2025-26_CHA_024,2025-11-30,CHA,UTA,False,True,34.4,22,6,4,1,1,2,2,2,2,True
SYN0033,Synthetic Player 033,2025-26,2025-26_CHA_025,2025-12-02,CHA,WAS,True,True,31.6,9,8,3,1,1,2,2,2,1,True
SYN0033,Synthetic Player 033,2025-26,2025-26_CHA_029,2025-12-08,CHA,CHA,True,True,27.9,5,5,2,1,1,2,2,1,0,True
SYN0033,Synthetic Player 033,2025-26,2025-26_CHA_030,2025-12-09,CHA,CHI,False,True,29.0,14,7,2,2,1,1,2,3,1,True
SYN0033,Synthetic Player 033,2025-26,2025-26_CHA_031,2025-12-12,CHA,CLE,True,True,30.3,7,3,1,1,1,1,2,1,0,True
SYN0033,Synthetic Player 033,2025-26,2025-26_CHA_032,2025-12-14,CHA,DAL,False,True,27.8,14,5,3,1,1,1,2,2,1,True
SYN0033,Synthetic Player 033,2025-26,2025-26_CHA_033,2025-12-16,CHA,DEN,True,False,21.8,10,3,1,1,1,1,2,1,1,True
SYN0033,Synthetic Player 033,2025-26,2025-26_CHA_034,2025-12-18,CHA,DET,False,False,22.6,9,4,1,1,1,1,2,1,1,True
SYN0033,Synthetic Player 033,2025-26,2025-26_CHA_035,2025-12-20,CHA,GSW,True,True,28.7,10,4,3,1,1,1,3,1,1,True
SYN0033,Synthetic Player 033,2025-26,2025-26_CHA_036,2025-12-22,CHA,HOU,False,False,23.9,10,5,3,1,1,1,1,1,0,True
SYN0033,Synthetic Player 033,2025-26,2025-26_CHA_037,2025-12-23,CHA,IND,True,True,26.9,14,5,2,0,1,1,2,1,0,True
SYN0033,Synthetic Player 033,2025-26,2025-26_CHA_038,2025-12-25,CHA,LAC,False,True,32.8,7,5,2,1,1,2,2,1,0,True
SYN0033,Synthetic Player 033,2025-26,2025-26_CHA_039,2025-12-26,CHA,LAL,True,False,23.7,11,4,2,1,0,1,2,2,0,True
SYN0033,Synthetic Player 033,2025-26,2025-26_CHA_040,2025-12-27,CHA,MEM,False,True,25.6,8,5,2,1,1,1,2,1,0,True
SYN0033,Synthetic Player 033,2025-26,2025-26_CHA_041,2025-12-29,CHA,MIA,True,True,30.8,9,7,2,1,1,2,2,1,1,True
SYN0033,Synthetic Player 033,2025-26,2025-26_CHA_042,2025-12-31,CHA,MIL,False,True,25.2,9,3,1,1,1,2,2,1,0,True
SYN0033,Synthetic Player 033,2025-26,2025-26_CHA_043,2026-01-02,CHA,MIN,True,True,31.6,7,4,5,1,1,2,2,1,1,True
SYN0033,Synthetic Player 033,2025-26,2025-26_CHA_044,2026-01-04,CHA,NOP,False,False,23.5,8,4,2,1,1,1,2,1,1,True
SYN0033,Synthetic Player 033,2025-26,2025-26_CHA_045,2026-01-06,CHA,NYK,True,True,31.4,14,5,2,1,1,2,2,2,1,True
SYN0033,Synthetic Player 033,2025-26,2025-26_CHA_046,2026-01-08,CHA,OKC,False,False,18.1,7,4,2,1,0,1,1,1,0,True
SYN0033,Synthetic Player 033,2025-26,2025-26_CHA_050,2026-01-15,CHA,POR,False,True,38.2,11,7,4,1,1,3,3,1,1,True
SYN0033,Synthetic Player 033,2025-26,2025-26_CHA_051,2026-01-17,CHA,SAC,True,False,20.5,4,6,1,1,1,1,1,1,0,True
SYN0033,Synthetic Player 033,2025-26,2025-26_CHA_052,2026-01-19,CHA,SAS,False,True,27.4,8,4,2,1,1,2,2,2,1,True
SYN0033,Synthetic Player 033,2025-26,2025-26_CHA_053,2026-01-21,CHA,TOR,True,False,19.2,6,3,1,1,1,1,1,1,0,True
SYN0033,Synthetic Player 033,2025-26,2025-26_CHA_054,2026-01-23,CHA,UTA,False,True,24.5,8,4,2,1,1,1,2,1,1,True
SYN0033,Synthetic Player 033,2025-26,2025-26_CHA_055,2026-01-25,CHA,WAS,True,True,27.4,7,5,2,1,1,1,2,1,0,True
SYN0033,Synthetic Player 033,2025-26,2025-26_CHA_056,2026-01-26,CHA,ATL,False,False,23.4,9,4,2,1,1,1,2,1,1,True
SYN0033,Synthetic Player 033,2025-26,2025-26_CHA_057,2026-01-28,CHA,BOS,True,True,25.3,6,3,1,1,1,2,2,1,0,True
SYN0033,Synthetic Player 033,2025-26,2025-26_CHA_058,2026-01-30,CHA,BKN,False,False,20.2,5,2,2,1,1,1,2,1,0,True
SYN0033,Synthetic Player 033,2025-26,2025-26_CHA_059,2026-01-31,CHA,CHA,True,False,23.5,5,3,2,1,1,1,2,1,0,True
SYN0033,Synthetic Player 033,2025-26,2025-26_CHA_060,2026-02-02,CHA,CHI,False,True,24.2,4,6,2,1,1,1,2,0,0,True
SYN0033,Synthetic Player 033,2025-26,2025-26_CHA_061,2026-02-04,CHA,CLE,True,True,29.8,13,5,2,1,1,1,2,2,1,True
SYN0033,Synthetic Player 033,2025-26,2025-26_CHA_062,2026-02-06,CHA,DAL,False,True,24.1,8,4,2,0,1,1,2,1,1,True
SYN0033,Synthetic Player 033,2025-26,2025-26_CHA_063,2026-02-08,CHA,DEN,True,True,29.4,11,5,2,1,2,1,2,2,1,True
SYN0033,Synthetic Player 033,2025-26,2025-26_CHA_064,2026-02-09,CHA,DET,False,True,24.3,6,2,2,1,1,1,2,1,0,True
SYN0033,Synthetic Player 033,2025-26,2025-26_CHA_065,2026-02-10,CHA,GSW,True,True,33.0,6,5,2,1,1,2,2,1,0,True
SYN0033,Synthetic Player 033,2025-26,2025-26_CHA_066,2026-02-13,CHA,HOU,False,True,27.1,6,6,2,1,1,1,2,1,1,True
SYN0033,Synthetic Player 033,2025-26,2025-26_CHA_067,2026-02-15,CHA,IND,True,False,21.6,9,5,2,1,1,1,2,1,1,True
SYN0033,Synthetic Player 033,2025-26,2025-26_CHA_068,2026-02-16,CHA,LAC,False,True,29.0,11,8,2,1,1,1,2,2,1,True
SYN0033,Synthetic Player 033,2025-26,2025-26_CHA_069,2026-02-17,CHA,LAL,True,False,23.4,6,7,2,0,1,1,2,1,0,True
SYN0033,Synthetic Player 033,2025-26,2025-26_CHA_070,2026-02-18,CHA,MEM,False,True,29.2,6,5,3,1,0,1,2,1,0,True
SYN0033,Synthetic Player 033,2025-26,2025-26_CHA_071,2026-02-20,CHA,MIA,True,True,32.8,9,7,3,1,1,1,3,2,1,True
SYN0033,Synthetic Player 033,2025-26,2025-26_CHA_072,2026-02-22,CHA,MIL,False,False,23.5,16,5,3,0,1,1,2,2,1,True
SYN0033,Synthetic Player 033,2025-26,2025-26_CHA_073,2026-02-24,CHA,MIN,True,True,24.5,9,4,2,1,1,1,1,1,1,True
SYN0033,Synthetic Player 033,2025-26,2025-26_CHA_074,2026-02-26,CHA,NOP,False,True,29.4,10,5,2,1,1,1,2,1,1,True
SYN0033,Synthetic Player 033,2025-26,2025-26_CHA_075,2026-02-27,CHA,NYK,True,True,37.4,12,4,4,1,2,2,3,2,1,True
SYN0033,Synthetic Player 033,2025-26,2025-26_CHA_076,2026-02-28,CHA,OKC,False,True,25.1,8,7,2,1,1,1,2,1,1,True
SYN0033,Synthetic Player 033,2025-26,2025-26_CHA_077,2026-03-02,CHA,ORL,True,True,27.2,9,5,1,1,1,1,2,1,1,True
SYN0034,Synthetic Player 034,2025-26,2025-26_CHI_000,2025-10-22,CHI,CLE,False,False,9.8,3,3,1,0,0,1,1,1,0,True
SYN0034,Synthetic Player 034,2025-26,2025-26_CHI_001,2025-10-23,CHI,DAL,True,False,11.2,4,3,1,0,1,0,1,0,0,True
SYN0034,Synthetic Player 034,2025-26,2025-26_CHI_002,2025-10-25,CHI,DEN,False,False,10.9,7,4,0,0,1,1,1,1,0,True
SYN0034,Synthetic Player 034,2025-26,2025-26_CHI_003,2025-10-27,CHI,DET,True,False,9.5,3,2,1,0,0,1,1,0,0,True
SYN0034,Synthetic Player 034,2025-26,2025-26_CHI_004,2025-10-28,CHI,GSW,False,False,16.2,5,4,1,0,0,1,2,1,0,True
SYN0034,Synthetic Player 034,2025-26,2025-26_CHI_005,2025-10-30,CHI,HOU,True,False,11.5,5,3,1,0,1,1,1,1,0,True
SYN0034,Synthetic Player 034,2025-26,2025-26_CHI_006,2025-11-01,CHI,IND,False,False,15.4,6,3,1,0,1,1,1,1,0,True
SYN0034,Synthetic Player 034,2025-26,2025-26_CHI_007,2025-11-03,CHI,LAC,True,False,18.2,9,3,2,0,1,1,1,1,0,True
SYN0034,Synthetic Player 034,2025-26,2025-26_CHI_008,2025-11-05,CHI,LAL,False,False,15.9,6,3,1,0,1,1,1,1,0,True
SYN0034,Synthetic Player 034,2025-26,2025-26_CHI_009,2025-11-07,CHI,MEM,True,False,10.8,3,3,1,0,0,1,1,0,0,True
SYN0034,Synthetic Player 034,2025-26,2025-26_CHI_011,2025-11-10,CHI,MIL,True,False,17.5,5,5,1,0,1,1,2,1,0,True
SYN0034,Synthetic Player 034,2025-26,2025-26_CHI_012,2025-11-11,CHI,MIN,False,False,9.3,3,2,1,0,1,0,1,0,0,True
SYN0034,Synthetic Player 034,2025-26,2025-26_CHI_014,2025-11-15,CHI,NYK,False,False,13.0,4,3,1,0,0,1,1,1,0,True
SYN0034,Synthetic Player 034,2025-26,2025-26_CHI_015,2025-11-16,CHI,OKC,True,False,6.6,3,2,1,0,0,0,1,0,0,True
SYN0034,Synthetic Player 034,2025-26,2025-26_CHI_017,2025-11-21,CHI,PHI,True,False,18.6,7,4,1,0,1,1,1,2,0,True
SYN0034,Synthetic Player 034,2025-26,2025-26_CHI_018,2025-11-23,CHI,PHX,False,False,13.0,4,4,1,0,1,1,1,0,0,True
SYN0034,Synthetic Player 034,2025-26,2025-26_CHI_019,2025-11-25,CHI,POR,True,False,9.9,3,2,0,0,0,0,1,0,0,True
SYN0034,Synthetic Player 034,2025-26,2025-26_CHI_020,2025-11-26,CHI,SAC,False,False,13.9,6,2,1,0,1,1,1,1,0,True
SYN0034,Synthetic Player 034,2025-26,2025-26_CHI_021,2025-11-28,CHI,SAS,True,False,15.4,4,4,1,0,1,1,2,0,0,True
SYN0034,Synthetic Player 034,2025-26,2025-26_CHI_028,2025-12-09,CHI,CHA,False,False,10.7,3,3,0,0,0,1,1,0,0,True
SYN0034,Synthetic Player 034,2025-26,2025-26_CHI_029,2025-12-11,CHI,CHI,True,False,12.5,3,3,0,0,1,1,1,0,0,True
SYN0034,Synthetic Player 034,2025-26,2025-26_CHI_030,2025-12-13,CHI,CLE,False,False,9.6,3,2,1,0,0,1,1,1,0,True
SYN0034,Synthetic Player 034,2025-26,2025-26_CHI_031,2025-12-15,CHI,DAL,True,False,15.3,5,3,1,0,1,1,1,1,0,True
SYN0034,Synthetic Player 034,2025-26,2025-26_CHI_032,2025-12-17,CHI,DEN,False,False,12.7,2,2,1,0,1,1,1,0,0,True
SYN0034,Synthetic Player 034,2025-26,2025-26_CHI_033,2025-12-19,CHI,DET,True,False,14.1,5,2,1,0,1,1,1,1,0,True
SYN0034,Synthetic Player 034,2025-26,2025-26_CHI_034,2025-12-20,CHI,GSW,False,False,15.3,8,5,1,0,0,1,1,1,0,True
SYN0034,Synthetic Player 034,2025-26,2025-26_CHI_035,2025-12-22,CHI,HOU,True,False,14.4,4,3,1,0,1,1,1,1,0,True
SYN0034,Synthetic Player 034,2025-26,2025-26_CHI_036,2025-12-24,CHI,IND,False,False,7.7,3,2,1,0,0,0,1,0,0,True
SYN0034,Synthetic Player 034,2025-26,2025-26_CHI_037,2025-12-27,CHI,LAC,True,False,11.2,4,2,1,0,1,0,1,0,0,True
SYN0034,Synthetic Player 034,2025-26,2025-26_CHI_038,2025-12-28,CHI,LAL,False,False,14.8,7,4,1,0,1,1,2,1,0,True
SYN0034,Synthetic Player 034,2025-26,2025-26_CHI_039,2025-12-30,CHI,MEM,True,False,16.8,5,4,1,0,1,1,1,1,0,True
SYN0034,Synthetic Player 034,2025-26,2025-26_CHI_040,2026-01-02,CHI,MIA,False,False,15.1,3,4,1,0,1,1,1,0,0,True
SYN0034,Synthetic Player 034,2025-26,2025-26_CHI_042,2026-01-06,CHI,MIN,False,False,19.6,6,4,1,0,1,1,2,1,0,True
SYN0034,Synthetic Player 034,2025-26,2025-26_CHI_044,2026-01-08,CHI,NYK,False,False,12.3,5,3,1,0,1,1,1,1,0,True
SYN0034,Synthetic Player 034,2025-26,2025-26_CHI_045,2026-01-10,CHI,OKC,True,False,11.5,2,2,0,0,1,1,1,0,0,True
SYN0034,Synthetic Player 034,2025-26,2025-26_CHI_046,2026-01-11,CHI,ORL,False,False,13.6,5,3,1,0,1,1,1,1,0,True
SYN0034,Synthetic Player 034,2025-26,2025-26_CHI_047,2026-01-13,CHI,PHI,True,False,9.9,3,3,1,0,1,1,1,1,0,True
SYN0034,Synthetic Player 034,2025-26,2025-26_CHI_048,2026-01-14,CHI,PHX,False,False,16.1,4,4,1,0,1,1,1,0,0,True
SYN0034,Synthetic Player 034,2025-26,2025-26_CHI_049,2026-01-15,CHI,POR,True,False,9.1,3,2,0,0,0,0,1,0,0,True
SYN0034,Synthetic Player 034,2025-26,2025-26_CHI_051,2026-01-20,CHI,SAS,True,False,12.5,5,3,1,0,1,1,1,1,0,True
SYN0034,Synthetic Player 034,2025-26,2025-26_CHI_052,2026-01-23,CHI,TOR,False,False,16.3,7,4,1,0,1,1,1,1,0,True
SYN0034,Synthetic Player 034,2025-26,2025-26_CHI_053,2026-01-25,CHI,UTA,True,False,19.9,5,6,1,0,1,1,2,1,0,True
SYN0034,Synthetic Player 034,2025-26,2025-26_CHI_054,2026-01-27,CHI,WAS,False,False,14.6,6,3,1,0,1,1,1,2,0,True
SYN0034,Synthetic Player 034,2025-26,2025-26_CHI_055,2026-01-29,CHI,ATL,True,False,14.5,5,4,1,0,1,1,1,1,0,True
SYN0034,Synthetic Player 034,2025-26,2025-26_CHI_057,2026-02-02,CHI,BKN,True,False,8.9,2,2,1,0,0,0,1,0,0,True
SYN0034,Synthetic Player 034,2025-26,2025-26_CHI_058,2026-02-04,CHI,CHA,False,False,12.4,7,3,1,0,1,1,1,1,0,True
SYN0034,Synthetic Player 034,2025-26,2025-26_CHI_060,2026-02-06,CHI,CLE,False,False,12.5,4,4,1,0,1,1,1,1,0,True
SYN0034,Synthetic Player 034,2025-26,2025-26_CHI_061,2026-02-08,CHI,DAL,True,False,16.4,4,4,1,1,1,1,1,1,0,True
SYN0034,Synthetic Player 034,2025-26,2025-26_CHI_062,2026-02-10,CHI,DEN,False,False,16.9,4,4,1,0,1,1,1,1,0,True
SYN0034,Synthetic Player 034,2025-26,2025-26_CHI_069,2026-02-25,CHI,MEM,True,False,12.0,3,3,0,0,1,1,1,0,0,True
SYN0034,Synthetic Player 034,2025-26,2025-26_CHI_070,2026-02-27,CHI,MIA,False,False,17.5,9,6,1,0,1,1,1,1,0,True
SYN0034,Synthetic Player 034,2025-26,2025-26_CHI_071,2026-03-01,CHI,MIL,True,False,8.6,2,1,0,0,0,0,1,0,0,True
SYN0034,Synthetic Player 034,2025-26,2025-26_CHI_072,2026-03-03,CHI,MIN,False,False,11.4,3,3,1,0,1,1,1,1,0,True
SYN0034,Synthetic Player 034,2025-26,2025-26_CHI_073,2026-03-05,CHI,NOP,True,False,5.9,1,2,0,0,0,0,0,0,0,True
SYN0034,Synthetic Player 034,2025-26,2025-26_CHI_074,2026-03-07,CHI,NYK,False,False,14.3,6,3,1,0,1,1,1,1,0,True
SYN0034,Synthetic Player 034,2025-26,2025-26_CHI_075,2026-03-09,CHI,OKC,True,False,9.5,2,3,1,0,0,1,1,0,0,True
SYN0034,Synthetic Player 034,2025-26,2025-26_CHI_076,2026-03-11,CHI,ORL,False,False,8.3,3,2,1,0,0,0,1,0,0,True
SYN0034,Synthetic Player 034,2025-26,2025-26_CHI_077,2026-03-12,CHI,PHI,True,False,5.5,2,1,0,0,0,0,0,0,0,True
SYN0034,Synthetic Player 034,2025-26,2025-26_CHI_078,2026-03-14,CHI,PHX,False,False,10.7,3,5,1,0,1,0,1,1,0,True
SYN0034,Synthetic Player 034,2025-26,2025-26_CHI_079,2026-03-16,CHI,POR,True,False,16.4,5,5,1,0,1,1,1,1,0,True
SYN0034,Synthetic Player 034,2025-26,2025-26_CHI_080,2026-03-18,CHI,SAC,False,False,8.8,3,2,0,0,0,0,1,0,0,True
SYN0035,Synthetic Player 035,2025-26,2025-26_CLE_000,2025-10-23,CLE,DAL,False,True,38.8,35,8,14,1,0,4,2,8,4,True
SYN0035,Synthetic Player 035,2025-26,2025-26_CLE_001,2025-10-24,CLE,DEN,True,True,41.2,10,6,9,1,0,5,3,3,1,True
SYN0035,Synthetic Player 035,2025-26,2025-26_CLE_002,2025-10-25,CLE,DET,False,True,29.5,22,4,8,2,0,3,1,3,2,True
SYN0035,Synthetic Player 035,2025-26,2025-26_CLE_003,2025-10-26,CLE,GSW,True,True,30.1,26,11,12,1,0,2,1,3,2,True
SYN0035,Synthetic Player 035,2025-26,2025-26_CLE_004,2025-10-28,CLE,HOU,False,True,36.2,22,7,18,2,0,3,2,4,5,True
SYN0035,Synthetic Player 035,2025-26,2025-26_CLE_005,2025-10-30,CLE,IND,True,True,39.0,36,5,12,2,0,3,2,7,5,True
SYN0035,Synthetic Player 035,2025-26,2025-26_CLE_006,2025-11-02,CLE,LAC,False,True,32.5,50,5,10,1,0,3,2,6,4,True
SYN0035,Synthetic Player 035,2025-26,2025-26_CLE_007,2025-11-04,CLE,LAL,True,True,41.8,41,7,12,2,0,4,3,4,4,True
SYN0035,Synthetic Player 035,2025-26,2025-26_CLE_008,2025-11-06,CLE,MEM,False,True,43.1,33,7,10,2,0,3,3,6,4,True
SYN0035,Synthetic Player 035,2025-26,2025-26_CLE_009,2025-11-07,CLE,MIA,True,True,35.1,19,6,14,2,0,3,2,4,2,True
SYN0035,Synthetic Player 035,2025-26,2025-26_CLE_010,2025-11-08,CLE,MIL,False,True,36.9,38,4,10,2,0,3,2,6,6,True
SYN0035,Synthetic Player 035,2025-26,2025-26_CLE_011,2025-11-09,CLE,MIN,True,True,38.9,58,8,16,3,0,6,2,9,5,True
SYN0035,Synthetic Player 035,2025-26,2025-26_CLE_012,2025-11-10,CLE,NOP,False,True,37.5,30,5,10,3,0,3,2,4,4,True
SYN0035,Synthetic Player 035,2025-26,2025-26_CLE_013,2025-11-13,CLE,NYK,True,True,40.6,42,4,10,2,0,4,3,4,3,True
SYN0035,Synthetic Player 035,2025-26,2025-26_CLE_014,2025-11-16,CLE,OKC,False,True,44.0,30,3,13,1,0,3,3,4,6,True
SYN0035,Synthetic Player 035,2025-26,2025-26_CLE_015,2025-11-18,CLE,ORL,True,True,36.0,30,8,17,1,0,2,2,3,2,True
SYN0035,Synthetic Player 035,2025-26,2025-26_CLE_016,2025-11-20,CLE,PHI,False,True,38.8,78,5,19,3,0,4,2,17,10,True
SYN0035,Synthetic Player 035,2025-26,2025-26_CLE_017,2025-11-21,CLE,PHX,True,True,37.3,28,5,17,1,0,3,2,5,3,True
SYN0035,Synthetic Player 035,2025-26,2025-26_CLE_018,2025-11-22,CLE,POR,False,True,40.6,39,6,8,1,1,4,2,4,5,True
SYN0035,Synthetic Player 035,2025-26,2025-26_CLE_019,2025-11-24,CLE,SAC,True,True,38.0,33,3,7,1,0,3,2,9,2,True
SYN0035,Synthetic Player 035,2025-26,2025-26_CLE_020,2025-11-27,CLE,SAS,False,True,41.4,30,7,12,1,1,6,3,6,4,True
SYN0035,Synthetic Player 035,2025-26,2025-26_CLE_021,2025-11-29,CLE,TOR,True,True,37.4,16,5,19,1,0,3,2,2,1,True
SYN0035,Synthetic Player 035,2025-26,2025-26_CLE_022,2025-12-01,CLE,UTA,False,True,36.8,25,4,10,3,0,4,3,3,2,True
SYN0035,Synthetic Player 035,2025-26,2025-26_CLE_023,2025-12-02,CLE,WAS,True,True,42.0,54,11,13,2,0,3,3,7,5,True
SYN0035,Synthetic Player 035,2025-26,2025-26_CLE_024,2025-12-04,CLE,ATL,False,True,35.5,31,3,11,1,0,5,2,4,4,True
SYN0035,Synthetic Player 035,2025-26,2025-26_CLE_025,2025-12-05,CLE,BOS,True,True,41.2,66,8,10,2,1,3,3,11,9,True
SYN0035,Synthetic Player 035,2025-26,2025-26_CLE_026,2025-12-08,CLE,BKN,False,True,35.7,45,6,11,2,0,3,2,2,3,True
SYN0035,Synthetic Player 035,2025-26,2025-26_CLE_027,2025-12-10,CLE,CHA,True,True,43.4,38,6,15,2,0,3,3,6,3,True
SYN0035,Synthetic Player 035,2025-26,2025-26_CLE_028,2025-12-12,CLE,CHI,False,True,35.3,18,5,10,1,0,4,3,3,5,True
SYN0035,Synthetic Player 035,2025-26,2025-26_CLE_029,2025-12-14,CLE,CLE,True,True,32.6,42,4,8,1,0,4,2,7,5,True
SYN0035,Synthetic Player 035,2025-26,2025-26_CLE_030,2025-12-16,CLE,DAL,False,True,36.4,32,5,23,2,0,3,3,5,4,True
SYN0035,Synthetic Player 035,2025-26,2025-26_CLE_031,2025-12-18,CLE,DEN,True,True,42.5,28,4,23,4,1,4,3,7,3,True
SYN0035,Synthetic Player 035,2025-26,2025-26_CLE_035,2025-12-26,CLE,IND,True,True,33.3,30,6,10,1,0,2,2,7,3,True
SYN0035,Synthetic Player 035,2025-26,2025-26_CLE_036,2025-12-28,CLE,LAC,False,True,30.6,23,4,10,1,0,2,2,4,3,True
SYN0035,Synthetic Player 035,2025-26,2025-26_CLE_037,2025-12-30,CLE,LAL,True,True,37.7,15,8,11,1,0,3,2,2,2,True
SYN0035,Synthetic Player 035,2025-26,2025-26_CLE_038,2026-01-01,CLE,MEM,False,True,44.0,28,5,7,3,0,5,2,3,3,True
SYN0035,Synthetic Player 035,2025-26,2025-26_CLE_039,2026-01-03,CLE,MIA,True,True,33.0,37,6,8,2,0,2,2,5,7,True
SYN0035,Synthetic Player 035,2025-26,2025-26_CLE_040,2026-01-04,CLE,MIL,False,True,44.0,27,3,15,2,0,5,3,2,4,True
SYN0035,Synthetic Player 035,2025-26,2025-26_CLE_041,2026-01-06,CLE,MIN,True,True,35.4,24,6,14,2,0,3,2,2,2,True
SYN0035,Synthetic Player 035,2025-26,2025-26_CLE_042,2026-01-08,CLE,NOP,False,True,38.4,37,2,27,1,1,4,2,4,4,True
SYN0035,Synthetic Player 035,2025-26,2025-26_CLE_043,2026-01-10,CLE,NYK,True,True,32.0,20,4,8,2,0,2,2,2,2,True
SYN0035,Synthetic Player 035,2025-26,2025-26_CLE_044,2026-01-12,CLE,OKC,False,True,36.9,15,7,9,1,0,4,2,2,1,True
SYN0035,Synthetic Player 035,2025-26,2025-26_CLE_045,2026-01-13,CLE,ORL,True,True,38.2,30,8,14,2,0,4,2,9,3,True
SYN0035,Synthetic Player 035,2025-26,2025-26_CLE_046,2026-01-14,CLE,PHI,False,True,37.3,16,6,11,1,0,4,2,3,1,True
SYN0035,Synthetic Player 035,2025-26,2025-26_CLE_047,2026-01-16,CLE,PHX,True,True,31.9,28,4,10,1,0,4,2,3,3,True
SYN0035,Synthetic Player 035,2025-26,2025-26_CLE_048,2026-01-19,CLE,POR,False,True,33.5,23,4,14,1,0,3,1,2,2,True
SYN0035,Synthetic Player 035,2025-26,2025-26_CLE_049,2026-01-21,CLE,SAC,True,True,34.4,59,5,16,2,0,4,2,10,8,True
SYN0035,Synthetic Player 035,2025-26,2025-26_CLE_050,2026-01-24,CLE,SAS,False,True,39.6,57,5,18,2,0,3,2,11,6,True
SYN0035,Synthetic Player 035,2025-26,2025-26_CLE_051,2026-01-25,CLE,TOR,True,True,41.3,18,6,10,2,0,3,3,2,3,True
SYN0035,Synthetic Player 035,2025-26,2025-26_CLE_052,2026-01-27,CLE,UTA,False,True,44.0,21,8,13,2,1,3,2,5,2,True
SYN0035,Synthetic Player 035,2025-26,2025-26_CLE_053,2026-01-29,CLE,WAS,True,True,30.8,32,7,6,1,0,2,2,3,4,True
SYN0035,Synthetic Player 035,2025-26,2025-26_CLE_054,2026-02-01,CLE,ATL,False,True,40.3,39,7,15,3,0,3,2,5,13,True
SYN0035,Synthetic Player 035,2025-26,2025-26_CLE_055,2026-02-02,CLE,BOS,True,True,35.6,24,3,20,1,0,3,2,4,3,True
SYN0035,Synthetic Player 035,2025-26,2025-26_CLE_056,2026-02-03,CLE,BKN,False,True,42.9,18,4,19,2,0,6,2,2,2,True
SYN0035,Synthetic Player 035,2025-26,2025-26_CLE_057,2026-02-05,CLE,CHA,True,True,29.5,29,2,12,1,0,3,1,7,2,True
SYN0035,Synthetic Player 035,2025-26,2025-26_CLE_058,2026-02-06,CLE,CHI,False,True,32.9,21,8,15,1,0,4,2,3,3,True
SYN0035,Synthetic Player 035,2025-26,2025-26_CLE_059,2026-02-08,CLE,CLE,True,True,39.4,41,4,13,2,0,3,2,6,3,True
SYN0035,Synthetic Player 035,2025-26,2025-26_CLE_060,2026-02-09,CLE,DAL,False,True,42.8,39,8,14,3,1,5,2,5,4,True
SYN0035,Synthetic Player 035,2025-26,2025-26_CLE_061,2026-02-11,CLE,DEN,True,True,42.3,35,7,12,1,0,4,2,4,6,True
SYN0035,Synthetic Player 035,2025-26,2025-26_CLE_062,2026-02-14,CLE,DET,False,True,35.2,46,5,9,2,0,2,2,8,7,True
SYN0035,Synthetic Player 035,2025-26,2025-26_CLE_063,2026-02-16,CLE,GSW,True,True,44.0,22,6,19,2,0,5,2,2,3,True
SYN0035,Synthetic Player 035,2025-26,2025-26_CLE_064,2026-02-18,CLE,HOU,False,True,29.1,34,4,16,1,0,3,2,11,4,True
SYN0035,Synthetic Player 035,2025-26,2025-26_CLE_065,2026-02-19,CLE,IND,True,True,42.8,17,8,15,2,0,7,3,2,4,True
SYN0035,Synthetic Player 035,2025-26,2025-26_CLE_066,2026-02-22,CLE,LAC,False,True,40.0,36,7,12,1,1,5,2,6,4,True
SYN0035,Synthetic Player 035,2025-26,2025-26_CLE_067,2026-02-24,CLE,LAL,True,True,39.5,22,6,18,2,0,2,3,2,2,True
SYN0035,Synthetic Player 035,2025-26,2025-26_CLE_068,2026-02-26,CLE,MEM,False,True,37.7,46,9,8,3,0,4,2,7,3,True
SYN0035,Synthetic Player 035,2025-26,2025-26_CLE_069,2026-03-01,CLE,MIA,True,True,35.3,60,4,11,1,0,3,2,5,7,True
SYN0035,Synthetic Player 035,2025-26,2025-26_CLE_070,2026-03-03,CLE,MIL,False,True,44.0,32,6,33,1,0,4,2,4,4,True
SYN0035,Synthetic Player 035,2025-26,2025-26_CLE_071,2026-03-04,CLE,MIN,True,True,44.0,62,10,21,2,0,4,2,9,4,True
SYN0035,Synthetic Player 035,2025-26,2025-26_CLE_072,2026-03-06,CLE,NOP,False,True,39.1,42,6,10,1,1,3,2,7,6,True
SYN0035,Synthetic Player 035,2025-26,2025-26_CLE_073,2026-03-07,CLE,NYK,True,True,44.0,20,7,14,1,0,5,2,2,2,True
SYN0035,Synthetic Player 035,2025-26,2025-26_CLE_074,2026-03-09,CLE,OKC,False,True,34.9,37,9,11,1,0,2,2,9,4,True
SYN0035,Synthetic Player 035,2025-26,2025-26_CLE_075,2026-03-10,CLE,ORL,True,True,33.1,38,4,13,1,1,4,2,5,3,True
SYN0035,Synthetic Player 035,2025-26,2025-26_CLE_076,2026-03-11,CLE,PHI,False,True,35.0,44,5,15,1,0,5,2,11,3,True
SYN0035,Synthetic Player 035,2025-26,2025-26_CLE_077,2026-03-12,CLE,PHX,True,True,37.9,30,7,10,2,0,4,2,5,4,True
SYN0035,Synthetic Player 035,2025-26,2025-26_CLE_078,2026-03-13,CLE,POR,False,True,38.5,40,7,7,2,0,3,2,8,4,True
SYN0035,Synthetic Player 035,2025-26,2025-26_CLE_079,2026-03-15,CLE,SAC,True,True,33.1,37,2,5,1,0,3,2,4,2,True
SYN0035,Synthetic Player 035,2025-26,2025-26_CLE_080,2026-03-17,CLE,SAS,False,True,37.3,40,5,18,1,1,4,3,5,1,True
SYN0035,Synthetic Player 035,2025-26,2025-26_CLE_081,2026-03-19,CLE,TOR,True,True,34.5,17,6,13,1,0,3,2,4,2,True
SYN0036,Synthetic Player 036,2025-26,2025-26_DAL_000,2025-10-21,DAL,DEN,False,False,15.5,6,2,1,0,0,1,1,1,0,True
SYN0036,Synthetic Player 036,2025-26,2025-26_DAL_001,2025-10-23,DAL,DET,True,False,19.4,5,2,2,1,0,2,1,1,0,True
SYN0036,Synthetic Player 036,2025-26,2025-26_DAL_002,2025-10-25,DAL,GSW,False,False,17.0,4,2,3,1,0,1,1,0,1,True
SYN0036,Synthetic Player 036,2025-26,2025-26_DAL_003,2025-10-27,DAL,HOU,True,False,19.4,9,1,1,1,0,1,1,2,1,True
SYN0036,Synthetic Player 036,2025-26,2025-26_DAL_004,2025-10-29,DAL,IND,False,False,19.2,9,2,1,1,0,1,1,2,1,True
SYN0036,Synthetic Player 036,2025-26,2025-26_DAL_005,2025-10-31,DAL,LAC,True,False,16.1,6,2,1,1,0,1,1,1,0,True
SYN0036,Synthetic Player 036,2025-26,2025-26_DAL_006,2025-11-01,DAL,LAL,False,False,14.8,5,2,2,0,0,1,1,1,1,True
SYN0036,Synthetic Player 036,2025-26,2025-26_DAL_007,2025-11-04,DAL,MEM,True,False,19.3,8,3,2,0,1,1,1,1,1,True
SYN0036,Synthetic Player 036,2025-26,2025-26_DAL_008,2025-11-06,DAL,MIA,False,False,18.1,7,2,3,1,0,1,1,1,1,True
SYN0036,Synthetic Player 036,2025-26,2025-26_DAL_009,2025-11-09,DAL,MIL,True,False,13.8,9,2,1,1,0,1,1,1,1,True
SYN0036,Synthetic Player 036,2025-26,2025-26_DAL_010,2025-11-11,DAL,MIN,False,False,18.8,10,3,1,1,0,1,1,1,1,True
SYN0036,Synthetic Player 036,2025-26,2025-26_DAL_011,2025-11-12,DAL,NOP,True,False,14.7,11,2,1,0,0,1,1,1,1,True
SYN0036,Synthetic Player 036,2025-26,2025-26_DAL_012,2025-11-13,DAL,NYK,False,False,15.4,7,2,2,1,0,1,1,2,1,True
SYN0036,Synthetic Player 036,2025-26,2025-26_DAL_013,2025-11-15,DAL,OKC,True,False,16.0,11,2,3,0,0,1,1,2,2,True
SYN0036,Synthetic Player 036,2025-26,2025-26_DAL_026,2025-12-08,DAL,CHA,False,False,16.6,14,2,1,1,0,1,1,2,2,True
SYN0036,Synthetic Player 036,2025-26,2025-26_DAL_027,2025-12-11,DAL,CHI,True,False,16.9,10,2,1,1,0,1,1,2,1,True
SYN0036,Synthetic Player 036,2025-26,2025-26_DAL_028,2025-12-13,DAL,CLE,False,False,19.1,15,2,2,1,0,1,1,3,1,True
SYN0036,Synthetic Player 036,2025-26,2025-26_DAL_029,2025-12-15,DAL,DAL,True,False,18.3,11,2,1,1,0,1,1,3,1,True
SYN0036,Synthetic Player 036,2025-26,2025-26_DAL_031,2025-12-17,DAL,DET,True,False,21.0,14,3,2,0,0,1,1,2,2,True
SYN0036,Synthetic Player 036,2025-26,2025-26_DAL_032,2025-12-18,DAL,GSW,False,False,15.8,7,2,1,0,0,1,1,1,1,True
SYN0036,Synthetic Player 036,2025-26,2025-26_DAL_033,2025-12-20,DAL,HOU,True,False,19.3,10,2,1,1,0,1,1,1,1,True
SYN0036,Synthetic Player 036,2025-26,2025-26_DAL_034,2025-12-22,DAL,IND,False,True,25.5,12,5,2,0,0,1,2,1,2,True
SYN0036,Synthetic Player 036,2025-26,2025-26_DAL_035,2025-12-24,DAL,LAC,True,True,25.6,15,3,2,1,0,1,1,2,3,True
SYN0036,Synthetic Player 036,2025-26,2025-26_DAL_036,2025-12-26,DAL,LAL,False,False,16.5,5,2,2,0,0,1,1,1,1,True
SYN0036,Synthetic Player 036,2025-26,2025-26_DAL_043,2026-01-10,DAL,OKC,True,False,23.0,15,3,2,1,0,2,1,2,2,True
SYN0036,Synthetic Player 036,2025-26,2025-26_DAL_056,2026-02-03,DAL,CHA,False,False,22.7,12,3,2,1,0,1,2,2,1,True
SYN0036,Synthetic Player 036,2025-26,2025-26_DAL_057,2026-02-04,DAL,CHI,True,False,22.2,10,4,2,0,0,1,1,3,2,True
SYN0036,Synthetic Player 036,2025-26,2025-26_DAL_058,2026-02-05,DAL,CLE,False,False,20.5,11,4,2,1,0,1,1,2,2,True
SYN0036,Synthetic Player 036,2025-26,2025-26_DAL_059,2026-02-07,DAL,DAL,True,False,21.4,10,3,2,1,0,1,1,2,1,True
SYN0036,Synthetic Player 036,2025-26,2025-26_DAL_060,2026-02-09,DAL,DEN,False,False,18.6,5,2,1,1,0,1,1,1,1,True
SYN0036,Synthetic Player 036,2025-26,2025-26_DAL_061,2026-02-11,DAL,DET,True,True,24.5,6,3,2,1,0,1,1,2,1,True
SYN0036,Synthetic Player 036,2025-26,2025-26_DAL_062,2026-02-12,DAL,GSW,False,False,21.6,8,3,3,1,0,1,1,1,1,True
SYN0036,Synthetic Player 036,2025-26,2025-26_DAL_063,2026-02-14,DAL,HOU,True,False,20.6,17,3,3,1,0,1,2,3,3,True
SYN0036,Synthetic Player 036,2025-26,2025-26_DAL_064,2026-02-16,DAL,IND,False,False,19.2,16,2,1,1,0,1,1,3,2,True
SYN0036,Synthetic Player 036,2025-26,2025-26_DAL_065,2026-02-18,DAL,LAC,True,False,14.3,7,2,2,0,0,1,1,1,1,True
SYN0036,Synthetic Player 036,2025-26,2025-26_DAL_066,2026-02-20,DAL,LAL,False,False,21.5,9,4,1,1,0,1,2,2,2,True
SYN0036,Synthetic Player 036,2025-26,2025-26_DAL_067,2026-02-22,DAL,MEM,True,False,20.4,9,3,4,1,0,1,1,2,1,True
SYN0036,Synthetic Player 036,2025-26,2025-26_DAL_068,2026-02-24,DAL,MIA,False,True,24.5,10,2,3,1,0,1,1,1,1,True
SYN0036,Synthetic Player 036,2025-26,2025-26_DAL_069,2026-02-26,DAL,MIL,True,True,24.1,11,2,3,1,0,1,1,1,2,True
SYN0036,Synthetic Player 036,2025-26,2025-26_DAL_070,2026-02-28,DAL,MIN,False,False,19.8,12,3,2,1,0,1,1,1,1,True
SYN0036,Synthetic Player 036,2025-26,2025-26_DAL_071,2026-03-01,DAL,NOP,True,False,14.3,9,3,1,1,0,1,1,2,1,True
SYN0036,Synthetic Player 036,2025-26,2025-26_DAL_072,2026-03-03,DAL,NYK,False,False,21.4,6,4,2,1,0,1,2,1,1,True
SYN0036,Synthetic Player 036,2025-26,2025-26_DAL_073,2026-03-05,DAL,OKC,True,False,20.8,7,4,2,0,0,1,2,1,1,True
SYN0036,Synthetic Player 036,2025-26,2025-26_DAL_074,2026-03-07,DAL,ORL,False,False,19.5,8,2,1,1,0,1,1,2,1,True
SYN0036,Synthetic Player 036,2025-26,2025-26_DAL_075,2026-03-09,DAL,PHI,True,False,21.2,11,3,3,1,0,1,1,2,2,True
SYN0036,Synthetic Player 036,2025-26,2025-26_DAL_076,2026-03-11,DAL,PHX,False,False,22.7,22,3,2,1,0,2,1,8,2,True
SYN0036,Synthetic Player 036,2025-26,2025-26_DAL_077,2026-03-13,DAL,POR,True,True,25.3,15,3,2,1,0,1,1,4,2,True
SYN0036,Synthetic Player 036,2025-26,2025-26_DAL_078,2026-03-14,DAL,SAC,False,False,21.9,7,4,1,1,0,3,1,1,1,True
SYN0036,Synthetic Player 036,2025-26,2025-26_DAL_079,2026-03-16,DAL,SAS,True,True,24.6,14,2,3,1,0,1,1,1,1,True
SYN0036,Synthetic Player 036,2025-26,2025-26_DAL_080,2026-03-18,DAL,TOR,False,False,22.4,17,3,2,1,0,1,1,3,3,True
SYN0036,Synthetic Player 036,2025-26,2025-26_DAL_081,2026-03-20,DAL,UTA,True,False,19.3,7,3,2,0,0,1,1,1,1,True
SYN0037,Synthetic Player 037,2025-26,2025-26_DEN_000,2025-10-22,DEN,DET,False,True,36.7,18,7,4,1,1,2,3,2,2,True
SYN0037,Synthetic Player 037,2025-26,2025-26_DEN_001,2025-10-24,DEN,GSW,True,True,38.7,30,8,8,2,1,2,2,3,3,True
SYN0037,Synthetic Player 037,2025-26,2025-26_DEN_002,2025-10-27,DEN,HOU,False,True,28.5,18,6,6,1,1,2,2,2,3,True
SYN0037,Synthetic Player 037,2025-26,2025-26_DEN_003,2025-10-29,DEN,IND,True,True,30.0,48,4,6,1,0,2,2,9,9,True
SYN0037,Synthetic Player 037,2025-26,2025-26_DEN_004,2025-10-31,DEN,LAC,False,True,38.4,13,7,7,2,0,2,2,2,1,True
SYN0037,Synthetic Player 037,2025-26,2025-26_DEN_005,2025-11-02,DEN,LAL,True,True,36.0,30,8,5,2,1,3,2,5,2,True
SYN0037,Synthetic Player 037,2025-26,2025-26_DEN_006,2025-11-03,DEN,MEM,False,True,41.2,31,13,3,1,0,3,3,7,2,True
SYN0037,Synthetic Player 037,2025-26,2025-26_DEN_007,2025-11-06,DEN,MIA,True,True,33.4,54,5,4,1,0,3,3,9,4,True
SYN0037,Synthetic Player 037,2025-26,2025-26_DEN_009,2025-11-10,DEN,MIN,True,True,32.4,45,6,8,1,1,2,2,7,5,True
SYN0037,Synthetic Player 037,2025-26,2025-26_DEN_010,2025-11-12,DEN,NOP,False,True,33.5,38,6,6,1,1,3,2,3,3,True
SYN0037,Synthetic Player 037,2025-26,2025-26_DEN_011,2025-11-13,DEN,NYK,True,True,36.2,26,9,4,1,1,3,2,3,4,True
SYN0037,Synthetic Player 037,2025-26,2025-26_DEN_012,2025-11-15,DEN,OKC,False,True,28.8,28,6,7,1,0,1,2,6,3,True
SYN0037,Synthetic Player 037,2025-26,2025-26_DEN_013,2025-11-17,DEN,ORL,True,True,32.6,17,10,3,1,1,2,2,2,1,True
SYN0037,Synthetic Player 037,2025-26,2025-26_DEN_014,2025-11-18,DEN,PHI,False,True,34.8,37,9,5,1,1,2,2,5,6,True
SYN0037,Synthetic Player 037,2025-26,2025-26_DEN_015,2025-11-20,DEN,PHX,True,True,37.1,29,7,7,2,0,2,3,4,4,True
SYN0037,Synthetic Player 037,2025-26,2025-26_DEN_016,2025-11-22,DEN,POR,False,True,32.4,20,11,4,1,0,2,3,3,1,True
SYN0037,Synthetic Player 037,2025-26,2025-26_DEN_017,2025-11-24,DEN,SAC,True,True,29.7,28,5,5,1,1,2,2,5,2,True
SYN0037,Synthetic Player 037,2025-26,2025-26_DEN_018,2025-11-26,DEN,SAS,False,True,36.2,45,5,7,1,0,3,2,8,6,True
SYN0037,Synthetic Player 037,2025-26,2025-26_DEN_019,2025-11-28,DEN,TOR,True,True,40.5,28,7,3,2,1,1,3,3,3,True
SYN0037,Synthetic Player 037,2025-26,2025-26_DEN_020,2025-11-29,DEN,UTA,False,True,36.7,35,7,4,2,1,3,2,4,3,True
SYN0037,Synthetic Player 037,2025-26,2025-26_DEN_021,2025-12-01,DEN,WAS,True,True,36.1,40,8,7,1,1,2,2,7,5,True
SYN0037,Synthetic Player 037,2025-26,2025-26_DEN_022,2025-12-03,DEN,ATL,False,False,21.1,11,4,4,1,1,1,1,2,1,True
SYN0037,Synthetic Player 037,2025-26,2025-26_DEN_023,2025-12-06,DEN,BOS,True,True,32.6,19,8,6,1,1,2,2,3,2,True
SYN0037,Synthetic Player 037,2025-26,2025-26_DEN_024,2025-12-08,DEN,BKN,False,True,33.3,21,8,6,1,0,3,2,3,4,True
SYN0037,Synthetic Player 037,2025-26,2025-26_DEN_025,2025-12-09,DEN,CHA,True,True,35.0,52,6,6,1,1,2,3,9,7,True
SYN0037,Synthetic Player 037,2025-26,2025-26_DEN_026,2025-12-11,DEN,CHI,False,True,40.1,30,7,5,2,1,3,3,7,3,True
SYN0037,Synthetic Player 037,2025-26,2025-26_DEN_027,2025-12-13,DEN,CLE,True,True,30.5,31,8,5,1,1,3,2,3,2,True
SYN0037,Synthetic Player 037,2025-26,2025-26_DEN_028,2025-12-14,DEN,DAL,False,True,31.5,32,8,3,2,1,2,2,5,2,True
SYN0037,Synthetic Player 037,2025-26,2025-26_DEN_029,2025-12-16,DEN,DEN,True,True,32.5,35,6,10,1,1,2,2,6,4,True
SYN0037,Synthetic Player 037,2025-26,2025-26_DEN_030,2025-12-18,DEN,DET,False,True,30.1,15,5,3,1,0,3,2,3,1,True
SYN0037,Synthetic Player 037,2025-26,2025-26_DEN_031,2025-12-20,DEN,GSW,True,True,33.6,26,4,5,1,1,2,2,4,2,True
SYN0037,Synthetic Player 037,2025-26,2025-26_DEN_032,2025-12-22,DEN,HOU,False,True,30.8,28,7,7,1,0,3,2,3,2,True
SYN0037,Synthetic Player 037,2025-26,2025-26_DEN_033,2025-12-23,DEN,IND,True,True,32.1,32,6,8,1,1,2,2,4,4,True
SYN0037,Synthetic Player 037,2025-26,2025-26_DEN_034,2025-12-24,DEN,LAC,False,True,32.9,22,4,7,1,1,2,2,3,4,True
SYN0037,Synthetic Player 037,2025-26,2025-26_DEN_035,2025-12-26,DEN,LAL,True,True,24.9,13,5,2,1,1,2,2,2,2,True
SYN0037,Synthetic Player 037,2025-26,2025-26_DEN_036,2025-12-28,DEN,MEM,False,True,33.9,25,6,6,2,1,2,2,3,2,True
SYN0037,Synthetic Player 037,2025-26,2025-26_DEN_037,2025-12-29,DEN,MIA,True,True,33.5,43,5,4,2,0,2,1,4,5,True
SYN0037,Synthetic Player 037,2025-26,2025-26_DEN_038,2025-12-31,DEN,MIL,False,True,31.0,20,10,6,1,1,2,2,4,2,True
SYN0037,Synthetic Player 037,2025-26,2025-26_DEN_039,2026-01-02,DEN,MIN,True,True,30.1,16,9,5,1,0,1,2,3,1,True
SYN0037,Synthetic Player 037,2025-26,2025-26_DEN_040,2026-01-04,DEN,NOP,False,True,29.1,29,6,4,1,0,2,2,3,2,True
SYN0037,Synthetic Player 037,2025-26,2025-26_DEN_041,2026-01-06,DEN,NYK,True,True,28.8,23,3,3,1,0,2,2,3,3,True
SYN0037,Synthetic Player 037,2025-26,2025-26_DEN_042,2026-01-07,DEN,OKC,False,True,34.8,18,8,6,1,0,2,2,2,2,True
SYN0037,Synthetic Player 037,2025-26,2025-26_DEN_043,2026-01-10,DEN,ORL,True,True,37.0,30,6,8,2,1,3,2,3,7,True
SYN0037,Synthetic Player 037,2025-26,2025-26_DEN_044,2026-01-13,DEN,PHI,False,True,38.8,43,8,8,1,1,3,2,9,6,True
SYN0037,Synthetic Player 037,2025-26,2025-26_DEN_045,2026-01-14,DEN,PHX,True,True,39.0,46,8,6,1,1,3,2,7,5,True
SYN0037,Synthetic Player 037,2025-26,2025-26_DEN_046,2026-01-15,DEN,POR,False,True,30.6,21,6,3,1,0,1,1,3,2,True
SYN0037,Synthetic Player 037,2025-26,2025-26_DEN_047,2026-01-17,DEN,SAC,True,True,30.9,16,7,4,1,0,2,1,3,2,True
SYN0037,Synthetic Player 037,2025-26,2025-26_DEN_048,2026-01-19,DEN,SAS,False,True,30.0,19,8,7,2,1,1,2,2,3,True
SYN0037,Synthetic Player 037,2025-26,2025-26_DEN_049,2026-01-21,DEN,TOR,True,True,38.9,44,9,8,2,1,2,2,6,4,True
SYN0037,Synthetic Player 037,2025-26,2025-26_DEN_050,2026-01-23,DEN,UTA,False,True,31.4,38,4,4,1,1,3,2,6,4,True
SYN0037,Synthetic Player 037,2025-26,2025-26_DEN_051,2026-01-24,DEN,WAS,True,True,36.2,41,6,7,1,1,3,3,8,4,True
SYN0037,Synthetic Player 037,2025-26,2025-26_DEN_052,2026-01-26,DEN,ATL,False,True,37.4,25,8,8,2,1,2,2,7,3,True
SYN0037,Synthetic Player 037,2025-26,2025-26_DEN_055,2026-02-01,DEN,CHA,True,True,29.6,17,7,5,1,0,2,2,3,2,True
SYN0037,Synthetic Player 037,2025-26,2025-26_DEN_056,2026-02-03,DEN,CHI,False,True,32.3,53,7,4,1,1,2,2,9,8,True
SYN0037,Synthetic Player 037,2025-26,2025-26_DEN_057,2026-02-04,DEN,CLE,True,True,44.0,35,8,8,1,1,3,3,5,3,True
SYN0037,Synthetic Player 037,2025-26,2025-26_DEN_058,2026-02-06,DEN,DAL,False,True,25.4,17,5,6,0,0,2,2,2,1,True
SYN0037,Synthetic Player 037,2025-26,2025-26_DEN_059,2026-02-08,DEN,DEN,True,True,33.1,37,3,7,2,1,3,2,5,4,True
SYN0037,Synthetic Player 037,2025-26,2025-26_DEN_060,2026-02-11,DEN,DET,False,True,29.4,19,7,6,1,0,2,2,3,2,True
SYN0037,Synthetic Player 037,2025-26,2025-26_DEN_061,2026-02-13,DEN,GSW,True,True,34.0,27,9,6,0,1,3,2,2,2,True
SYN0037,Synthetic Player 037,2025-26,2025-26_DEN_062,2026-02-15,DEN,HOU,False,True,33.4,17,6,9,1,1,2,2,3,2,True
SYN0037,Synthetic Player 037,2025-26,2025-26_DEN_063,2026-02-18,DEN,IND,True,True,35.2,13,5,7,2,0,4,2,1,1,True
SYN0037,Synthetic Player 037,2025-26,2025-26_DEN_064,2026-02-20,DEN,LAC,False,True,35.4,39,5,7,2,1,3,3,6,3,True
SYN0037,Synthetic Player 037,2025-26,2025-26_DEN_065,2026-02-21,DEN,LAL,True,True,33.9,38,6,3,1,0,2,2,8,4,True
SYN0037,Synthetic Player 037,2025-26,2025-26_DEN_066,2026-02-23,DEN,MEM,False,True,34.1,29,6,8,1,0,3,2,7,4,True
SYN0037,Synthetic Player 037,2025-26,2025-26_DEN_067,2026-02-25,DEN,MIA,True,True,32.4,18,5,6,1,1,2,2,3,2,True
SYN0037,Synthetic Player 037,2025-26,2025-26_DEN_068,2026-02-26,DEN,MIL,False,True,31.5,26,5,4,1,1,3,2,4,2,True
SYN0037,Synthetic Player 037,2025-26,2025-26_DEN_069,2026-02-28,DEN,MIN,True,True,28.3,27,7,4,1,1,1,2,4,2,True
SYN0037,Synthetic Player 037,2025-26,2025-26_DEN_070,2026-03-01,DEN,NOP,False,True,27.5,22,6,5,1,0,2,2,2,4,True
SYN0037,Synthetic Player 037,2025-26,2025-26_DEN_071,2026-03-03,DEN,NYK,True,True,34.6,30,7,4,1,1,3,2,4,2,True
SYN0037,Synthetic Player 037,2025-26,2025-26_DEN_072,2026-03-05,DEN,OKC,False,True,39.1,26,6,6,1,1,4,3,4,3,True
SYN0037,Synthetic Player 037,2025-26,2025-26_DEN_073,2026-03-07,DEN,ORL,True,True,30.6,30,8,5,0,1,3,2,9,2,True
SYN0037,Synthetic Player 037,2025-26,2025-26_DEN_074,2026-03-09,DEN,PHI,False,True,32.2,17,7,4,1,1,4,2,3,2,True
SYN0037,Synthetic Player 037,2025-26,2025-26_DEN_075,2026-03-11,DEN,PHX,True,True,37.1,28,7,6,1,0,3,2,4,4,True
SYN0037,Synthetic Player 037,2025-26,2025-26_DEN_078,2026-03-15,DEN,SAS,False,True,30.3,19,8,8,1,1,3,2,2,2,True
SYN0037,Synthetic Player 037,2025-26,2025-26_DEN_079,2026-03-16,DEN,TOR,True,True,28.8,35,3,5,0,1,2,2,3,3,True
SYN0037,Synthetic Player 037,2025-26,2025-26_DEN_080,2026-03-18,DEN,UTA,False,True,31.7,28,6,5,1,1,2,2,3,4,True
SYN0037,Synthetic Player 037,2025-26,2025-26_DEN_081,2026-03-19,DEN,WAS,True,True,38.3,33,8,11,1,1,2,2,4,5,True
SYN0038,Synthetic Player 038,2025-26,2025-26_DET_000,2025-10-23,DET,GSW,False,False,21.0,6,3,2,0,1,1,2,1,0,True
SYN0038,Synthetic Player 038,2025-26,2025-26_DET_001,2025-10-25,DET,HOU,True,False,23.7,11,5,2,1,1,1,1,2,1,True
SYN0038,Synthetic Player 038,2025-26,2025-26_DET_002,2025-10-27,DET,IND,False,True,26.5,11,5,2,1,1,1,2,3,1,True
SYN0038,Synthetic Player 038,2025-26,2025-26_DET_003,2025-10-28,DET,LAC,True,True,30.2,8,5,3,1,1,2,2,1,1,True
SYN0038,Synthetic Player 038,2025-26,2025-26_DET_004,2025-10-30,DET,LAL,False,True,25.0,7,6,2,1,1,1,1,1,1,True
SYN0038,Synthetic Player 038,2025-26,2025-26_DET_005,2025-10-31,DET,MEM,True,True,24.7,6,4,2,1,1,2,2,1,0,True
SYN0038,Synthetic Player 038,2025-26,2025-26_DET_006,2025-11-01,DET,MIA,False,False,22.1,6,6,2,1,1,1,2,1,0,True
SYN0038,Synthetic Player 038,2025-26,2025-26_DET_007,2025-11-03,DET,MIL,True,True,24.5,10,6,1,1,1,1,2,1,0,True
SYN0038,Synthetic Player 038,2025-26,2025-26_DET_008,2025-11-04,DET,MIN,False,True,26.5,10,6,2,1,1,1,2,2,0,True
SYN0038,Synthetic Player 038,2025-26,2025-26_DET_009,2025-11-07,DET,NOP,True,True,25.2,10,4,1,1,1,1,2,1,1,True
SYN0038,Synthetic Player 038,2025-26,2025-26_DET_010,2025-11-09,DET,NYK,False,False,21.1,8,6,1,1,0,1,2,1,0,True
SYN0038,Synthetic Player 038,2025-26,2025-26_DET_011,2025-11-11,DET,OKC,True,True,31.5,12,8,3,1,1,2,2,2,1,True
SYN0038,Synthetic Player 038,2025-26,2025-26_DET_012,2025-11-14,DET,ORL,False,False,21.5,6,5,2,0,0,1,1,1,0,True
SYN0038,Synthetic Player 038,2025-26,2025-26_DET_013,2025-11-16,DET,PHI,True,False,21.3,10,4,1,1,0,1,2,2,1,True
SYN0038,Synthetic Player 038,2025-26,2025-26_DET_014,2025-11-18,DET,PHX,False,False,19.4,7,3,1,1,1,1,1,1,0,True
SYN0038,Synthetic Player 038,2025-26,2025-26_DET_015,2025-11-20,DET,POR,True,True,26.4,7,6,1,1,1,1,2,1,0,True
SYN0038,Synthetic Player 038,2025-26,2025-26_DET_016,2025-11-22,DET,SAC,False,False,20.4,8,4,2,1,0,1,2,1,1,True
SYN0038,Synthetic Player 038,2025-26,2025-26_DET_018,2025-11-26,DET,TOR,False,False,19.9,6,5,1,0,1,1,1,1,1,True
SYN0038,Synthetic Player 038,2025-26,2025-26_DET_020,2025-11-29,DET,WAS,False,True,25.2,7,4,1,1,0,1,2,1,0,True
SYN0038,Synthetic Player 038,2025-26,2025-26_DET_021,2025-12-01,DET,ATL,True,True,31.9,14,6,2,1,1,1,2,2,1,True
SYN0038,Synthetic Player 038,2025-26,2025-26_DET_022,2025-12-03,DET,BOS,False,False,23.5,6,5,2,0,0,1,2,1,0,True
SYN0038,Synthetic Player 038,2025-26,2025-26_DET_023,2025-12-05,DET,BKN,True,True,27.0,10,6,2,1,1,1,1,2,1,True
SYN0038,Synthetic Player 038,2025-26,2025-26_DET_024,2025-12-07,DET,CHA,False,True,27.8,10,6,2,0,1,2,2,2,1,True
SYN0038,Synthetic Player 038,2025-26,2025-26_DET_025,2025-12-09,DET,CHI,True,False,22.4,5,5,2,1,1,1,2,1,0,True
SYN0038,Synthetic Player 038,2025-26,2025-26_DET_026,2025-12-11,DET,CLE,False,True,28.0,7,6,3,1,1,2,2,1,0,True
SYN0038,Synthetic Player 038,2025-26,2025-26_DET_027,2025-12-13,DET,DAL,True,False,23.0,8,5,2,0,1,1,2,1,0,True
SYN0038,Synthetic Player 038,2025-26,2025-26_DET_028,2025-12-14,DET,DEN,False,False,15.7,10,4,1,0,0,1,1,2,1,True
SYN0038,Synthetic Player 038,2025-26,2025-26_DET_029,2025-12-16,DET,DET,True,True,28.1,11,7,2,1,1,2,3,1,1,True
SYN0038,Synthetic Player 038,2025-26,2025-26_DET_030,2025-12-17,DET,GSW,False,True,25.5,14,6,1,2,1,1,2,2,1,True
SYN0038,Synthetic Player 038,2025-26,2025-26_DET_037,2025-12-30,DET,MIL,True,True,31.0,13,4,2,1,1,1,2,2,1,True
SYN0038,Synthetic Player 038,2025-26,2025-26_DET_038,2025-12-31,DET,MIN,False,True,24.5,11,6,1,1,0,1,2,1,1,True
SYN0038,Synthetic Player 038,2025-26,2025-26_DET_039,2026-01-02,DET,NOP,True,False,22.6,5,4,2,0,1,1,2,1,0,True
SYN0038,Synthetic Player 038,2025-26,2025-26_DET_040,2026-01-04,DET,NYK,False,False,18.7,8,3,1,0,1,1,1,1,1,True
SYN0038,Synthetic Player 038,2025-26,2025-26_DET_041,2026-01-06,DET,OKC,True,False,20.6,4,5,1,0,1,1,2,1,0,True
SYN0038,Synthetic Player 038,2025-26,2025-26_DET_042,2026-01-08,DET,ORL,False,False,19.2,4,3,1,0,0,1,1,1,0,True
SYN0038,Synthetic Player 038,2025-26,2025-26_DET_043,2026-01-10,DET,PHI,True,True,24.8,7,5,2,1,1,1,2,1,0,True
SYN0038,Synthetic Player 038,2025-26,2025-26_DET_044,2026-01-12,DET,PHX,False,False,23.2,10,6,1,1,1,1,2,2,1,True
SYN0038,Synthetic Player 038,2025-26,2025-26_DET_045,2026-01-13,DET,POR,True,True,24.1,10,4,1,1,1,1,2,2,0,True
SYN0038,Synthetic Player 038,2025-26,2025-26_DET_047,2026-01-15,DET,SAS,True,True,24.8,8,7,2,1,1,1,2,1,1,True
SYN0038,Synthetic Player 038,2025-26,2025-26_DET_048,2026-01-17,DET,TOR,False,True,27.6,7,6,2,1,0,1,2,1,1,True
SYN0038,Synthetic Player 038,2025-26,2025-26_DET_061,2026-02-09,DET,HOU,True,False,20.2,7,5,1,0,1,1,2,2,1,True
SYN0038,Synthetic Player 038,2025-26,2025-26_DET_062,2026-02-11,DET,IND,False,True,25.0,5,6,1,1,0,1,2,1,0,True
SYN0038,Synthetic Player 038,2025-26,2025-26_DET_070,2026-02-26,DET,NYK,False,True,30.8,12,7,2,1,1,2,2,2,1,True
SYN0038,Synthetic Player 038,2025-26,2025-26_DET_071,2026-02-27,DET,OKC,True,False,19.9,10,4,1,1,1,1,1,2,1,True
SYN0038,Synthetic Player 038,2025-26,2025-26_DET_072,2026-02-28,DET,ORL,False,True,28.5,8,6,2,1,1,1,2,1,1,True
SYN0038,Synthetic Player 038,2025-26,2025-26_DET_073,2026-03-02,DET,PHI,True,True,24.3,10,6,2,1,1,1,2,1,1,True
SYN0038,Synthetic Player 038,2025-26,2025-26_DET_074,2026-03-03,DET,PHX,False,True,25.7,12,8,2,1,1,1,2,1,1,True
SYN0038,Synthetic Player 038,2025-26,2025-26_DET_075,2026-03-06,DET,POR,True,True,26.3,9,5,3,1,1,1,2,1,0,True
SYN0038,Synthetic Player 038,2025-26,2025-26_DET_076,2026-03-08,DET,SAC,False,True,24.9,10,5,2,1,1,1,2,1,1,True
SYN0038,Synthetic Player 038,2025-26,2025-26_DET_077,2026-03-10,DET,SAS,True,True,31.4,12,5,3,1,1,1,2,1,1,True
SYN0038,Synthetic Player 038,2025-26,2025-26_DET_078,2026-03-12,DET,TOR,False,False,20.6,8,2,1,0,0,1,1,1,1,True
SYN0039,Synthetic Player 039,2025-26,2025-26_GSW_000,2025-10-21,GSW,HOU,False,True,42.4,23,13,5,1,2,2,3,3,1,True
SYN0039,Synthetic Player 039,2025-26,2025-26_GSW_005,2025-10-31,GSW,MIA,True,True,35.1,27,8,3,1,2,2,3,4,1,True
SYN0039,Synthetic Player 039,2025-26,2025-26_GSW_006,2025-11-01,GSW,MIL,False,True,33.6,27,11,3,1,1,2,3,4,1,True
SYN0039,Synthetic Player 039,2025-26,2025-26_GSW_007,2025-11-02,GSW,MIN,True,True,33.0,21,10,4,1,2,2,2,3,1,True
SYN0039,Synthetic Player 039,2025-26,2025-26_GSW_008,2025-11-03,GSW,NOP,False,True,37.3,18,13,4,1,2,3,3,4,1,True
SYN0039,Synthetic Player 039,2025-26,2025-26_GSW_009,2025-11-05,GSW,NYK,True,True,32.6,18,9,3,1,2,2,2,4,1,True
SYN0039,Synthetic Player 039,2025-26,2025-26_GSW_010,2025-11-07,GSW,OKC,False,True,41.8,25,9,6,1,4,2,4,3,1,True
SYN0039,Synthetic Player 039,2025-26,2025-26_GSW_011,2025-11-08,GSW,ORL,True,True,29.1,14,8,3,1,1,2,2,2,0,True
SYN0039,Synthetic Player 039,2025-26,2025-26_GSW_012,2025-11-09,GSW,PHI,False,True,29.5,13,8,3,1,2,2,2,2,0,True
SYN0039,Synthetic Player 039,2025-26,2025-26_GSW_013,2025-11-11,GSW,PHX,True,True,38.8,22,10,3,1,3,2,3,4,0,True
SYN0039,Synthetic Player 039,2025-26,2025-26_GSW_014,2025-11-14,GSW,POR,False,True,36.8,20,8,6,1,3,2,3,3,0,True
SYN0039,Synthetic Player 039,2025-26,2025-26_GSW_015,2025-11-16,GSW,SAC,True,True,31.9,16,11,4,0,2,2,3,3,0,True
SYN0039,Synthetic Player 039,2025-26,2025-26_GSW_016,2025-11-18,GSW,SAS,False,True,29.6,15,9,3,0,1,2,3,2,0,True
SYN0039,Synthetic Player 039,2025-26,2025-26_GSW_017,2025-11-20,GSW,TOR,True,True,29.6,17,12,3,1,1,2,2,2,0,True
SYN0039,Synthetic Player 039,2025-26,2025-26_GSW_018,2025-11-22,GSW,UTA,False,True,38.9,15,8,4,1,2,3,3,3,0,True
SYN0039,Synthetic Player 039,2025-26,2025-26_GSW_019,2025-11-24,GSW,WAS,True,True,34.9,16,10,4,1,2,3,3,3,1,True
SYN0039,Synthetic Player 039,2025-26,2025-26_GSW_020,2025-11-25,GSW,ATL,False,True,25.9,14,10,2,1,1,2,2,2,0,True
SYN0039,Synthetic Player 039,2025-26,2025-26_GSW_021,2025-11-26,GSW,BOS,True,True,41.0,26,9,6,1,2,3,3,4,1,True
SYN0039,Synthetic Player 039,2025-26,2025-26_GSW_022,2025-11-28,GSW,BKN,False,True,36.2,14,10,5,1,2,2,2,2,0,True
SYN0039,Synthetic Player 039,2025-26,2025-26_GSW_023,2025-11-30,GSW,CHA,True,True,37.7,26,10,3,1,1,2,2,5,1,True
SYN0039,Synthetic Player 039,2025-26,2025-26_GSW_026,2025-12-06,GSW,DAL,False,True,37.8,16,14,6,1,1,2,3,2,0,True
SYN0039,Synthetic Player 039,2025-26,2025-26_GSW_027,2025-12-08,GSW,DEN,True,True,35.4,15,12,3,1,2,2,3,3,0,True
SYN0039,Synthetic Player 039,2025-26,2025-26_GSW_028,2025-12-10,GSW,DET,False,True,34.3,18,10,3,1,1,2,3,2,1,True
SYN0039,Synthetic Player 039,2025-26,2025-26_GSW_030,2025-12-14,GSW,HOU,False,True,37.6,13,12,3,1,2,3,3,1,0,True
SYN0039,Synthetic Player 039,2025-26,2025-26_GSW_032,2025-12-18,GSW,LAC,False,True,26.6,12,7,4,1,1,1,2,2,0,True
SYN0039,Synthetic Player 039,2025-26,2025-26_GSW_033,2025-12-19,GSW,LAL,True,True,38.0,15,13,3,1,3,3,3,3,0,True
SYN0039,Synthetic Player 039,2025-26,2025-26_GSW_036,2025-12-25,GSW,MIL,False,True,25.8,14,8,3,0,1,2,2,3,0,True
SYN0039,Synthetic Player 039,2025-26,2025-26_GSW_043,2026-01-07,GSW,PHX,True,True,36.8,36,14,4,1,2,2,3,7,1,True
SYN0039,Synthetic Player 039,2025-26,2025-26_GSW_044,2026-01-08,GSW,POR,False,True,32.2,15,11,3,1,2,2,2,2,0,True
SYN0039,Synthetic Player 039,2025-26,2025-26_GSW_045,2026-01-10,GSW,SAC,True,True,36.5,12,9,4,1,2,2,3,2,0,True
SYN0039,Synthetic Player 039,2025-26,2025-26_GSW_046,2026-01-11,GSW,SAS,False,True,37.8,23,14,4,1,3,3,3,3,1,True
SYN0039,Synthetic Player 039,2025-26,2025-26_GSW_047,2026-01-13,GSW,TOR,True,True,33.8,17,9,3,1,2,2,3,3,1,True
SYN0039,Synthetic Player 039,2025-26,2025-26_GSW_048,2026-01-14,GSW,UTA,False,True,35.0,14,8,3,1,1,2,4,2,1,True
SYN0039,Synthetic Player 039,2025-26,2025-26_GSW_049,2026-01-15,GSW,WAS,True,True,31.3,18,10,4,1,1,2,3,3,1,True
SYN0039,Synthetic Player 039,2025-26,2025-26_GSW_050,2026-01-16,GSW,ATL,False,True,32.9,24,12,3,1,2,2,3,3,1,True
SYN0039,Synthetic Player 039,2025-26,2025-26_GSW_051,2026-01-17,GSW,BOS,True,True,36.8,14,13,3,1,2,2,3,2,0,True
SYN0039,Synthetic Player 039,2025-26,2025-26_GSW_054,2026-01-24,GSW,CHI,False,True,29.1,17,10,2,1,2,2,2,2,0,True
SYN0039,Synthetic Player 039,2025-26,2025-26_GSW_055,2026-01-26,GSW,CLE,True,True,34.6,12,7,5,1,1,3,3,2,0,True
SYN0039,Synthetic Player 039,2025-26,2025-26_GSW_056,2026-01-28,GSW,DAL,False,True,38.4,23,13,4,1,3,3,3,3,1,True
SYN0039,Synthetic Player 039,2025-26,2025-26_GSW_057,2026-01-29,GSW,DEN,True,True,36.0,26,11,2,1,2,2,2,4,1,True
SYN0039,Synthetic Player 039,2025-26,2025-26_GSW_058,2026-02-01,GSW,DET,False,True,37.9,19,8,5,1,1,3,3,3,0,True
SYN0039,Synthetic Player 039,2025-26,2025-26_GSW_059,2026-02-03,GSW,GSW,True,True,37.3,31,14,5,1,3,3,4,4,1,True
SYN0039,Synthetic Player 039,2025-26,2025-26_GSW_063,2026-02-11,GSW,LAL,True,True,32.0,15,10,4,1,2,2,2,2,1,True
SYN0039,Synthetic Player 039,2025-26,2025-26_GSW_064,2026-02-12,GSW,MEM,False,True,31.9,15,9,4,1,2,3,2,2,0,True
SYN0039,Synthetic Player 039,2025-26,2025-26_GSW_066,2026-02-15,GSW,MIL,False,True,31.8,22,9,4,1,1,2,3,4,1,True
SYN0039,Synthetic Player 039,2025-26,2025-26_GSW_067,2026-02-16,GSW,MIN,True,True,34.3,23,9,3,1,2,2,3,5,0,True
SYN0039,Synthetic Player 039,2025-26,2025-26_GSW_068,2026-02-18,GSW,NOP,False,True,30.4,16,10,4,1,1,2,3,3,1,True
SYN0039,Synthetic Player 039,2025-26,2025-26_GSW_069,2026-02-19,GSW,NYK,True,True,31.9,22,9,5,1,1,2,2,4,0,True
SYN0039,Synthetic Player 039,2025-26,2025-26_GSW_070,2026-02-21,GSW,OKC,False,True,31.6,24,9,4,1,1,2,3,3,0,True
SYN0039,Synthetic Player 039,2025-26,2025-26_GSW_071,2026-02-23,GSW,ORL,True,True,40.4,30,12,4,1,4,3,3,8,1,True
SYN0039,Synthetic Player 039,2025-26,2025-26_GSW_072,2026-02-24,GSW,PHI,False,False,22.6,18,7,3,1,1,1,2,3,0,True
SYN0039,Synthetic Player 039,2025-26,2025-26_GSW_073,2026-02-26,GSW,PHX,True,True,26.6,14,9,3,1,2,2,2,2,0,True
SYN0039,Synthetic Player 039,2025-26,2025-26_GSW_074,2026-02-28,GSW,POR,False,True,35.4,19,11,3,1,2,2,2,3,1,True
SYN0039,Synthetic Player 039,2025-26,2025-26_GSW_075,2026-03-03,GSW,SAC,True,True,32.4,17,9,3,0,1,2,2,4,1,True
SYN0039,Synthetic Player 039,2025-26,2025-26_GSW_079,2026-03-11,GSW,WAS,True,True,33.5,11,9,5,0,1,2,2,2,0,True
SYN0039,Synthetic Player 039,2025-26,2025-26_GSW_080,2026-03-13,GSW,ATL,False,True,25.6,11,8,2,1,1,2,2,2,0,True
SYN0039,Synthetic Player 039,2025-26,2025-26_GSW_081,2026-03-14,GSW,BOS,True,True,34.1,14,12,4,1,1,3,3,2,0,True
