player_id,player_name,season,game_id,game_date,team,opponent,home,started,minutes,points,rebounds,assists,steals,blocks,turnovers,personal_fouls,free_throws_made,three_pointers_made,is_synthetic
SYN0000,Synthetic Player 000,2023-24,2023-24_ATL_000,2023-10-21,ATL,BOS,False,True,25.2,15,3,4,1,0,2,1,2,1,True
SYN0000,Synthetic Player 000,2023-24,2023-24_ATL_001,2023-10-23,ATL,BKN,True,True,27.3,14,3,4,1,0,2,2,3,2,True
SYN0000,Synthetic Player 000,2023-24,2023-24_ATL_002,2023-10-24,ATL,CHA,False,True,25.2,11,2,6,1,0,2,1,2,1,True
SYN0000,Synthetic Player 000,2023-24,2023-24_ATL_003,2023-10-26,ATL,CHI,True,False,18.2,10,2,3,1,0,1,1,1,1,True
SYN0000,Synthetic Player 000,2023-24,2023-24_ATL_004,2023-10-28,ATL,CLE,False,False,22.5,12,3,5,1,0,2,1,2,2,True
SYN0000,Synthetic Player 000,2023-24,2023-24_ATL_005,2023-10-29,ATL,DAL,True,False,18.9,7,2,4,1,0,2,1,1,1,True
SYN0000,Synthetic Player 000,2023-24,2023-24_ATL_006,2023-10-30,ATL,DEN,False,True,28.5,11,4,6,2,0,2,2,1,1,True
SYN0000,Synthetic Player 000,2023-24,2023-24_ATL_007,2023-11-02,ATL,DET,True,True,26.9,14,4,5,1,0,2,1,2,1,True
SYN0000,Synthetic Player 000,2023-24,2023-24_ATL_008,2023-11-04,ATL,GSW,False,True,25.7,12,3,6,1,0,2,1,2,1,True
SYN0000,Synthetic Player 000,2023-24,2023-24_ATL_009,2023-11-06,ATL,HOU,True,True,29.2,16,4,6,1,0,2,2,3,2,True
SYN0000,Synthetic Player 000,2023-24,2023-24_ATL_010,2023-11-08,ATL,IND,False,True,24.3,16,3,6,1,0,2,1,3,2,True
SYN0000,Synthetic Player 000,2023-24,2023-24_ATL_011,2023-11-10,ATL,LAC,True,False,22.2,9,3,5,1,0,2,1,1,1,True
SYN0000,Synthetic Player 000,2023-24,2023-24_ATL_012,2023-11-12,ATL,LAL,False,False,19.8,9,2,4,1,0,2,1,1,1,True
SYN0000,Synthetic Player 000,2023-24,2023-24_ATL_013,2023-11-14,ATL,MEM,True,False,20.1,9,2,3,1,0,1,1,1,1,True
SYN0000,Synthetic Player 000,2023-24,2023-24_ATL_026,2023-12-11,ATL,TOR,False,False,18.4,9,2,3,1,0,2,1,1,1,True
SYN0000,Synthetic Player 000,2023-24,2023-24_ATL_027,2023-12-12,ATL,UTA,True,False,23.3,16,3,6,1,0,2,2,2,2,True
SYN0000,Synthetic Player 000,2023-24,2023-24_ATL_028,2023-12-15,ATL,WAS,False,True,24.4,14,4,5,1,0,1,1,2,2,True
SYN0000,Synthetic Player 000,2023-24,2023-24_ATL_029,2023-12-17,ATL,ATL,True,True,28.9,15,3,6,1,0,2,2,3,1,True
SYN0000,Synthetic Player 000,2023-24,2023-24_ATL_030,2023-12-19,ATL,BOS,False,True,26.3,14,3,5,1,0,2,1,2,2,True
SYN0000,Synthetic Player 000,2023-24,2023-24_ATL_032,2023-12-22,ATL,CHA,False,True,24.1,10,4,5,0,0,2,1,1,1,True
SYN0000,Synthetic Player 000,2023-24,2023-24_ATL_033,2023-12-24,ATL,CHI,True,True,29.3,17,4,4,1,0,2,2,3,2,True
SYN0000,Synthetic Player 000,2023-24,2023-24_ATL_034,2023-12-27,ATL,CLE,False,False,19.4,9,2,4,1,0,2,1,1,1,True
SYN0000,Synthetic Player 000,2023-24,2023-24_ATL_035,2023-12-28,ATL,DAL,True,False,22.6,11,3,4,1,0,2,1,2,1,True
SYN0000,Synthetic Player 000,2023-24,2023-24_ATL_039,2024-01-05,ATL,HOU,True,False,20.8,11,3,3,1,0,2,1,2,1,True
SYN0000,Synthetic Player 000,2023-24,2023-24_ATL_043,2024-01-12,ATL,MEM,True,True,29.4,12,3,7,1,0,2,2,2,1,True
SYN0000,Synthetic Player 000,2023-24,2023-24_ATL_044,2024-01-14,ATL,MIA,False,False,22.3,12,3,4,1,0,2,1,2,2,True
SYN0000,Synthetic Player 000,2023-24,2023-24_ATL_047,2024-01-19,ATL,NOP,True,True,26.8,16,3,4,1,0,2,1,3,2,True
SYN0000,Synthetic Player 000,2023-24,2023-24_ATL_048,2024-01-20,ATL,NYK,False,False,20.1,9,3,3,1,0,2,1,1,1,True
SYN0000,Synthetic Player 000,2023-24,2023-24_ATL_049,2024-01-22,ATL,OKC,True,True,27.4,16,4,5,1,0,2,2,2,2,True
SYN0000,Synthetic Player 000,2023-24,2023-24_ATL_052,2024-01-28,ATL,PHX,False,True,26.5,16,3,5,1,0,2,1,2,2,True
SYN0000,Synthetic Player 000,2023-24,2023-24_ATL_053,2024-01-29,ATL,POR,True,False,20.9,12,3,5,1,0,2,1,2,1,True
SYN0000,Synthetic Player 000,2023-24,2023-24_ATL_054,2024-01-30,ATL,SAC,False,True,25.6,16,3,7,1,0,2,1,2,2,True
SYN0000,Synthetic Player 000,2023-24,2023-24_ATL_055,2024-01-31,ATL,SAS,True,True,26.5,15,4,4,1,0,2,2,2,2,True
SYN0000,Synthetic Player 000,2023-24,2023-24_ATL_056,2024-02-02,ATL,TOR,False,False,18.5,11,2,3,1,0,1,1,2,1,True
SYN0000,Synthetic Player 000,2023-24,2023-24_ATL_057,2024-02-04,ATL,UTA,True,False,18.6,12,2,4,1,0,2,1,2,2,True
SYN0000,Synthetic Player 000,2023-24,2023-24_ATL_058,2024-02-06,ATL,WAS,False,True,27.0,12,4,7,1,0,2,1,2,1,True
SYN0000,Synthetic Player 000,2023-24,2023-24_ATL_059,2024-02-08,ATL,ATL,True,False,21.1,15,3,4,1,0,2,1,2,1,True
SYN0000,Synthetic Player 000,2023-24,2023-24_ATL_063,2024-02-16,ATL,CHI,True,True,25.7,7,3,6,1,0,2,1,1,1,True
SYN0000,Synthetic Player 000,2023-24,2023-24_ATL_064,2024-02-18,ATL,CLE,False,False,16.5,8,2,4,1,0,1,1,1,1,True
SYN0000,Synthetic Player 000,2023-24,2023-24_ATL_065,2024-02-19,ATL,DAL,True,True,24.3,11,3,5,1,0,2,1,2,1,True
SYN0000,Synthetic Player 000,2023-24,2023-24_ATL_068,2024-02-25,ATL,GSW,False,True,27.2,18,4,5,1,0,2,2,3,3,True
SYN0000,Synthetic Player 000,2023-24,2023-24_ATL_075,2024-03-12,ATL,MIL,True,True,31.0,15,4,5,2,0,3,2,3,2,True
SYN0000,Synthetic Player 000,2023-24,2023-24_ATL_076,2024-03-14,ATL,MIN,False,False,22.5,12,3,3,1,0,2,1,2,2,True
SYN0000,Synthetic Player 000,2023-24,2023-24_ATL_077,2024-03-17,ATL,NOP,True,False,15.9,7,2,3,1,0,1,1,1,1,True
SYN0000,Synthetic Player 000,2023-24,2023-24_ATL_078,2024-03-19,ATL,NYK,False,False,19.3,11,3,3,1,0,1,1,2,1,True
SYN0000,Synthetic Player 000,2023-24,2023-24_ATL_079,2024-03-21,ATL,OKC,True,True,25.1,9,3,6,1,0,2,1,2,1,True
SYN0000,Synthetic Player 000,2023-24,2023-24_ATL_080,2024-03-22,ATL,ORL,False,False,23.3,12,3,4,1,0,2,1,2,1,True
SYN0000,Synthetic Player 000,2023-24,2023-24_ATL_081,2024-03-24,ATL,PHI,True,False,22.4,11,2,5,0,0,1,1,2,1,True
SYN0001,Synthetic Player 001,2023-24,2023-24_BOS_000,2023-10-22,BOS,BKN,False,False,19.4,15,4,3,0,0,1,1,3,1,True
SYN0001,Synthetic Player 001,2023-24,2023-24_BOS_001,2023-10-24,BOS,CHA,True,False,19.4,24,2,3,1,0,2,1,4,3,True
SYN0001,Synthetic Player 001,2023-24,2023-24_BOS_002,2023-10-26,BOS,CHI,False,False,21.8,11,3,5,1,0,2,1,1,1,True
SYN0001,Synthetic Player 001,2023-24,2023-24_BOS_003,2023-10-27,BOS,CLE,True,True,28.8,20,4,3,1,0,2,2,3,2,True
SYN0001,Synthetic Player 001,2023-24,2023-24_BOS_004,2023-10-28,BOS,DAL,False,False,18.3,25,3,2,1,0,1,1,4,3,True
SYN0001,Synthetic Player 001,2023-24,2023-24_BOS_005,2023-10-30,BOS,DEN,True,False,22.3,16,4,2,1,0,2,1,3,2,True
SYN0001,Synthetic Player 001,2023-24,2023-24_BOS_007,2023-11-02,BOS,GSW,True,True,25.1,22,3,5,0,0,2,2,4,2,True
SYN0001,Synthetic Player 001,2023-24,2023-24_BOS_008,2023-11-03,BOS,HOU,False,False,19.4,14,3,3,1,0,1,1,3,2,True
SYN0001,Synthetic Player 001,2023-24,2023-24_BOS_009,2023-11-05,BOS,IND,True,True,27.3,17,4,2,1,0,2,2,3,2,True
SYN0001,Synthetic Player 001,2023-24,2023-24_BOS_010,2023-11-07,BOS,LAC,False,True,27.3,30,3,7,1,0,2,2,4,5,True
SYN0001,Synthetic Player 001,2023-24,2023-24_BOS_011,2023-11-08,BOS,LAL,True,False,18.0,13,2,3,1,0,1,1,2,2,True
SYN0001,Synthetic Player 001,2023-24,2023-24_BOS_012,2023-11-10,BOS,MEM,False,False,11.5,9,2,2,0,0,1,1,2,1,True
SYN0001,Synthetic Player 001,2023-24,2023-24_BOS_014,2023-11-14,BOS,MIL,False,False,20.9,17,3,3,1,0,1,1,4,2,True
SYN0001,Synthetic Player 001,2023-24,2023-24_BOS_015,2023-11-15,BOS,MIN,True,True,28.4,21,4,5,1,0,2,2,3,3,True
SYN0001,Synthetic Player 001,2023-24,2023-24_BOS_016,2023-11-17,BOS,NOP,False,False,23.6,18,4,3,1,0,1,2,2,1,True
SYN0001,Synthetic Player 001,2023-24,2023-24_BOS_017,2023-11-18,BOS,NYK,True,False,10.2,9,1,2,0,0,1,0,2,1,True
SYN0001,Synthetic Player 001,2023-24,2023-24_BOS_018,2023-11-20,BOS,OKC,False,False,19.0,10,2,3,1,0,1,1,1,1,True
SYN0001,Synthetic Player 001,2023-24,2023-24_BOS_019,2023-11-21,BOS,ORL,True,False,16.3,7,2,2,1,0,1,1,2,1,True
SYN0001,Synthetic Player 001,2023-24,2023-24_BOS_020,2023-11-23,BOS,PHI,False,False,16.9,15,4,2,1,0,1,1,2,1,True
SYN0001,Synthetic Player 001,2023-24,2023-24_BOS_021,2023-11-25,BOS,PHX,True,False,16.9,18,2,2,1,0,1,1,2,3,True
SYN0001,Synthetic Player 001,2023-24,2023-24_BOS_022,2023-11-26,BOS,POR,False,False,21.1,19,3,4,1,0,1,1,3,3,True
SYN0001,Synthetic Player 001,2023-24,2023-24_BOS_023,2023-11-29,BOS,SAC,True,True,27.0,36,4,3,1,0,2,2,5,8,True
SYN0001,Synthetic Player 001,2023-24,2023-24_BOS_024,2023-11-30,BOS,SAS,False,False,21.8,19,3,4,1,0,2,1,3,2,True
SYN0001,Synthetic Player 001,2023-24,2023-24_BOS_025,2023-12-02,BOS,TOR,True,False,23.8,21,3,4,1,0,1,2,4,4,True
SYN0001,Synthetic Player 001,2023-24,2023-24_BOS_026,2023-12-04,BOS,UTA,False,True,30.3,23,4,5,1,0,3,2,5,3,True
SYN0001,Synthetic Player 001,2023-24,2023-24_BOS_027,2023-12-06,BOS,WAS,True,False,12.6,14,2,3,1,0,1,1,3,2,True
SYN0001,Synthetic Player 001,2023-24,2023-24_BOS_028,2023-12-08,BOS,ATL,False,False,19.6,10,3,3,1,0,1,1,1,2,True
SYN0001,Synthetic Player 001,2023-24,2023-24_BOS_029,2023-12-10,BOS,BOS,True,False,16.5,15,3,2,1,0,1,1,2,1,True
SYN0001,Synthetic Player 001,2023-24,2023-24_BOS_030,2023-12-12,BOS,BKN,False,False,18.0,6,3,4,1,0,1,1,1,1,True
SYN0001,Synthetic Player 001,2023-24,2023-24_BOS_031,2023-12-15,BOS,CHA,True,False,16.3,11,2,3,1,0,1,1,2,2,True
SYN0001,Synthetic Player 001,2023-24,2023-24_BOS_032,2023-12-17,BOS,CHI,False,False,22.5,17,4,3,1,0,2,1,3,3,True
SYN0001,Synthetic Player 001,2023-24,2023-24_BOS_033,2023-12-20,BOS,CLE,True,False,22.2,22,5,3,1,0,1,1,3,3,True
SYN0001,Synthetic Player 001,2023-24,2023-24_BOS_037,2023-12-30,BOS,GSW,True,False,16.7,15,3,2,1,0,1,1,2,3,True
SYN0001,Synthetic Player 001,2023-24,2023-24_BOS_038,2024-01-02,BOS,HOU,False,True,24.5,20,3,4,1,0,2,2,5,2,True
SYN0001,Synthetic Player 001,2023-24,2023-24_BOS_040,2024-01-08,BOS,LAC,False,True,26.3,21,6,3,1,0,2,2,3,4,True
SYN0001,Synthetic Player 001,2023-24,2023-24_BOS_041,2024-01-11,BOS,LAL,True,False,21.4,18,2,2,1,0,2,1,3,2,True
SYN0001,Synthetic Player 001,2023-24,2023-24_BOS_042,2024-01-14,BOS,MEM,False,False,21.8,7,3,2,1,0,2,1,1,1,True
SYN0001,Synthetic Player 001,2023-24,2023-24_BOS_043,2024-01-16,BOS,MIA,True,False,15.6,11,2,3,1,0,1,1,2,1,True
SYN0001,Synthetic Player 001,2023-24,2023-24_BOS_044,2024-01-17,BOS,MIL,False,False,20.8,23,4,3,1,0,1,1,3,3,True
SYN0001,Synthetic Player 001,2023-24,2023-24_BOS_045,2024-01-18,BOS,MIN,True,True,25.0,26,3,4,1,0,2,1,6,3,True
SYN0001,Synthetic Player 001,2023-24,2023-24_BOS_046,2024-01-21,BOS,NOP,False,False,14.9,12,2,2,1,0,1,1,2,1,True
SYN0001,Synthetic Player 001,2023-24,2023-24_BOS_047,2024-01-23,BOS,NYK,True,False,16.1,11,3,2,1,0,1,1,1,1,True
SYN0001,Synthetic Player 001,2023-24,2023-24_BOS_048,2024-01-24,BOS,OKC,False,False,20.9,14,3,3,1,0,2,1,3,2,True
SYN0001,Synthetic Player 001,2023-24,2023-24_BOS_049,2024-01-26,BOS,ORL,True,False,16.5,13,4,3,0,0,1,1,2,2,True
SYN0001,Synthetic Player 001,2023-24,2023-24_BOS_050,2024-01-28,BOS,PHI,False,False,16.2,13,2,3,1,0,1,1,2,1,True
SYN0001,Synthetic Player 001,2023-24,2023-24_BOS_051,2024-01-30,BOS,PHX,True,True,26.5,22,3,4,1,0,1,1,3,3,True
SYN0001,Synthetic Player 001,2023-24,2023-24_BOS_052,2024-02-01,BOS,POR,False,False,20.2,15,3,5,1,0,1,1,2,2,True
SYN0001,Synthetic Player 001,2023-24,2023-24_BOS_053,2024-02-04,BOS,SAC,True,False,22.7,26,5,4,1,0,1,1,6,5,True
SYN0001,Synthetic Player 001,2023-24,2023-24_BOS_054,2024-02-05,BOS,SAS,False,False,20.1,22,3,3,1,0,1,1,3,4,True
SYN0001,Synthetic Player 001,2023-24,2023-24_BOS_055,2024-02-07,BOS,TOR,True,True,26.6,19,5,5,1,0,2,1,3,3,True
SYN0001,Synthetic Player 001,2023-24,2023-24_BOS_056,2024-02-09,BOS,UTA,False,False,19.6,16,5,4,1,0,1,1,2,2,True
SYN0001,Synthetic Player 001,2023-24,2023-24_BOS_057,2024-02-11,BOS,WAS,True,False,19.1,13,3,4,1,0,1,1,2,1,True
SYN0001,Synthetic Player 001,2023-24,2023-24_BOS_058,2024-02-12,BOS,ATL,False,False,11.7,12,2,2,0,0,1,1,2,2,True
SYN0001,Synthetic Player 001,2023-24,2023-24_BOS_059,2024-02-14,BOS,BOS,True,False,19.0,15,2,4,1,0,1,1,2,2,True
SYN0001,Synthetic Player 001,2023-24,2023-24_BOS_060,2024-02-15,BOS,BKN,False,True,28.3,12,5,4,1,0,2,1,2,1,True
SYN0001,Synthetic Player 001,2023-24,2023-24_BOS_061,2024-02-17,BOS,CHA,True,False,23.5,11,4,4,1,0,2,1,2,1,True
SYN0001,Synthetic Player 001,2023-24,2023-24_BOS_062,2024-02-19,BOS,CHI,False,False,12.6,13,2,2,0,0,1,1,2,2,True
SYN0001,Synthetic Player 001,2023-24,2023-24_BOS_063,2024-02-21,BOS,CLE,True,False,21.3,16,3,3,0,0,1,2,2,2,True
SYN0001,Synthetic Player 001,2023-24,2023-24_BOS_064,2024-02-23,BOS,DAL,False,True,24.7,20,3,4,1,0,1,2,3,2,True
SYN0001,Synthetic Player 001,2023-24,2023-24_BOS_065,2024-02-25,BOS,DEN,True,False,20.8,19,2,2,1,0,1,1,2,2,True
SYN0001,Synthetic Player 001,2023-24,2023-24_BOS_067,2024-02-29,BOS,GSW,True,False,20.5,21,3,4,1,0,1,1,3,2,True
SYN0001,Synthetic Player 001,2023-24,2023-24_BOS_068,2024-03-02,BOS,HOU,False,False,16.1,14,2,2,1,0,1,1,2,2,True
SYN0001,Synthetic Player 001,2023-24,2023-24_BOS_075,2024-03-13,BOS,MIN,True,False,17.4,16,2,4,0,0,1,1,2,2,True
SYN0001,Synthetic Player 001,2023-24,2023-24_BOS_076,2024-03-15,BOS,NOP,False,False,20.7,15,4,3,0,0,1,1,2,2,True
SYN0001,Synthetic Player 001,2023-24,2023-24_BOS_077,2024-03-17,BOS,NYK,True,True,24.8,22,3,5,1,0,1,2,3,3,True
SYN0001,Synthetic Player 001,2023-24,2023-24_BOS_078,2024-03-19,BOS,OKC,False,True,30.4,24,3,4,1,1,2,2,5,2,True
SYN0002,Synthetic Player 002,2023-24,2023-24_BKN_000,2023-10-23,BKN,CHA,False,True,26.3,15,4,2,1,0,1,2,3,1,True
SYN0002,Synthetic Player 002,2023-24,2023-24_BKN_003,2023-10-29,BKN,DAL,True,True,27.7,17,3,2,1,0,2,2,3,2,True
SYN0002,Synthetic Player 002,2023-24,2023-24_BKN_004,2023-10-30,BKN,DEN,False,True,31.3,27,3,4,1,1,2,2,5,2,True
SYN0002,Synthetic Player 002,2023-24,2023-24_BKN_005,2023-11-01,BKN,DET,True,True,28.9,10,4,3,0,0,2,2,1,1,True
SYN0002,Synthetic Player 002,2023-24,2023-24_BKN_009,2023-11-09,BKN,LAC,True,True,29.5,4,4,4,1,1,2,2,0,1,True
SYN0002,Synthetic Player 002,2023-24,2023-24_BKN_014,2023-11-17,BKN,MIN,False,True,34.9,15,6,3,0,0,2,3,2,2,True
SYN0002,Synthetic Player 002,2023-24,2023-24_BKN_015,2023-11-18,BKN,NOP,True,True,25.6,7,3,2,1,1,1,2,1,1,True
SYN0002,Synthetic Player 002,2023-24,2023-24_BKN_016,2023-11-19,BKN,NYK,False,True,29.0,18,8,4,1,0,1,2,3,1,True
SYN0002,Synthetic Player 002,2023-24,2023-24_BKN_022,2023-12-03,BKN,SAC,False,True,33.8,11,4,3,1,1,2,2,2,1,True
SYN0002,Synthetic Player 002,2023-24,2023-24_BKN_023,2023-12-05,BKN,SAS,True,True,30.3,13,5,3,1,0,2,2,2,1,True
SYN0002,Synthetic Player 002,2023-24,2023-24_BKN_024,2023-12-07,BKN,TOR,False,True,28.5,13,6,4,1,1,2,1,2,1,True
SYN0002,Synthetic Player 002,2023-24,2023-24_BKN_025,2023-12-09,BKN,UTA,True,True,32.6,17,5,3,1,0,2,2,3,3,True
SYN0002,Synthetic Player 002,2023-24,2023-24_BKN_026,2023-12-11,BKN,WAS,False,False,22.3,8,3,3,1,0,2,1,1,1,True
SYN0002,Synthetic Player 002,2023-24,2023-24_BKN_033,2023-12-23,BKN,DAL,True,True,30.0,13,4,2,1,1,2,2,3,2,True
SYN0002,Synthetic Player 002,2023-24,2023-24_BKN_034,2023-12-25,BKN,DEN,False,True,27.3,8,3,4,0,0,3,2,1,1,True
SYN0002,Synthetic Player 002,2023-24,2023-24_BKN_035,2023-12-26,BKN,DET,True,True,28.8,14,3,2,1,1,2,2,1,2,True
SYN0002,Synthetic Player 002,2023-24,2023-24_BKN_036,2023-12-28,BKN,GSW,False,True,29.9,16,5,4,0,1,1,3,3,2,True
SYN0002,Synthetic Player 002,2023-24,2023-24_BKN_038,2024-01-01,BKN,IND,False,True,29.0,11,4,2,1,0,2,2,2,2,True
SYN0002,Synthetic Player 002,2023-24,2023-24_BKN_042,2024-01-09,BKN,MIA,False,True,36.9,14,7,3,2,1,3,2,1,2,True
SYN0002,Synthetic Player 002,2023-24,2023-24_BKN_043,2024-01-12,BKN,MIL,True,False,23.8,6,2,3,0,0,1,1,1,1,True
SYN0002,Synthetic Player 002,2023-24,2023-24_BKN_044,2024-01-14,BKN,MIN,False,True,27.6,12,6,1,1,0,2,2,2,1,True
SYN0002,Synthetic Player 002,2023-24,2023-24_BKN_045,2024-01-15,BKN,NOP,True,True,36.0,26,3,7,0,1,3,2,3,4,True
SYN0002,Synthetic Player 002,2023-24,2023-24_BKN_054,2024-02-01,BKN,TOR,False,True,28.4,14,3,4,1,1,2,2,1,1,True
SYN0002,Synthetic Player 002,2023-24,2023-24_BKN_056,2024-02-04,BKN,WAS,False,True,28.6,8,4,3,1,0,1,2,2,1,True
SYN0002,Synthetic Player 002,2023-24,2023-24_BKN_057,2024-02-06,BKN,ATL,True,True,33.1,20,7,5,2,0,2,2,4,2,True
SYN0002,Synthetic Player 002,2023-24,2023-24_BKN_061,2024-02-13,BKN,CHI,True,True,26.7,12,4,3,1,0,2,1,1,1,True
SYN0002,Synthetic Player 002,2023-24,2023-24_BKN_062,2024-02-15,BKN,CLE,False,True,26.3,14,2,1,1,0,1,2,3,2,True
SYN0002,Synthetic Player 002,2023-24,2023-24_BKN_063,2024-02-17,BKN,DAL,True,True,27.3,15,4,2,2,1,2,2,5,2,True
SYN0002,Synthetic Player 002,2023-24,2023-24_BKN_064,2024-02-19,BKN,DEN,False,True,28.3,6,4,2,1,0,1,3,1,1,True
SYN0002,Synthetic Player 002,2023-24,2023-24_BKN_065,2024-02-20,BKN,DET,True,True,27.5,6,6,2,1,0,1,1,1,1,True
SYN0002,Synthetic Player 002,2023-24,2023-24_BKN_066,2024-02-22,BKN,GSW,False,True,35.1,23,8,3,1,0,1,2,2,3,True
SYN0002,Synthetic Player 002,2023-24,2023-24_BKN_067,2024-02-24,BKN,HOU,True,False,22.9,9,6,2,1,0,2,2,1,1,True
SYN0002,Synthetic Player 002,2023-24,2023-24_BKN_069,2024-02-29,BKN,LAC,True,True,25.5,11,3,2,1,0,1,2,1,2,True
SYN0002,Synthetic Player 002,2023-24,2023-24_BKN_070,2024-03-02,BKN,LAL,False,True,32.0,39,7,5,1,0,1,2,10,4,True
SYN0002,Synthetic Player 002,2023-24,2023-24_BKN_071,2024-03-03,BKN,MEM,True,True,26.6,16,5,3,1,0,1,1,2,2,True
SYN0002,Synthetic Player 002,2023-24,2023-24_BKN_072,2024-03-05,BKN,MIA,False,True,26.2,18,7,5,1,0,1,2,3,2,True
SYN0002,Synthetic Player 002,2023-24,2023-24_BKN_073,2024-03-07,BKN,MIL,True,False,21.5,7,6,3,0,0,1,2,1,1,True
SYN0002,Synthetic Player 002,2023-24,2023-24_BKN_074,2024-03-09,BKN,MIN,False,True,28.5,19,4,3,1,1,2,2,5,1,True
SYN0002,Synthetic Player 002,2023-24,2023-24_BKN_075,2024-03-10,BKN,NOP,True,True,34.0,16,3,3,1,0,3,2,2,2,True
SYN0002,Synthetic Player 002,2023-24,2023-24_BKN_076,2024-03-12,BKN,NYK,False,False,22.1,11,3,1,1,1,1,2,2,1,True
SYN0002,Synthetic Player 002,2023-24,2023-24_BKN_077,2024-03-14,BKN,OKC,True,True,25.4,15,3,2,1,1,1,2,2,1,True
SYN0002,Synthetic Player 002,2023-24,2023-24_BKN_081,2024-03-22,BKN,POR,True,True,29.8,25,5,6,1,0,2,2,4,2,True
SYN0003,Synthetic Player 003,2023-24,2023-24_CHA_002,2023-10-25,CHA,DAL,False,False,15.0,5,3,3,1,0,1,1,1,0,True
SYN0003,Synthetic Player 003,2023-24,2023-24_CHA_003,2023-10-26,CHA,DEN,True,True,25.5,13,5,4,1,1,2,2,2,1,True
SYN0003,Synthetic Player 003,2023-24,2023-24_CHA_004,2023-10-28,CHA,DET,False,False,18.0,8,3,2,0,0,1,1,1,1,True
SYN0003,Synthetic Player 003,2023-24,2023-24_CHA_005,2023-10-30,CHA,GSW,True,False,19.6,8,3,2,1,0,1,1,1,1,True
SYN0003,Synthetic Player 003,2023-24,2023-24_CHA_010,2023-11-08,CHA,MEM,False,False,20.7,11,5,2,1,1,1,2,2,1,True
SYN0003,Synthetic Player 003,2023-24,2023-24_CHA_011,2023-11-10,CHA,MIA,True,False,14.2,8,3,1,0,0,1,1,2,1,True
SYN0003,Synthetic Player 003,2023-24,2023-24_CHA_012,2023-11-13,CHA,MIL,False,False,15.3,10,3,2,0,1,1,1,2,1,True
SYN0003,Synthetic Player 003,2023-24,2023-24_CHA_016,2023-11-22,CHA,OKC,False,False,20.4,14,5,2,0,1,1,1,2,1,True
SYN0003,Synthetic Player 003,2023-24,2023-24_CHA_017,2023-11-24,CHA,ORL,True,False,19.9,7,5,2,0,1,1,1,2,0,True
SYN0003,Synthetic Player 003,2023-24,2023-24_CHA_018,2023-11-27,CHA,PHI,False,False,10.5,4,3,1,0,0,1,1,1,0,True
SYN0003,Synthetic Player 003,2023-24,2023-24_CHA_019,2023-11-28,CHA,PHX,True,False,18.3,5,4,2,0,1,1,1,1,1,True
SYN0003,Synthetic Player 003,2023-24,2023-24_CHA_020,2023-11-30,CHA,POR,False,False,20.7,9,6,2,1,1,1,1,1,1,True
SYN0003,Synthetic Player 003,2023-24,2023-24_CHA_021,2023-12-01,CHA,SAC,True,True,24.8,10,6,4,1,1,2,2,1,1,True
SYN0003,Synthetic Player 003,2023-24,2023-24_CHA_022,2023-12-03,CHA,SAS,False,False,16.6,10,5,1,0,0,1,2,2,1,True
SYN0003,Synthetic Player 003,2023-24,2023-24_CHA_023,2023-12-05,CHA,TOR,True,False,15.9,6,3,1,0,0,1,1,1,1,True
SYN0003,Synthetic Player 003,2023-24,2023-24_CHA_024,2023-12-06,CHA,UTA,False,False,15.8,9,4,2,1,0,1,1,1,1,True
SYN0003,Synthetic Player 003,2023-24,2023-24_CHA_025,2023-12-07,CHA,WAS,True,False,16.2,8,4,2,0,0,1,1,1,1,True
SYN0003,Synthetic Player 003,2023-24,2023-24_CHA_027,2023-12-12,CHA,BOS,True,False,20.9,7,4,2,1,1,1,1,1,1,True
SYN0003,Synthetic Player 003,2023-24,2023-24_CHA_043,2024-01-09,CHA,MIN,True,False,17.5,6,3,3,1,1,1,1,1,1,True
SYN0003,Synthetic Player 003,2023-24,2023-24_CHA_054,2024-01-30,CHA,UTA,False,False,23.8,6,5,3,1,1,1,2,1,0,True
SYN0003,Synthetic Player 003,2023-24,2023-24_CHA_064,2024-02-18,CHA,DET,False,False,16.1,8,3,2,0,0,1,1,1,1,True
SYN0003,Synthetic Player 003,2023-24,2023-24_CHA_065,2024-02-20,CHA,GSW,True,False,18.4,11,4,2,1,1,1,2,2,1,True
SYN0003,Synthetic Player 003,2023-24,2023-24_CHA_067,2024-02-24,CHA,IND,True,False,22.4,15,4,3,0,0,1,2,2,1,True
SYN0003,Synthetic Player 003,2023-24,2023-24_CHA_068,2024-02-25,CHA,LAC,False,False,21.4,12,4,2,1,1,1,2,2,1,True
SYN0003,Synthetic Player 003,2023-24,2023-24_CHA_069,2024-02-27,CHA,LAL,True,True,24.0,7,6,2,1,1,2,2,1,0,True
SYN0003,Synthetic Player 003,2023-24,2023-24_CHA_070,2024-02-29,CHA,MEM,False,False,18.7,8,4,2,1,0,1,1,1,0,True
SYN0003,Synthetic Player 003,2023-24,2023-24_CHA_071,2024-03-02,CHA,MIA,True,False,23.6,9,4,3,1,1,1,1,1,1,True
SYN0003,Synthetic Player 003,2023-24,2023-24_CHA_072,2024-03-04,CHA,MIL,False,False,21.6,11,5,2,1,1,1,1,2,1,True
SYN0003,Synthetic Player 003,2023-24,2023-24_CHA_073,2024-03-07,CHA,MIN,True,False,21.8,10,3,4,1,1,1,2,1,1,True
SYN0003,Synthetic Player 003,2023-24,2023-24_CHA_074,2024-03-08,CHA,NOP,False,False,12.5,11,3,2,1,0,1,1,2,1,True
SYN0003,Synthetic Player 003,2023-24,2023-24_CHA_075,2024-03-10,CHA,NYK,True,False,18.3,10,5,3,0,1,1,1,1,1,True
SYN0003,Synthetic Player 003,2023-24,2023-24_CHA_076,2024-03-12,CHA,OKC,False,False,17.6,7,4,2,1,1,1,1,1,0,True
SYN0003,Synthetic Player 003,2023-24,2023-24_CHA_077,2024-03-15,CHA,ORL,True,False,22.7,9,4,2,1,1,1,2,1,1,True
SYN0003,Synthetic Player 003,2023-24,2023-24_CHA_078,2024-03-16,CHA,PHI,False,False,10.6,4,2,1,0,0,1,1,1,0,True
SYN0003,Synthetic Player 003,2023-24,2023-24_CHA_079,2024-03-18,CHA,PHX,True,False,17.8,6,4,2,1,0,1,1,1,0,True
SYN0003,Synthetic Player 003,2023-24,2023-24_CHA_080,2024-03-20,CHA,POR,False,False,12.3,6,2,2,0,0,1,1,1,0,True
SYN0003,Synthetic Player 003,2023-24,2023-24_CHA_081,2024-03-23,CHA,SAC,True,False,13.8,5,4,1,0,0,1,1,1,0,True
SYN0004,Synthetic Player 004,2023-24,2023-24_CHI_000,2023-10-22,CHI,CLE,False,True,30.7,15,9,5,1,1,2,3,2,1,True
SYN0004,Synthetic Player 004,2023-24,2023-24_CHI_001,2023-10-25,CHI,DAL,True,True,33.4,19,11,3,1,2,2,3,4,1,True
SYN0004,Synthetic Player 004,2023-24,2023-24_CHI_002,2023-10-27,CHI,DEN,False,True,29.5,13,8,3,1,1,2,2,3,1,True
SYN0004,Synthetic Player 004,2023-24,2023-24_CHI_003,2023-10-28,CHI,DET,True,True,31.2,9,10,5,1,2,2,2,1,0,True
SYN0004,Synthetic Player 004,2023-24,2023-24_CHI_004,2023-10-30,CHI,GSW,False,True,32.6,18,8,5,1,1,2,3,3,1,True
SYN0004,Synthetic Player 004,2023-24,2023-24_CHI_005,2023-11-01,CHI,HOU,True,True,27.2,13,10,4,1,1,2,2,1,0,True
SYN0004,Synthetic Player 004,2023-24,2023-24_CHI_006,2023-11-03,CHI,IND,False,False,17.4,11,4,2,0,1,1,1,2,0,True
SYN0004,Synthetic Player 004,2023-24,2023-24_CHI_008,2023-11-06,CHI,LAL,False,False,23.2,14,5,4,1,1,2,2,2,0,True
SYN0004,Synthetic Player 004,2023-24,2023-24_CHI_011,2023-11-12,CHI,MIL,True,True,30.2,24,7,3,1,1,2,2,3,1,True
SYN0004,Synthetic Player 004,2023-24,2023-24_CHI_012,2023-11-14,CHI,MIN,False,True,28.2,9,8,3,1,1,2,2,1,0,True
SYN0004,Synthetic Player 004,2023-24,2023-24_CHI_013,2023-11-16,CHI,NOP,True,True,28.3,12,10,5,1,2,1,2,1,0,True
SYN0004,Synthetic Player 004,2023-24,2023-24_CHI_014,2023-11-18,CHI,NYK,False,True,25.2,9,9,3,0,1,1,2,2,0,True
SYN0004,Synthetic Player 004,2023-24,2023-24_CHI_018,2023-11-25,CHI,PHX,False,False,22.6,9,5,4,1,1,1,2,1,0,True
SYN0004,Synthetic Player 004,2023-24,2023-24_CHI_019,2023-11-27,CHI,POR,True,False,21.5,8,4,3,0,1,2,2,1,0,True
SYN0004,Synthetic Player 004,2023-24,2023-24_CHI_020,2023-11-28,CHI,SAC,False,True,31.0,11,9,4,1,1,2,3,2,0,True
SYN0004,Synthetic Player 004,2023-24,2023-24_CHI_021,2023-11-30,CHI,SAS,True,True,30.0,13,9,3,0,1,2,3,2,0,True
SYN0004,Synthetic Player 004,2023-24,2023-24_CHI_022,2023-12-02,CHI,TOR,False,True,26.2,12,9,4,1,2,2,2,2,0,True
SYN0004,Synthetic Player 004,2023-24,2023-24_CHI_029,2023-12-14,CHI,CHI,True,True,32.4,16,10,6,1,1,2,3,3,1,True
SYN0004,Synthetic Player 004,2023-24,2023-24_CHI_030,2023-12-16,CHI,CLE,False,True,37.6,13,9,5,1,1,2,3,2,0,True
SYN0004,Synthetic Player 004,2023-24,2023-24_CHI_031,2023-12-18,CHI,DAL,True,True,26.8,15,8,3,0,2,1,2,3,1,True
SYN0004,Synthetic Player 004,2023-24,2023-24_CHI_032,2023-12-20,CHI,DEN,False,True,33.2,16,10,4,1,2,2,3,3,0,True
SYN0004,Synthetic Player 004,2023-24,2023-24_CHI_033,2023-12-22,CHI,DET,True,True,35.3,15,9,4,1,2,2,3,3,1,True
SYN0004,Synthetic Player 004,2023-24,2023-24_CHI_046,2024-01-16,CHI,ORL,False,True,33.5,17,11,3,1,1,2,3,3,0,True
SYN0004,Synthetic Player 004,2023-24,2023-24_CHI_056,2024-02-06,CHI,BOS,False,True,25.6,12,8,3,1,2,1,2,2,0,True
SYN0004,Synthetic Player 004,2023-24,2023-24_CHI_057,2024-02-07,CHI,BKN,True,True,29.5,16,10,5,1,1,2,2,3,1,True
SYN0004,Synthetic Player 004,2023-24,2023-24_CHI_058,2024-02-08,CHI,CHA,False,True,36.5,21,10,4,1,1,2,2,2,1,True
SYN0004,Synthetic Player 004,2023-24,2023-24_CHI_059,2024-02-09,CHI,CHI,True,False,19.8,8,6,3,0,1,1,2,1,0,True
SYN0004,Synthetic Player 004,2023-24,2023-24_CHI_060,2024-02-12,CHI,CLE,False,True,31.0,20,7,3,1,1,2,3,2,1,True
SYN0004,Synthetic Player 004,2023-24,2023-24_CHI_061,2024-02-13,CHI,DAL,True,True,27.1,9,7,3,1,2,1,2,2,0,True
SYN0004,Synthetic Player 004,2023-24,2023-24_CHI_062,2024-02-15,CHI,DEN,False,True,26.0,14,8,5,1,1,1,2,3,0,True
SYN0004,Synthetic Player 004,2023-24,2023-24_CHI_064,2024-02-19,CHI,GSW,False,True,25.5,16,8,3,1,2,1,2,3,0,True
SYN0004,Synthetic Player 004,2023-24,2023-24_CHI_065,2024-02-20,CHI,HOU,True,True,29.5,13,8,4,0,2,2,3,2,0,True
SYN0004,Synthetic Player 004,2023-24,2023-24_CHI_066,2024-02-21,CHI,IND,False,True,33.0,24,9,5,1,1,2,3,3,1,True
SYN0004,Synthetic Player 004,2023-24,2023-24_CHI_070,2024-02-28,CHI,MIA,False,True,24.8,10,10,4,0,1,2,2,2,0,True
SYN0004,Synthetic Player 004,2023-24,2023-24_CHI_071,2024-03-01,CHI,MIL,True,True,33.3,18,7,6,1,2,2,3,4,1,True
SYN0004,Synthetic Player 004,2023-24,2023-24_CHI_072,2024-03-03,CHI,MIN,False,True,30.9,12,10,3,1,1,2,3,2,1,True
SYN0004,Synthetic Player 004,2023-24,2023-24_CHI_073,2024-03-05,CHI,NOP,True,False,22.0,13,6,4,1,2,1,2,2,0,True
SYN0004,Synthetic Player 004,2023-24,2023-24_CHI_074,2024-03-08,CHI,NYK,False,True,32.6,16,10,3,1,2,2,3,3,1,True
SYN0004,Synthetic Player 004,2023-24,2023-24_CHI_075,2024-03-09,CHI,OKC,True,True,29.0,13,5,4,1,2,2,2,2,1,True
SYN0004,Synthetic Player 004,2023-24,2023-24_CHI_076,2024-03-11,CHI,ORL,False,True,30.6,10,8,4,0,2,2,3,2,0,True
SYN0004,Synthetic Player 004,2023-24,2023-24_CHI_077,2024-03-12,CHI,PHI,True,True,25.5,11,7,6,1,1,1,2,2,0,True
SYN0004,Synthetic Player 004,2023-24,2023-24_CHI_078,2024-03-15,CHI,PHX,False,True,30.6,17,10,5,1,2,2,3,2,0,True
SYN0004,Synthetic Player 004,2023-24,2023-24_CHI_079,2024-03-17,CHI,POR,True,True,25.8,10,6,4,1,1,1,2,2,0,True
SYN0004,Synthetic Player 004,2023-24,2023-24_CHI_080,2024-03-18,CHI,SAC,False,True,25.5,17,9,4,1,1,2,2,2,1,True
SYN0005,Synthetic Player 005,2023-24,2023-24_CLE_000,2023-10-23,CLE,DAL,False,True,25.0,13,3,5,1,0,3,2,2,2,True
SYN0005,Synthetic Player 005,2023-24,2023-24_CLE_001,2023-10-24,CLE,DEN,True,False,23.5,7,3,4,1,0,2,1,2,1,True
SYN0005,Synthetic Player 005,2023-24,2023-24_CLE_002,2023-10-25,CLE,DET,False,True,36.2,21,4,9,2,0,3,2,2,2,True
SYN0005,Synthetic Player 005,2023-24,2023-24_CLE_003,2023-10-26,CLE,GSW,True,False,23.1,14,3,5,1,0,2,1,2,1,True
SYN0005,Synthetic Player 005,2023-24,2023-24_CLE_006,2023-11-02,CLE,LAC,False,True,29.9,9,3,10,1,0,3,2,2,0,True
SYN0005,Synthetic Player 005,2023-24,2023-24_CLE_007,2023-11-05,CLE,LAL,True,True,29.6,15,4,6,1,0,3,2,2,2,True
SYN0005,Synthetic Player 005,2023-24,2023-24_CLE_008,2023-11-06,CLE,MEM,False,False,20.5,7,3,5,1,0,2,1,1,1,True
SYN0005,Synthetic Player 005,2023-24,2023-24_CLE_009,2023-11-08,CLE,MIA,True,True,30.7,15,3,8,1,0,2,1,2,2,True
SYN0005,Synthetic Player 005,2023-24,2023-24_CLE_010,2023-11-10,CLE,MIL,False,True,25.1,12,3,5,1,0,2,1,2,1,True
SYN0005,Synthetic Player 005,2023-24,2023-24_CLE_011,2023-11-12,CLE,MIN,True,False,23.5,15,3,5,1,0,2,1,1,1,True
SYN0005,Synthetic Player 005,2023-24,2023-24_CLE_012,2023-11-14,CLE,NOP,False,False,18.4,10,2,4,0,0,2,1,2,1,True
SYN0005,Synthetic Player 005,2023-24,2023-24_CLE_013,2023-11-16,CLE,NYK,True,True,29.9,13,3,6,1,0,3,2,1,2,True
SYN0005,Synthetic Player 005,2023-24,2023-24_CLE_014,2023-11-18,CLE,OKC,False,False,23.0,18,2,5,1,0,2,1,2,2,True
SYN0005,Synthetic Player 005,2023-24,2023-24_CLE_015,2023-11-20,CLE,ORL,True,True,31.8,15,3,5,2,0,3,2,3,1,True
SYN0005,Synthetic Player 005,2023-24,2023-24_CLE_016,2023-11-21,CLE,PHI,False,True,25.5,17,2,7,1,0,2,2,2,1,True
SYN0005,Synthetic Player 005,2023-24,2023-24_CLE_017,2023-11-22,CLE,PHX,True,True,30.3,7,5,4,1,0,3,2,1,0,True
SYN0005,Synthetic Player 005,2023-24,2023-24_CLE_018,2023-11-25,CLE,POR,False,True,26.7,14,3,9,1,0,2,1,4,1,True
SYN0005,Synthetic Player 005,2023-24,2023-24_CLE_019,2023-11-27,CLE,SAC,True,False,19.1,14,2,4,1,0,2,1,2,1,True
SYN0005,Synthetic Player 005,2023-24,2023-24_CLE_020,2023-11-29,CLE,SAS,False,True,24.9,12,2,5,1,0,3,1,3,1,True
SYN0005,Synthetic Player 005,2023-24,2023-24_CLE_021,2023-12-01,CLE,TOR,True,True,33.8,16,4,5,2,0,3,2,3,2,True
SYN0005,Synthetic Player 005,2023-24,2023-24_CLE_022,2023-12-03,CLE,UTA,False,True,26.8,14,3,4,1,0,2,1,3,2,True
SYN0005,Synthetic Player 005,2023-24,2023-24_CLE_024,2023-12-07,CLE,ATL,False,True,28.1,15,3,5,1,0,2,1,2,1,True
SYN0005,Synthetic Player 005,2023-24,2023-24_CLE_025,2023-12-09,CLE,BOS,True,True,27.5,11,3,8,2,0,2,1,2,2,True
SYN0005,Synthetic Player 005,2023-24,2023-24_CLE_026,2023-12-11,CLE,BKN,False,True,24.4,11,2,7,1,0,2,1,1,1,True
SYN0005,Synthetic Player 005,2023-24,2023-24_CLE_027,2023-12-12,CLE,CHA,True,True,25.4,10,3,5,1,0,2,2,2,1,True
SYN0005,Synthetic Player 005,2023-24,2023-24_CLE_028,2023-12-14,CLE,CHI,False,True,29.9,15,3,7,2,0,3,1,2,1,True
SYN0005,Synthetic Player 005,2023-24,2023-24_CLE_029,2023-12-17,CLE,CLE,True,False,20.9,8,3,5,1,0,2,1,1,1,True
SYN0005,Synthetic Player 005,2023-24,2023-24_CLE_032,2023-12-21,CLE,DET,False,False,21.4,11,2,5,1,0,2,1,2,2,True
SYN0005,Synthetic Player 005,2023-24,2023-24_CLE_033,2023-12-23,CLE,GSW,True,True,27.8,12,2,6,1,0,2,2,1,2,True
SYN0005,Synthetic Player 005,2023-24,2023-24_CLE_034,2023-12-24,CLE,HOU,False,True,24.2,8,3,6,1,0,2,1,1,1,True
SYN0005,Synthetic Player 005,2023-24,2023-24_CLE_035,2023-12-26,CLE,IND,True,True,29.6,16,2,8,1,0,3,1,2,1,True
SYN0005,Synthetic Player 005,2023-24,2023-24_CLE_036,2023-12-28,CLE,LAC,False,True,31.1,25,3,6,1,0,3,2,4,4,True
SYN0005,Synthetic Player 005,2023-24,2023-24_CLE_037,2023-12-30,CLE,LAL,True,False,21.7,11,2,5,1,0,1,1,2,1,True
SYN0005,Synthetic Player 005,2023-24,2023-24_CLE_038,2024-01-01,CLE,MEM,False,True,25.3,11,3,4,1,0,2,1,1,1,True
SYN0005,Synthetic Player 005,2023-24,2023-24_CLE_039,2024-01-03,CLE,MIA,True,True,29.5,13,4,8,1,0,3,2,3,1,True
SYN0005,Synthetic Player 005,2023-24,2023-24_CLE_040,2024-01-05,CLE,MIL,False,True,28.7,9,3,9,1,0,3,2,2,1,True
SYN0005,Synthetic Player 005,2023-24,2023-24_CLE_041,2024-01-07,CLE,MIN,True,True,26.9,20,4,5,1,0,2,2,3,3,True
SYN0005,Synthetic Player 005,2023-24,2023-24_CLE_042,2024-01-09,CLE,NOP,False,True,24.2,10,3,4,1,0,2,1,2,1,True
SYN0005,Synthetic Player 005,2023-24,2023-24_CLE_043,2024-01-10,CLE,NYK,True,True,31.8,17,4,6,2,0,3,2,2,2,True
SYN0005,Synthetic Player 005,2023-24,2023-24_CLE_044,2024-01-12,CLE,OKC,False,True,25.3,11,3,6,1,0,2,2,2,1,True
SYN0005,Synthetic Player 005,2023-24,2023-24_CLE_045,2024-01-13,CLE,ORL,True,True,25.4,13,3,5,1,0,2,1,1,1,True
SYN0005,Synthetic Player 005,2023-24,2023-24_CLE_046,2024-01-15,CLE,PHI,False,True,27.0,11,3,5,1,0,2,1,1,2,True
SYN0005,Synthetic Player 005,2023-24,2023-24_CLE_047,2024-01-17,CLE,PHX,True,True,26.4,12,2,7,2,0,2,2,2,1,True
SYN0005,Synthetic Player 005,2023-24,2023-24_CLE_048,2024-01-18,CLE,POR,False,True,28.1,17,2,6,1,0,2,2,3,2,True
SYN0005,Synthetic Player 005,2023-24,2023-24_CLE_049,2024-01-21,CLE,SAC,True,False,19.5,9,3,5,0,0,2,1,1,1,True
SYN0005,Synthetic Player 005,2023-24,2023-24_CLE_050,2024-01-22,CLE,SAS,False,False,22.6,13,3,5,1,0,2,1,2,1,True
SYN0005,Synthetic Player 005,2023-24,2023-24_CLE_051,2024-01-23,CLE,TOR,True,True,30.7,16,4,4,1,0,3,1,3,2,True
SYN0005,Synthetic Player 005,2023-24,2023-24_CLE_052,2024-01-25,CLE,UTA,False,False,20.5,17,2,3,1,0,2,1,2,1,True
SYN0005,Synthetic Player 005,2023-24,2023-24_CLE_053,2024-01-26,CLE,WAS,True,False,21.8,10,2,5,1,0,1,1,1,1,True
SYN0005,Synthetic Player 005,2023-24,2023-24_CLE_054,2024-01-28,CLE,ATL,False,True,29.4,24,3,6,1,0,2,1,4,2,True
SYN0005,Synthetic Player 005,2023-24,2023-24_CLE_055,2024-01-30,CLE,BOS,True,True,27.4,11,3,7,1,0,2,2,2,1,True
SYN0005,Synthetic Player 005,2023-24,2023-24_CLE_056,2024-02-01,CLE,BKN,False,True,26.9,12,3,6,1,0,2,1,2,1,True
SYN0005,Synthetic Player 005,2023-24,2023-24_CLE_057,2024-02-04,CLE,CHA,True,False,23.1,17,3,5,1,0,2,1,1,3,True
SYN0005,Synthetic Player 005,2023-24,2023-24_CLE_058,2024-02-06,CLE,CHI,False,True,31.3,15,4,7,2,0,2,2,3,2,True
SYN0005,Synthetic Player 005,2023-24,2023-24_CLE_059,2024-02-08,CLE,CLE,True,True,24.4,17,3,5,1,0,2,1,3,2,True
SYN0005,Synthetic Player 005,2023-24,2023-24_CLE_060,2024-02-09,CLE,DAL,False,False,23.3,11,2,3,1,0,2,1,1,1,True
SYN0005,Synthetic Player 005,2023-24,2023-24_CLE_061,2024-02-11,CLE,DEN,True,True,31.4,15,4,7,2,0,3,2,2,2,True
SYN0005,Synthetic Player 005,2023-24,2023-24_CLE_062,2024-02-13,CLE,DET,False,True,26.3,7,3,4,1,0,2,2,1,1,True
SYN0005,Synthetic Player 005,2023-24,2023-24_CLE_063,2024-02-14,CLE,GSW,True,True,32.1,12,2,4,1,0,2,2,2,1,True
SYN0005,Synthetic Player 005,2023-24,2023-24_CLE_064,2024-02-17,CLE,HOU,False,False,19.6,10,2,3,1,0,1,1,2,1,True
SYN0005,Synthetic Player 005,2023-24,2023-24_CLE_065,2024-02-19,CLE,IND,True,False,23.8,9,3,4,1,0,2,2,2,1,True
SYN0005,Synthetic Player 005,2023-24,2023-24_CLE_066,2024-02-20,CLE,LAC,False,True,26.5,12,3,10,1,0,2,1,2,1,True
SYN0005,Synthetic Player 005,2023-24,2023-24_CLE_067,2024-02-21,CLE,LAL,True,True,25.5,12,3,6,1,0,2,1,2,1,True
SYN0005,Synthetic Player 005,2023-24,2023-24_CLE_068,2024-02-23,CLE,MEM,False,False,23.5,11,4,4,1,0,2,1,2,1,True
SYN0005,Synthetic Player 005,2023-24,2023-24_CLE_069,2024-02-25,CLE,MIA,True,True,31.6,13,3,6,3,0,3,1,2,2,True
SYN0005,Synthetic Player 005,2023-24,2023-24_CLE_070,2024-02-27,CLE,MIL,False,True,24.5,21,3,8,1,0,2,1,3,3,True
SYN0005,Synthetic Player 005,2023-24,2023-24_CLE_071,2024-02-29,CLE,MIN,True,False,22.0,12,3,3,1,0,2,1,2,3,True
SYN0005,Synthetic Player 005,2023-24,2023-24_CLE_072,2024-03-01,CLE,NOP,False,True,25.6,16,2,6,1,0,2,2,3,1,True
SYN0005,Synthetic Player 005,2023-24,2023-24_CLE_073,2024-03-03,CLE,NYK,True,True,25.8,21,2,6,2,0,2,1,4,3,True
SYN0005,Synthetic Player 005,2023-24,2023-24_CLE_074,2024-03-04,CLE,OKC,False,True,28.9,16,4,5,2,0,3,1,2,2,True
SYN0005,Synthetic Player 005,2023-24,2023-24_CLE_075,2024-03-06,CLE,ORL,True,True,24.5,11,3,3,1,0,1,1,2,1,True
SYN0005,Synthetic Player 005,2023-24,2023-24_CLE_076,2024-03-08,CLE,PHI,False,True,32.1,17,2,9,1,0,2,2,2,2,True
SYN0005,Synthetic Player 005,2023-24,2023-24_CLE_077,2024-03-10,CLE,PHX,True,True,35.0,19,3,9,1,0,3,2,3,4,True
SYN0005,Synthetic Player 005,2023-24,2023-24_CLE_078,2024-03-11,CLE,POR,False,False,22.2,11,3,4,1,0,2,1,2,1,True
SYN0005,Synthetic Player 005,2023-24,2023-24_CLE_079,2024-03-13,CLE,SAC,True,True,27.9,16,4,6,1,0,3,2,3,2,True
SYN0005,Synthetic Player 005,2023-24,2023-24_CLE_080,2024-03-15,CLE,SAS,False,True,34.4,15,4,8,1,0,3,2,2,2,True
SYN0005,Synthetic Player 005,2023-24,2023-24_CLE_081,2024-03-17,CLE,TOR,True,True,30.5,25,3,3,1,0,2,2,3,2,True
SYN0006,Synthetic Player 006,2023-24,2023-24_DAL_000,2023-10-21,DAL,DEN,False,False,23.5,9,2,1,1,0,1,1,1,1,True
SYN0006,Synthetic Player 006,2023-24,2023-24_DAL_001,2023-10-22,DAL,DET,True,True,31.8,12,2,3,1,0,1,2,2,1,True
SYN0006,Synthetic Player 006,2023-24,2023-24_DAL_002,2023-10-24,DAL,GSW,False,True,27.2,14,3,2,1,0,2,1,3,3,True
SYN0006,Synthetic Player 006,2023-24,2023-24_DAL_003,2023-10-26,DAL,HOU,True,True,27.5,12,3,2,1,0,2,1,2,1,True
SYN0006,Synthetic Player 006,2023-24,2023-24_DAL_004,2023-10-28,DAL,IND,False,True,30.5,10,3,2,1,0,2,2,2,2,True
SYN0006,Synthetic Player 006,2023-24,2023-24_DAL_005,2023-10-29,DAL,LAC,True,True,31.2,14,3,3,1,0,2,2,2,2,True
SYN0006,Synthetic Player 006,2023-24,2023-24_DAL_006,2023-10-31,DAL,LAL,False,True,29.3,17,3,3,1,0,2,1,3,2,True
SYN0006,Synthetic Player 006,2023-24,2023-24_DAL_007,2023-11-02,DAL,MEM,True,True,34.1,19,3,1,1,0,2,2,3,2,True
SYN0006,Synthetic Player 006,2023-24,2023-24_DAL_008,2023-11-04,DAL,MIA,False,True,34.3,17,4,3,1,1,1,2,3,2,True
SYN0006,Synthetic Player 006,2023-24,2023-24_DAL_009,2023-11-06,DAL,MIL,True,True,27.8,9,4,2,1,0,1,2,2,1,True
SYN0006,Synthetic Player 006,2023-24,2023-24_DAL_010,2023-11-09,DAL,MIN,False,True,27.9,10,3,3,1,0,2,2,2,1,True
SYN0006,Synthetic Player 006,2023-24,2023-24_DAL_011,2023-11-11,DAL,NOP,True,True,34.3,20,3,4,1,0,2,2,3,3,True
SYN0006,Synthetic Player 006,2023-24,2023-24_DAL_012,2023-11-13,DAL,NYK,False,True,26.2,12,3,2,1,0,2,2,1,1,True
SYN0006,Synthetic Player 006,2023-24,2023-24_DAL_013,2023-11-14,DAL,OKC,True,True,34.1,10,3,3,1,0,2,2,2,2,True
SYN0006,Synthetic Player 006,2023-24,2023-24_DAL_014,2023-11-16,DAL,ORL,False,True,29.9,12,3,3,1,0,1,2,2,1,True
SYN0006,Synthetic Player 006,2023-24,2023-24_DAL_015,2023-11-17,DAL,PHI,True,True,26.9,10,3,3,1,0,1,1,1,1,True
SYN0006,Synthetic Player 006,2023-24,2023-24_DAL_016,2023-11-19,DAL,PHX,False,True,34.0,18,4,2,1,0,2,2,3,1,True
SYN0006,Synthetic Player 006,2023-24,2023-24_DAL_017,2023-11-20,DAL,POR,True,True,29.2,10,4,2,1,0,1,2,1,1,True
SYN0006,Synthetic Player 006,2023-24,2023-24_DAL_018,2023-11-22,DAL,SAC,False,True,36.9,26,4,3,2,0,2,2,4,4,True
SYN0006,Synthetic Player 006,2023-24,2023-24_DAL_019,2023-11-24,DAL,SAS,True,True,35.2,15,4,3,1,1,1,2,2,2,True
SYN0006,Synthetic Player 006,2023-24,2023-24_DAL_020,2023-11-25,DAL,TOR,False,True,31.2,17,4,3,2,0,2,2,2,3,True
SYN0006,Synthetic Player 006,2023-24,2023-24_DAL_033,2023-12-16,DAL,HOU,True,True,30.0,11,3,2,1,0,2,2,2,2,True
SYN0006,Synthetic Player 006,2023-24,2023-24_DAL_034,2023-12-19,DAL,IND,False,True,24.3,13,2,2,1,0,1,2,2,2,True
SYN0006,Synthetic Player 006,2023-24,2023-24_DAL_035,2023-12-20,DAL,LAC,True,True,26.3,12,3,3,1,0,1,2,3,1,True
SYN0006,Synthetic Player 006,2023-24,2023-24_DAL_036,2023-12-22,DAL,LAL,False,True,28.7,10,3,1,1,0,2,2,1,2,True
SYN0006,Synthetic Player 006,2023-24,2023-24_DAL_037,2023-12-23,DAL,MEM,True,False,19.1,8,2,1,1,0,1,1,1,1,True
SYN0006,Synthetic Player 006,2023-24,2023-24_DAL_038,2023-12-26,DAL,MIA,False,False,23.6,14,2,2,1,0,1,2,3,2,True
SYN0006,Synthetic Player 006,2023-24,2023-24_DAL_039,2023-12-27,DAL,MIL,True,True,29.2,7,3,1,1,0,2,2,1,1,True
SYN0006,Synthetic Player 006,2023-24,2023-24_DAL_040,2023-12-29,DAL,MIN,False,True,34.1,16,3,3,1,0,2,2,2,2,True
SYN0006,Synthetic Player 006,2023-24,2023-24_DAL_041,2023-12-31,DAL,NOP,True,True,28.3,12,3,2,1,0,2,2,3,2,True
SYN0006,Synthetic Player 006,2023-24,2023-24_DAL_042,2024-01-01,DAL,NYK,False,True,31.5,20,3,3,1,0,2,2,4,2,True
SYN0006,Synthetic Player 006,2023-24,2023-24_DAL_043,2024-01-03,DAL,OKC,True,True,32.5,18,3,2,1,0,1,2,4,2,True
SYN0006,Synthetic Player 006,2023-24,2023-24_DAL_044,2024-01-05,DAL,ORL,False,True,26.6,13,3,1,1,0,1,2,2,2,True
SYN0006,Synthetic Player 006,2023-24,2023-24_DAL_045,2024-01-07,DAL,PHI,True,True,31.5,7,2,2,1,0,1,2,2,1,True
SYN0006,Synthetic Player 006,2023-24,2023-24_DAL_046,2024-01-09,DAL,PHX,False,True,35.3,19,3,3,2,0,1,2,3,2,True
SYN0006,Synthetic Player 006,2023-24,2023-24_DAL_047,2024-01-11,DAL,POR,True,True,28.9,18,3,3,1,0,2,2,3,2,True
SYN0006,Synthetic Player 006,2023-24,2023-24_DAL_048,2024-01-13,DAL,SAC,False,True,28.0,10,2,2,1,1,1,2,1,1,True
SYN0006,Synthetic Player 006,2023-24,2023-24_DAL_049,2024-01-14,DAL,SAS,True,True,33.1,13,4,2,1,0,2,2,3,1,True
SYN0006,Synthetic Player 006,2023-24,2023-24_DAL_050,2024-01-16,DAL,TOR,False,True,24.3,11,3,1,1,0,2,1,2,2,True
SYN0006,Synthetic Player 006,2023-24,2023-24_DAL_053,2024-01-22,DAL,ATL,True,True,31.5,11,4,2,1,0,2,2,2,1,True
SYN0006,Synthetic Player 006,2023-24,2023-24_DAL_054,2024-01-23,DAL,BOS,False,True,32.3,15,4,2,1,1,1,2,2,3,True
SYN0006,Synthetic Player 006,2023-24,2023-24_DAL_058,2024-01-29,DAL,CLE,False,True,29.0,14,3,1,1,0,2,2,3,1,True
SYN0006,Synthetic Player 006,2023-24,2023-24_DAL_059,2024-01-31,DAL,DAL,True,True,28.6,17,3,2,1,0,2,2,3,1,True
SYN0006,Synthetic Player 006,2023-24,2023-24_DAL_060,2024-02-02,DAL,DEN,False,True,27.9,12,3,2,1,0,2,1,1,2,True
SYN0006,Synthetic Player 006,2023-24,2023-24_DAL_061,2024-02-04,DAL,DET,True,False,22.7,10,2,2,1,0,1,1,2,1,True
SYN0006,Synthetic Player 006,2023-24,2023-24_DAL_062,2024-02-07,DAL,GSW,False,True,28.0,11,2,2,1,1,2,2,2,1,True
SYN0006,Synthetic Player 006,2023-24,2023-24_DAL_063,2024-02-09,DAL,HOU,True,True,30.7,11,3,3,1,0,2,2,2,2,True
SYN0006,Synthetic Player 006,2023-24,2023-24_DAL_064,2024-02-11,DAL,IND,False,True,28.7,16,4,3,1,0,2,2,2,3,True
SYN0006,Synthetic Player 006,2023-24,2023-24_DAL_065,2024-02-14,DAL,LAC,True,True,27.7,15,3,2,1,0,1,1,1,2,True
SYN0006,Synthetic Player 006,2023-24,2023-24_DAL_066,2024-02-15,DAL,LAL,False,True,27.5,9,3,3,1,0,2,2,1,1,True
SYN0006,Synthetic Player 006,2023-24,2023-24_DAL_067,2024-02-16,DAL,MEM,True,True,30.7,15,4,2,1,0,1,2,4,1,True
SYN0006,Synthetic Player 006,2023-24,2023-24_DAL_068,2024-02-17,DAL,MIA,False,True,27.1,11,2,2,1,0,2,2,1,1,True
SYN0006,Synthetic Player 006,2023-24,2023-24_DAL_069,2024-02-19,DAL,MIL,True,True,34.1,26,4,4,1,0,2,2,4,3,True
SYN0006,Synthetic Player 006,2023-24,2023-24_DAL_070,2024-02-20,DAL,MIN,False,True,26.7,10,3,2,1,0,1,2,2,1,True
SYN0006,Synthetic Player 006,2023-24,2023-24_DAL_071,2024-02-22,DAL,NOP,True,True,30.0,13,3,2,1,1,2,2,4,2,True
SYN0006,Synthetic Player 006,2023-24,2023-24_DAL_072,2024-02-23,DAL,NYK,False,False,21.7,11,3,2,1,0,1,1,1,2,True
SYN0006,Synthetic Player 006,2023-24,2023-24_DAL_073,2024-02-24,DAL,OKC,True,True,26.7,11,2,3,1,0,1,2,2,2,True
SYN0006,Synthetic Player 006,2023-24,2023-24_DAL_074,2024-02-26,DAL,ORL,False,True,30.9,12,3,2,1,0,2,2,1,2,True
SYN0006,Synthetic Player 006,2023-24,2023-24_DAL_075,2024-02-28,DAL,PHI,True,True,24.8,12,3,2,0,0,2,2,2,2,True
SYN0006,Synthetic Player 006,2023-24,2023-24_DAL_076,2024-02-29,DAL,PHX,False,True,27.1,8,2,2,1,0,1,1,1,1,True
SYN0006,Synthetic Player 006,2023-24,2023-24_DAL_077,2024-03-02,DAL,POR,True,True,27.2,18,3,2,1,0,2,2,3,2,True
SYN0006,Synthetic Player 006,2023-24,2023-24_DAL_078,2024-03-04,DAL,SAC,False,True,26.2,16,3,2,1,0,1,1,3,2,True
SYN0006,Synthetic Player 006,2023-24,2023-24_DAL_079,2024-03-06,DAL,SAS,True,True,28.9,14,3,1,1,0,1,2,2,2,True
SYN0006,Synthetic Player 006,2023-24,2023-24_DAL_080,2024-03-07,DAL,TOR,False,True,28.1,10,3,2,1,0,2,2,2,1,True
SYN0006,Synthetic Player 006,2023-24,2023-24_DAL_081,2024-03-08,DAL,UTA,True,True,29.9,10,3,2,1,0,2,2,1,1,True
SYN0007,Synthetic Player 007,2023-24,2023-24_DEN_000,2023-10-22,DEN,DET,False,True,27.0,15,5,4,1,0,1,2,2,2,True
SYN0007,Synthetic Player 007,2023-24,2023-24_DEN_001,2023-10-24,DEN,GSW,True,False,12.5,7,2,1,0,0,1,1,1,1,True
SYN0007,Synthetic Player 007,2023-24,2023-24_DEN_008,2023-11-03,DEN,MIL,False,False,23.5,12,5,3,1,0,1,1,2,1,True
SYN0007,Synthetic Player 007,2023-24,2023-24_DEN_009,2023-11-05,DEN,MIN,True,True,25.7,13,3,3,1,0,2,2,2,1,True
SYN0007,Synthetic Player 007,2023-24,2023-24_DEN_010,2023-11-07,DEN,NOP,False,False,13.9,11,3,2,0,0,1,1,2,1,True
SYN0007,Synthetic Player 007,2023-24,2023-24_DEN_011,2023-11-09,DEN,NYK,True,True,24.9,13,3,3,1,0,1,2,2,2,True
SYN0007,Synthetic Player 007,2023-24,2023-24_DEN_012,2023-11-11,DEN,OKC,False,False,16.5,8,4,2,1,0,1,1,1,1,True
SYN0007,Synthetic Player 007,2023-24,2023-24_DEN_013,2023-11-13,DEN,ORL,True,True,27.5,8,4,3,1,0,2,2,1,1,True
SYN0007,Synthetic Player 007,2023-24,2023-24_DEN_014,2023-11-14,DEN,PHI,False,False,23.2,9,3,3,1,0,1,1,1,1,True
SYN0007,Synthetic Player 007,2023-24,2023-24_DEN_018,2023-11-21,DEN,SAS,False,True,26.2,16,4,3,1,0,2,2,2,2,True
SYN0007,Synthetic Player 007,2023-24,2023-24_DEN_021,2023-11-27,DEN,WAS,True,False,23.9,17,5,3,1,0,1,1,3,2,True
SYN0007,Synthetic Player 007,2023-24,2023-24_DEN_022,2023-11-29,DEN,ATL,False,False,16.7,10,3,2,1,0,1,1,2,1,True
SYN0007,Synthetic Player 007,2023-24,2023-24_DEN_023,2023-12-01,DEN,BOS,True,False,15.7,11,3,3,0,0,1,1,1,1,True
SYN0007,Synthetic Player 007,2023-24,2023-24_DEN_024,2023-12-04,DEN,BKN,False,True,26.1,14,8,3,1,0,3,2,2,1,True
SYN0007,Synthetic Player 007,2023-24,2023-24_DEN_025,2023-12-06,DEN,CHA,True,False,14.1,9,2,1,0,0,1,1,2,1,True
SYN0007,Synthetic Player 007,2023-24,2023-24_DEN_026,2023-12-08,DEN,CHI,False,True,26.7,17,5,5,1,1,1,2,3,2,True
SYN0007,Synthetic Player 007,2023-24,2023-24_DEN_027,2023-12-10,DEN,CLE,True,False,17.3,14,3,2,0,0,1,1,3,2,True
SYN0007,Synthetic Player 007,2023-24,2023-24_DEN_028,2023-12-11,DEN,DAL,False,True,25.1,15,4,4,1,0,2,2,2,2,True
SYN0007,Synthetic Player 007,2023-24,2023-24_DEN_029,2023-12-14,DEN,DEN,True,False,20.2,15,4,3,1,0,1,1,3,2,True
SYN0007,Synthetic Player 007,2023-24,2023-24_DEN_031,2023-12-18,DEN,GSW,True,False,21.4,15,4,2,1,0,2,2,1,2,True
SYN0007,Synthetic Player 007,2023-24,2023-24_DEN_032,2023-12-19,DEN,HOU,False,False,19.4,9,5,2,1,0,1,1,1,1,True
SYN0007,Synthetic Player 007,2023-24,2023-24_DEN_033,2023-12-22,DEN,IND,True,False,17.0,12,3,3,0,0,1,1,1,2,True
SYN0007,Synthetic Player 007,2023-24,2023-24_DEN_034,2023-12-23,DEN,LAC,False,True,29.2,16,3,3,1,1,1,2,3,2,True
SYN0007,Synthetic Player 007,2023-24,2023-24_DEN_035,2023-12-25,DEN,LAL,True,False,15.8,15,3,2,0,0,1,1,2,2,True
SYN0007,Synthetic Player 007,2023-24,2023-24_DEN_036,2023-12-26,DEN,MEM,False,False,11.9,11,2,1,0,0,1,1,2,1,True
SYN0007,Synthetic Player 007,2023-24,2023-24_DEN_037,2023-12-28,DEN,MIA,True,False,19.2,10,3,2,0,0,1,1,1,1,True
SYN0007,Synthetic Player 007,2023-24,2023-24_DEN_038,2023-12-30,DEN,MIL,False,False,14.1,6,2,2,1,0,1,1,1,1,True
SYN0007,Synthetic Player 007,2023-24,2023-24_DEN_042,2024-01-06,DEN,OKC,False,True,24.3,15,5,3,1,0,2,2,2,2,True
SYN0007,Synthetic Player 007,2023-24,2023-24_DEN_043,2024-01-08,DEN,ORL,True,False,24.0,14,4,3,1,0,1,2,3,2,True
SYN0007,Synthetic Player 007,2023-24,2023-24_DEN_044,2024-01-11,DEN,PHI,False,False,18.1,9,4,2,1,0,1,1,2,1,True
SYN0007,Synthetic Player 007,2023-24,2023-24_DEN_045,2024-01-13,DEN,PHX,True,False,21.0,10,4,1,1,1,1,1,1,1,True
SYN0007,Synthetic Player 007,2023-24,2023-24_DEN_046,2024-01-14,DEN,POR,False,True,27.9,20,6,4,1,0,2,2,3,2,True
SYN0007,Synthetic Player 007,2023-24,2023-24_DEN_047,2024-01-16,DEN,SAC,True,True,24.0,12,4,3,1,0,1,1,2,2,True
SYN0007,Synthetic Player 007,2023-24,2023-24_DEN_048,2024-01-18,DEN,SAS,False,True,28.0,9,3,4,1,0,2,2,2,1,True
SYN0007,Synthetic Player 007,2023-24,2023-24_DEN_051,2024-01-24,DEN,WAS,True,False,17.1,11,3,3,1,0,1,1,2,2,True
SYN0007,Synthetic Player 007,2023-24,2023-24_DEN_052,2024-01-25,DEN,ATL,False,False,16.7,12,3,3,1,0,1,1,2,1,True
SYN0007,Synthetic Player 007,2023-24,2023-24_DEN_053,2024-01-28,DEN,BOS,True,False,23.1,10,5,3,1,0,1,1,1,2,True
SYN0007,Synthetic Player 007,2023-24,2023-24_DEN_054,2024-01-30,DEN,BKN,False,True,27.3,18,4,3,1,0,2,2,3,3,True
SYN0007,Synthetic Player 007,2023-24,2023-24_DEN_055,2024-01-31,DEN,CHA,True,False,15.0,8,2,2,1,0,1,1,1,1,True
SYN0007,Synthetic Player 007,2023-24,2023-24_DEN_056,2024-02-01,DEN,CHI,False,False,23.3,21,4,3,1,0,2,1,4,2,True
SYN0007,Synthetic Player 007,2023-24,2023-24_DEN_057,2024-02-03,DEN,CLE,True,True,24.5,12,5,4,1,0,2,2,1,2,True
SYN0007,Synthetic Player 007,2023-24,2023-24_DEN_058,2024-02-05,DEN,DAL,False,True,27.6,17,6,2,1,0,2,2,3,2,True
SYN0007,Synthetic Player 007,2023-24,2023-24_DEN_059,2024-02-07,DEN,DEN,True,False,20.1,12,2,3,1,0,1,1,1,1,True
SYN0007,Synthetic Player 007,2023-24,2023-24_DEN_060,2024-02-10,DEN,DET,False,False,18.3,12,2,4,0,0,2,1,1,1,True
SYN0007,Synthetic Player 007,2023-24,2023-24_DEN_062,2024-02-13,DEN,HOU,False,False,15.8,9,3,2,0,0,1,1,2,1,True
SYN0007,Synthetic Player 007,2023-24,2023-24_DEN_063,2024-02-16,DEN,IND,True,False,24.0,16,4,3,1,0,2,1,4,2,True
SYN0007,Synthetic Player 007,2023-24,2023-24_DEN_064,2024-02-18,DEN,LAC,False,False,21.0,8,4,1,1,0,2,1,2,1,True
SYN0007,Synthetic Player 007,2023-24,2023-24_DEN_065,2024-02-20,DEN,LAL,True,False,14.5,12,3,2,1,0,1,1,2,1,True
SYN0007,Synthetic Player 007,2023-24,2023-24_DEN_073,2024-03-07,DEN,ORL,True,True,25.5,14,5,3,1,0,2,2,2,2,True
SYN0007,Synthetic Player 007,2023-24,2023-24_DEN_074,2024-03-09,DEN,PHI,False,False,16.3,8,4,2,1,0,1,1,1,1,True
SYN0007,Synthetic Player 007,2023-24,2023-24_DEN_075,2024-03-12,DEN,PHX,True,False,23.6,17,6,5,1,0,1,1,4,1,True
SYN0007,Synthetic Player 007,2023-24,2023-24_DEN_076,2024-03-14,DEN,POR,False,False,21.9,19,3,3,1,0,1,1,3,2,True
SYN0007,Synthetic Player 007,2023-24,2023-24_DEN_077,2024-03-16,DEN,SAC,True,True,27.2,20,5,3,1,0,2,2,5,2,True
SYN0007,Synthetic Player 007,2023-24,2023-24_DEN_078,2024-03-18,DEN,SAS,False,False,22.8,16,3,2,1,0,2,1,2,2,True
SYN0007,Synthetic Player 007,2023-24,2023-24_DEN_079,2024-03-20,DEN,TOR,True,False,14.8,12,2,2,0,0,2,1,2,1,True
SYN0007,Synthetic Player 007,2023-24,2023-24_DEN_080,2024-03-22,DEN,UTA,False,False,17.5,6,3,2,1,0,1,1,2,1,True
SYN0007,Synthetic Player 007,2023-24,2023-24_DEN_081,2024-03-23,DEN,WAS,True,False,19.6,17,4,4,1,0,1,1,3,2,True
SYN0008,Synthetic Player 008,2023-24,2023-24_DET_000,2023-10-23,DET,GSW,False,False,21.9,5,4,2,1,1,1,2,1,0,True
SYN0008,Synthetic Player 008,2023-24,2023-24_DET_001,2023-10-25,DET,HOU,True,True,28.3,12,5,2,1,1,1,2,2,1,True
SYN0008,Synthetic Player 008,2023-24,2023-24_DET_002,2023-10-27,DET,IND,False,False,19.2,4,4,1,1,1,1,1,1,0,True
SYN0008,Synthetic Player 008,2023-24,2023-24_DET_003,2023-10-29,DET,LAC,True,True,24.5,5,7,2,1,1,1,1,1,0,True
SYN0008,Synthetic Player 008,2023-24,2023-24_DET_004,2023-10-31,DET,LAL,False,True,31.1,13,7,4,1,1,2,3,2,1,True
SYN0008,Synthetic Player 008,2023-24,2023-24_DET_005,2023-11-01,DET,MEM,True,False,17.6,6,4,1,0,0,1,1,1,0,True
SYN0008,Synthetic Player 008,2023-24,2023-24_DET_006,2023-11-03,DET,MIA,False,False,10.4,3,2,1,0,0,1,1,0,0,True
SYN0008,Synthetic Player 008,2023-24,2023-24_DET_007,2023-11-05,DET,MIL,True,True,26.3,10,3,1,1,1,1,2,1,1,True
SYN0008,Synthetic Player 008,2023-24,2023-24_DET_009,2023-11-07,DET,NOP,True,False,20.8,4,4,1,1,1,1,1,0,0,True
SYN0008,Synthetic Player 008,2023-24,2023-24_DET_010,2023-11-08,DET,NYK,False,False,20.9,7,3,1,0,1,1,1,2,0,True
SYN0008,Synthetic Player 008,2023-24,2023-24_DET_011,2023-11-10,DET,OKC,True,False,19.6,4,3,1,0,1,1,1,1,0,True
SYN0008,Synthetic Player 008,2023-24,2023-24_DET_012,2023-11-13,DET,ORL,False,False,22.8,8,7,2,1,1,1,1,2,1,True
SYN0008,Synthetic Player 008,2023-24,2023-24_DET_013,2023-11-14,DET,PHI,True,False,16.1,6,2,1,0,0,1,1,0,1,True
SYN0008,Synthetic Player 008,2023-24,2023-24_DET_014,2023-11-16,DET,PHX,False,False,20.2,8,4,1,0,1,1,1,1,1,True
SYN0008,Synthetic Player 008,2023-24,2023-24_DET_015,2023-11-18,DET,POR,True,True,26.8,8,7,2,1,1,1,2,1,1,True
SYN0008,Synthetic Player 008,2023-24,2023-24_DET_016,2023-11-20,DET,SAC,False,False,17.0,2,3,1,0,0,1,1,0,0,True
SYN0008,Synthetic Player 008,2023-24,2023-24_DET_017,2023-11-21,DET,SAS,True,False,15.2,6,3,1,0,1,1,1,1,0,True
SYN0008,Synthetic Player 008,2023-24,2023-24_DET_018,2023-11-24,DET,TOR,False,False,16.6,11,2,1,1,0,1,1,2,1,True
SYN0008,Synthetic Player 008,2023-24,2023-24_DET_019,2023-11-26,DET,UTA,True,True,25.3,5,3,1,1,1,1,2,1,0,True
SYN0008,Synthetic Player 008,2023-24,2023-24_DET_020,2023-11-27,DET,WAS,False,True,26.4,8,6,2,1,1,1,2,1,0,True
SYN0008,Synthetic Player 008,2023-24,2023-24_DET_021,2023-11-29,DET,ATL,True,False,18.2,6,4,1,0,1,1,1,1,1,True
SYN0008,Synthetic Player 008,2023-24,2023-24_DET_022,2023-12-02,DET,BOS,False,False,12.9,5,2,1,0,0,1,1,1,1,True
SYN0008,Synthetic Player 008,2023-24,2023-24_DET_023,2023-12-04,DET,BKN,True,True,26.6,14,6,2,1,1,1,2,2,1,True
SYN0008,Synthetic Player 008,2023-24,2023-24_DET_024,2023-12-06,DET,CHA,False,True,26.8,10,6,2,1,1,1,2,1,1,True
SYN0008,Synthetic Player 008,2023-24,2023-24_DET_026,2023-12-08,DET,CLE,False,False,15.2,4,2,1,0,1,1,1,1,0,True
SYN0008,Synthetic Player 008,2023-24,2023-24_DET_027,2023-12-10,DET,DAL,True,False,17.5,7,4,1,1,1,1,1,1,1,True
SYN0008,Synthetic Player 008,2023-24,2023-24_DET_028,2023-12-11,DET,DEN,False,False,21.2,7,4,3,1,0,2,2,1,0,True
SYN0008,Synthetic Player 008,2023-24,2023-24_DET_029,2023-12-14,DET,DET,True,False,15.1,4,3,1,0,0,1,1,1,0,True
SYN0008,Synthetic Player 008,2023-24,2023-24_DET_030,2023-12-16,DET,GSW,False,False,23.6,10,4,1,1,1,1,2,2,1,True
SYN0008,Synthetic Player 008,2023-24,2023-24_DET_034,2023-12-26,DET,LAL,False,False,21.1,8,5,2,1,0,2,2,1,1,True
SYN0008,Synthetic Player 008,2023-24,2023-24_DET_035,2023-12-28,DET,MEM,True,False,12.7,5,2,1,1,0,1,1,1,0,True
SYN0008,Synthetic Player 008,2023-24,2023-24_DET_036,2023-12-30,DET,MIA,False,False,20.7,11,8,2,0,1,1,1,1,1,True
SYN0008,Synthetic Player 008,2023-24,2023-24_DET_037,2024-01-01,DET,MIL,True,False,23.3,11,5,1,1,1,1,2,1,1,True
SYN0008,Synthetic Player 008,2023-24,2023-24_DET_038,2024-01-03,DET,MIN,False,False,17.7,8,3,1,1,0,1,1,1,0,True
SYN0008,Synthetic Player 008,2023-24,2023-24_DET_039,2024-01-05,DET,NOP,True,False,17.4,5,5,2,0,1,1,1,1,0,True
SYN0008,Synthetic Player 008,2023-24,2023-24_DET_040,2024-01-06,DET,NYK,False,False,21.9,8,4,2,0,1,1,2,1,1,True
SYN0008,Synthetic Player 008,2023-24,2023-24_DET_041,2024-01-07,DET,OKC,True,True,25.2,9,7,2,1,1,1,2,1,1,True
SYN0008,Synthetic Player 008,2023-24,2023-24_DET_042,2024-01-09,DET,ORL,False,False,21.5,10,4,2,1,1,1,1,2,1,True
SYN0008,Synthetic Player 008,2023-24,2023-24_DET_043,2024-01-10,DET,PHI,True,False,18.1,5,4,2,0,1,1,1,1,0,True
SYN0008,Synthetic Player 008,2023-24,2023-24_DET_044,2024-01-12,DET,PHX,False,False,19.4,5,6,2,0,1,2,2,1,0,True
SYN0008,Synthetic Player 008,2023-24,2023-24_DET_051,2024-01-23,DET,ATL,True,False,19.2,6,4,2,1,0,1,1,1,0,True
SYN0008,Synthetic Player 008,2023-24,2023-24_DET_052,2024-01-24,DET,BOS,False,True,25.3,8,4,2,1,0,1,2,1,1,True
SYN0008,Synthetic Player 008,2023-24,2023-24_DET_053,2024-01-25,DET,BKN,True,False,20.5,4,3,1,0,1,1,1,1,0,True
SYN0008,Synthetic Player 008,2023-24,2023-24_DET_054,2024-01-26,DET,CHA,False,False,15.7,4,3,1,1,0,1,1,0,0,True
SYN0008,Synthetic Player 008,2023-24,2023-24_DET_055,2024-01-27,DET,CHI,True,True,24.3,17,7,2,0,1,1,2,4,1,True
SYN0008,Synthetic Player 008,2023-24,2023-24_DET_056,2024-01-29,DET,CLE,False,True,24.1,5,4,2,1,1,2,2,1,1,True
SYN0008,Synthetic Player 008,2023-24,2023-24_DET_057,2024-01-31,DET,DAL,True,True,26.4,8,4,2,1,1,2,2,1,1,True
SYN0008,Synthetic Player 008,2023-24,2023-24_DET_058,2024-02-02,DET,DEN,False,True,25.9,8,2,1,1,0,1,2,1,0,True
SYN0008,Synthetic Player 008,2023-24,2023-24_DET_059,2024-02-03,DET,DET,True,False,20.8,7,4,2,0,1,1,1,1,0,True
SYN0008,Synthetic Player 008,2023-24,2023-24_DET_060,2024-02-05,DET,GSW,False,False,20.9,9,4,1,1,1,1,1,2,1,True
SYN0008,Synthetic Player 008,2023-24,2023-24_DET_061,2024-02-08,DET,HOU,True,False,21.5,8,5,2,1,0,1,2,2,1,True
SYN0008,Synthetic Player 008,2023-24,2023-24_DET_063,2024-02-11,DET,LAC,True,False,21.3,5,5,1,1,1,1,1,1,1,True
SYN0008,Synthetic Player 008,2023-24,2023-24_DET_064,2024-02-12,DET,LAL,False,False,15.4,4,3,1,0,0,1,1,0,0,True
SYN0008,Synthetic Player 008,2023-24,2023-24_DET_065,2024-02-13,DET,MEM,True,False,18.4,7,4,1,1,1,1,1,1,0,True
SYN0008,Synthetic Player 008,2023-24,2023-24_DET_066,2024-02-15,DET,MIA,False,False,22.7,5,6,1,1,1,2,1,1,0,True
SYN0008,Synthetic Player 008,2023-24,2023-24_DET_067,2024-02-16,DET,MIL,True,False,23.9,4,6,1,1,1,2,2,0,0,True
SYN0008,Synthetic Player 008,2023-24,2023-24_DET_068,2024-02-18,DET,MIN,False,False,16.5,3,3,2,1,1,1,1,1,0,True
SYN0008,Synthetic Player 008,2023-24,2023-24_DET_069,2024-02-20,DET,NOP,True,False,23.5,10,6,1,1,1,1,2,1,0,True
SYN0008,Synthetic Player 008,2023-24,2023-24_DET_070,2024-02-23,DET,NYK,False,False,14.8,6,3,1,0,0,1,1,1,0,True
SYN0008,Synthetic Player 008,2023-24,2023-24_DET_071,2024-02-25,DET,OKC,True,False,20.0,4,3,1,1,0,1,1,1,0,True
SYN0008,Synthetic Player 008,2023-24,2023-24_DET_074,2024-03-02,DET,PHX,False,False,20.8,10,3,2,1,1,1,1,2,1,True
SYN0008,Synthetic Player 008,2023-24,2023-24_DET_075,2024-03-04,DET,POR,True,False,15.1,4,2,1,0,0,1,1,1,0,True
SYN0008,Synthetic Player 008,2023-24,2023-24_DET_076,2024-03-05,DET,SAC,False,False,14.5,5,2,1,1,0,0,1,1,0,True
SYN0008,Synthetic Player 008,2023-24,2023-24_DET_077,2024-03-07,DET,SAS,True,False,18.5,6,3,1,0,0,1,1,1,0,True
SYN0008,Synthetic Player 008,2023-24,2023-24_DET_078,2024-03-09,DET,TOR,False,False,19.1,11,6,1,1,0,1,1,1,1,True
SYN0008,Synthetic Player 008,2023-24,2023-24_DET_079,2024-03-11,DET,UTA,True,True,28.3,9,6,4,0,1,1,2,2,0,True
SYN0008,Synthetic Player 008,2023-24,2023-24_DET_080,2024-03-13,DET,WAS,False,False,14.4,5,2,1,1,1,1,1,1,0,True
SYN0008,Synthetic Player 008,2023-24,2023-24_DET_081,2024-03-15,DET,ATL,True,False,16.0,5,4,1,0,0,1,1,1,0,True
SYN0009,Synthetic Player 009,2023-24,2023-24_GSW_000,2023-10-21,GSW,HOU,False,True,31.5,17,5,1,1,2,1,3,3,0,True
SYN0009,Synthetic Player 009,2023-24,2023-24_GSW_001,2023-10-23,GSW,IND,True,False,22.6,6,4,1,0,1,1,2,1,0,True
SYN0009,Synthetic Player 009,2023-24,2023-24_GSW_002,2023-10-24,GSW,LAC,False,False,18.3,5,5,1,0,1,1,2,1,0,True
SYN0009,Synthetic Player 009,2023-24,2023-24_GSW_003,2023-10-26,GSW,LAL,True,False,21.8,5,5,1,1,1,1,1,1,0,True
SYN0009,Synthetic Player 009,2023-24,2023-24_GSW_004,2023-10-27,GSW,MEM,False,False,21.2,3,5,1,1,1,1,2,0,0,True
SYN0009,Synthetic Player 009,2023-24,2023-24_GSW_005,2023-10-29,GSW,MIA,True,False,19.2,10,5,1,1,1,1,1,3,0,True
SYN0009,Synthetic Player 009,2023-24,2023-24_GSW_006,2023-10-31,GSW,MIL,False,False,19.7,5,6,1,0,1,1,2,1,0,True
SYN0009,Synthetic Player 009,2023-24,2023-24_GSW_007,2023-11-03,GSW,MIN,True,False,17.9,6,3,1,1,1,1,1,1,0,True
SYN0009,Synthetic Player 009,2023-24,2023-24_GSW_008,2023-11-05,GSW,NOP,False,True,24.9,6,8,1,0,2,1,2,1,0,True
SYN0009,Synthetic Player 009,2023-24,2023-24_GSW_009,2023-11-07,GSW,NYK,True,True,29.3,12,8,2,1,1,1,2,2,1,True
SYN0009,Synthetic Player 009,2023-24,2023-24_GSW_010,2023-11-08,GSW,OKC,False,False,18.0,9,3,2,0,0,1,2,1,0,True
SYN0009,Synthetic Player 009,2023-24,2023-24_GSW_013,2023-11-13,GSW,PHX,True,False,20.0,5,3,1,0,0,1,2,1,0,True
SYN0009,Synthetic Player 009,2023-24,2023-24_GSW_014,2023-11-15,GSW,POR,False,False,23.5,9,9,2,1,2,1,2,2,0,True
SYN0009,Synthetic Player 009,2023-24,2023-24_GSW_015,2023-11-16,GSW,SAC,True,True,26.1,10,5,2,1,1,1,2,1,0,True
SYN0009,Synthetic Player 009,2023-24,2023-24_GSW_019,2023-11-24,GSW,WAS,True,True,25.1,8,7,2,0,1,1,2,1,0,True
SYN0009,Synthetic Player 009,2023-24,2023-24_GSW_020,2023-11-27,GSW,ATL,False,False,21.2,6,5,2,0,1,1,2,1,0,True
SYN0009,Synthetic Player 009,2023-24,2023-24_GSW_021,2023-11-29,GSW,BOS,True,True,26.4,8,5,1,1,1,1,3,1,0,True
SYN0009,Synthetic Player 009,2023-24,2023-24_GSW_034,2023-12-19,GSW,MEM,False,False,21.5,5,6,1,0,2,1,2,1,0,True
SYN0009,Synthetic Player 009,2023-24,2023-24_GSW_035,2023-12-21,GSW,MIA,True,True,30.2,5,12,2,1,1,2,3,1,0,True
SYN0009,Synthetic Player 009,2023-24,2023-24_GSW_036,2023-12-23,GSW,MIL,False,True,25.3,12,3,1,1,2,2,2,3,0,True
SYN0009,Synthetic Player 009,2023-24,2023-24_GSW_037,2023-12-25,GSW,MIN,True,False,21.1,8,4,1,0,1,1,1,2,0,True
SYN0009,Synthetic Player 009,2023-24,2023-24_GSW_038,2023-12-27,GSW,NOP,False,False,18.8,6,5,1,0,1,1,2,1,0,True
SYN0009,Synthetic Player 009,2023-24,2023-24_GSW_039,2023-12-29,GSW,NYK,True,False,20.0,11,6,2,0,1,1,1,2,0,True
SYN0009,Synthetic Player 009,2023-24,2023-24_GSW_040,2023-12-30,GSW,OKC,False,True,28.0,6,5,1,1,1,1,2,1,0,True
SYN0009,Synthetic Player 009,2023-24,2023-24_GSW_041,2024-01-02,GSW,ORL,True,False,22.3,6,6,2,0,1,2,2,1,0,True
SYN0009,Synthetic Player 009,2023-24,2023-24_GSW_042,2024-01-04,GSW,PHI,False,False,21.7,10,5,2,0,2,1,2,2,0,True
SYN0009,Synthetic Player 009,2023-24,2023-24_GSW_043,2024-01-05,GSW,PHX,True,True,29.8,5,8,1,1,1,2,2,1,0,True
SYN0009,Synthetic Player 009,2023-24,2023-24_GSW_044,2024-01-06,GSW,POR,False,False,23.8,7,8,2,0,1,1,2,1,0,True
SYN0009,Synthetic Player 009,2023-24,2023-24_GSW_045,2024-01-08,GSW,SAC,True,True,24.7,11,7,1,1,1,1,2,2,0,True
SYN0009,Synthetic Player 009,2023-24,2023-24_GSW_046,2024-01-09,GSW,SAS,False,False,17.2,5,4,1,0,1,1,1,1,0,True
SYN0009,Synthetic Player 009,2023-24,2023-24_GSW_047,2024-01-11,GSW,TOR,True,False,19.1,8,5,1,0,1,1,2,1,0,True
SYN0009,Synthetic Player 009,2023-24,2023-24_GSW_048,2024-01-13,GSW,UTA,False,True,25.1,6,5,1,1,1,1,2,1,0,True
SYN0009,Synthetic Player 009,2023-24,2023-24_GSW_049,2024-01-15,GSW,WAS,True,True,26.4,7,9,2,0,1,1,2,1,0,True
SYN0009,Synthetic Player 009,2023-24,2023-24_GSW_053,2024-01-22,GSW,CHA,True,False,15.5,4,3,1,0,1,1,1,1,0,True
SYN0009,Synthetic Player 009,2023-24,2023-24_GSW_054,2024-01-24,GSW,CHI,False,True,28.9,12,9,1,1,1,2,3,1,0,True
SYN0009,Synthetic Player 009,2023-24,2023-24_GSW_055,2024-01-26,GSW,CLE,True,False,14.3,3,3,1,0,2,1,1,1,0,True
SYN0009,Synthetic Player 009,2023-24,2023-24_GSW_056,2024-01-28,GSW,DAL,False,False,20.7,11,4,1,1,1,1,1,3,0,True
SYN0009,Synthetic Player 009,2023-24,2023-24_GSW_057,2024-01-30,GSW,DEN,True,False,20.8,5,8,1,0,1,2,2,1,0,True
SYN0009,Synthetic Player 009,2023-24,2023-24_GSW_058,2024-02-01,GSW,DET,False,False,22.3,6,5,2,1,1,1,1,1,0,True
SYN0009,Synthetic Player 009,2023-24,2023-24_GSW_059,2024-02-03,GSW,GSW,True,True,26.5,12,5,1,1,2,1,1,3,0,True
SYN0009,Synthetic Player 009,2023-24,2023-24_GSW_060,2024-02-04,GSW,HOU,False,False,18.5,9,4,1,0,1,1,1,1,0,True
SYN0009,Synthetic Player 009,2023-24,2023-24_GSW_061,2024-02-07,GSW,IND,True,False,18.0,10,4,1,0,1,1,1,2,0,True
SYN0009,Synthetic Player 009,2023-24,2023-24_GSW_062,2024-02-08,GSW,LAC,False,True,27.1,7,7,2,1,1,1,2,1,0,True
SYN0009,Synthetic Player 009,2023-24,2023-24_GSW_063,2024-02-10,GSW,LAL,True,True,25.5,4,6,2,0,1,1,3,1,0,True
SYN0009,Synthetic Player 009,2023-24,2023-24_GSW_064,2024-02-11,GSW,MEM,False,True,25.3,7,9,2,0,0,1,2,1,0,True
SYN0009,Synthetic Player 009,2023-24,2023-24_GSW_065,2024-02-13,GSW,MIA,True,False,22.0,3,5,1,0,1,1,2,0,0,True
SYN0009,Synthetic Player 009,2023-24,2023-24_GSW_066,2024-02-15,GSW,MIL,False,False,22.7,5,5,1,1,1,1,2,1,0,True
SYN0009,Synthetic Player 009,2023-24,2023-24_GSW_073,2024-02-29,GSW,PHX,True,False,17.7,5,3,1,0,1,1,1,1,0,True
SYN0009,Synthetic Player 009,2023-24,2023-24_GSW_074,2024-03-02,GSW,POR,False,True,26.4,5,8,1,1,3,1,2,1,0,True
SYN0009,Synthetic Player 009,2023-24,2023-24_GSW_075,2024-03-03,GSW,SAC,True,False,22.0,8,5,1,1,1,1,1,2,0,True
SYN0009,Synthetic Player 009,2023-24,2023-24_GSW_076,2024-03-05,GSW,SAS,False,False,19.3,5,7,2,0,1,1,1,1,0,True
SYN0009,Synthetic Player 009,2023-24,2023-24_GSW_078,2024-03-08,GSW,UTA,False,False,23.7,7,4,2,0,1,1,2,1,0,True
SYN0009,Synthetic Player 009,2023-24,2023-24_GSW_079,2024-03-10,GSW,WAS,True,False,22.6,8,5,2,0,0,1,2,1,0,True
SYN0009,Synthetic Player 009,2023-24,2023-24_GSW_080,2024-03-12,GSW,ATL,False,True,32.6,10,10,3,1,1,2,3,1,0,True
SYN0009,Synthetic Player 009,2023-24,2023-24_GSW_081,2024-03-14,GSW,BOS,True,True,24.2,8,6,1,1,1,1,1,1,0,True
SYN0010,Synthetic Player 010,2023-24,2023-24_HOU_002,2023-10-25,HOU,LAL,False,True,36.3,19,5,6,1,0,2,2,2,2,True
SYN0010,Synthetic Player 010,2023-24,2023-24_HOU_003,2023-10-26,HOU,MEM,True,False,23.5,17,2,5,1,0,2,2,3,1,True
SYN0010,Synthetic Player 010,2023-24,2023-24_HOU_004,2023-10-28,HOU,MIA,False,True,26.7,20,4,5,1,0,3,2,2,1,True
SYN0010,Synthetic Player 010,2023-24,2023-24_HOU_005,2023-10-30,HOU,MIL,True,True,26.4,11,3,3,2,0,2,2,2,1,True
SYN0010,Synthetic Player 010,2023-24,2023-24_HOU_006,2023-11-01,HOU,MIN,False,True,34.4,18,4,8,1,0,3,2,2,3,True
SYN0010,Synthetic Player 010,2023-24,2023-24_HOU_007,2023-11-03,HOU,NOP,True,True,29.6,29,4,5,1,0,3,2,7,3,True
SYN0010,Synthetic Player 010,2023-24,2023-24_HOU_008,2023-11-05,HOU,NYK,False,True,28.0,12,4,3,1,0,2,1,2,1,True
SYN0010,Synthetic Player 010,2023-24,2023-24_HOU_009,2023-11-08,HOU,OKC,True,False,23.6,10,3,7,1,0,1,1,1,2,True
SYN0010,Synthetic Player 010,2023-24,2023-24_HOU_011,2023-11-11,HOU,PHI,True,True,29.5,19,4,10,1,0,2,2,2,2,True
SYN0010,Synthetic Player 010,2023-24,2023-24_HOU_014,2023-11-17,HOU,SAC,False,True,32.4,24,4,7,1,0,2,1,4,3,True
SYN0010,Synthetic Player 010,2023-24,2023-24_HOU_033,2023-12-25,HOU,MEM,True,True,33.8,16,4,14,1,0,2,3,2,1,True
SYN0010,Synthetic Player 010,2023-24,2023-24_HOU_034,2023-12-27,HOU,MIA,False,False,20.7,15,2,4,0,0,1,1,2,1,True
SYN0010,Synthetic Player 010,2023-24,2023-24_HOU_035,2023-12-28,HOU,MIL,True,True,34.8,24,4,7,1,0,3,2,3,3,True
SYN0010,Synthetic Player 010,2023-24,2023-24_HOU_036,2023-12-30,HOU,MIN,False,True,34.3,20,4,8,2,0,3,2,3,2,True
SYN0010,Synthetic Player 010,2023-24,2023-24_HOU_037,2024-01-02,HOU,NOP,True,True,29.6,26,3,10,1,0,2,2,7,4,True
SYN0010,Synthetic Player 010,2023-24,2023-24_HOU_038,2024-01-04,HOU,NYK,False,True,26.0,13,3,6,1,0,2,2,2,1,True
SYN0010,Synthetic Player 010,2023-24,2023-24_HOU_043,2024-01-13,HOU,POR,True,True,33.7,34,4,3,2,0,2,1,5,3,True
SYN0010,Synthetic Player 010,2023-24,2023-24_HOU_044,2024-01-15,HOU,SAC,False,False,20.8,11,2,6,0,0,2,1,1,0,True
SYN0010,Synthetic Player 010,2023-24,2023-24_HOU_045,2024-01-17,HOU,SAS,True,True,26.5,14,3,3,1,0,2,1,2,1,True
SYN0010,Synthetic Player 010,2023-24,2023-24_HOU_046,2024-01-18,HOU,TOR,False,True,31.6,20,3,8,1,1,3,2,3,1,True
SYN0010,Synthetic Player 010,2023-24,2023-24_HOU_047,2024-01-21,HOU,UTA,True,False,19.8,12,1,6,1,0,2,1,1,1,True
SYN0010,Synthetic Player 010,2023-24,2023-24_HOU_062,2024-02-19,HOU,LAL,False,True,31.2,24,4,7,1,0,2,2,2,3,True
SYN0010,Synthetic Player 010,2023-24,2023-24_HOU_063,2024-02-21,HOU,MEM,True,True,28.4,12,3,3,1,0,2,2,2,1,True
SYN0010,Synthetic Player 010,2023-24,2023-24_HOU_064,2024-02-23,HOU,MIA,False,True,33.7,16,7,7,1,0,3,2,4,2,True
SYN0010,Synthetic Player 010,2023-24,2023-24_HOU_065,2024-02-24,HOU,MIL,True,True,37.9,21,7,10,1,0,5,2,2,1,True
SYN0010,Synthetic Player 010,2023-24,2023-24_HOU_068,2024-03-01,HOU,NYK,False,False,21.3,6,2,4,1,0,1,1,1,1,True
SYN0010,Synthetic Player 010,2023-24,2023-24_HOU_069,2024-03-03,HOU,OKC,True,False,23.8,15,2,4,1,0,2,1,2,2,True
SYN0010,Synthetic Player 010,2023-24,2023-24_HOU_070,2024-03-04,HOU,ORL,False,True,27.1,10,4,6,1,0,1,2,2,1,True
SYN0010,Synthetic Player 010,2023-24,2023-24_HOU_071,2024-03-06,HOU,PHI,True,True,30.2,14,6,4,1,0,3,2,1,2,True
SYN0010,Synthetic Player 010,2023-24,2023-24_HOU_072,2024-03-08,HOU,PHX,False,True,29.0,11,4,7,1,0,3,1,0,0,True
SYN0010,Synthetic Player 010,2023-24,2023-24_HOU_074,2024-03-11,HOU,SAC,False,True,25.1,9,3,7,1,0,3,1,3,1,True
SYN0010,Synthetic Player 010,2023-24,2023-24_HOU_076,2024-03-15,HOU,TOR,False,True,28.7,27,3,7,1,0,2,2,3,3,True
SYN0010,Synthetic Player 010,2023-24,2023-24_HOU_078,2024-03-19,HOU,WAS,False,True,26.5,7,3,4,1,0,3,1,1,1,True
SYN0010,Synthetic Player 010,2023-24,2023-24_HOU_079,2024-03-22,HOU,ATL,True,True,30.0,23,3,6,1,0,3,1,4,2,True
SYN0011,Synthetic Player 011,2023-24,2023-24_IND_000,2023-10-23,IND,LAC,False,True,24.1,23,2,3,1,0,2,2,4,2,True
SYN0011,Synthetic Player 011,2023-24,2023-24_IND_001,2023-10-24,IND,LAL,True,False,22.9,26,3,6,1,0,2,1,3,1,True
SYN0011,Synthetic Player 011,2023-24,2023-24_IND_002,2023-10-27,IND,MEM,False,True,25.7,13,3,6,1,0,1,2,2,1,True
SYN0011,Synthetic Player 011,2023-24,2023-24_IND_003,2023-10-28,IND,MIA,True,True,25.1,18,3,5,1,0,1,1,6,2,True
SYN0011,Synthetic Player 011,2023-24,2023-24_IND_004,2023-10-30,IND,MIL,False,True,24.2,9,4,1,1,0,2,1,1,1,True
SYN0011,Synthetic Player 011,2023-24,2023-24_IND_005,2023-10-31,IND,MIN,True,False,23.0,26,2,2,1,0,1,1,5,3,True
SYN0011,Synthetic Player 011,2023-24,2023-24_IND_006,2023-11-02,IND,NOP,False,False,22.3,16,2,3,1,0,2,1,2,4,True
SYN0011,Synthetic Player 011,2023-24,2023-24_IND_007,2023-11-05,IND,NYK,True,False,21.5,11,2,1,1,0,2,1,2,2,True
SYN0011,Synthetic Player 011,2023-24,2023-24_IND_009,2023-11-09,IND,ORL,True,False,22.6,14,1,4,1,0,1,1,2,2,True
SYN0011,Synthetic Player 011,2023-24,2023-24_IND_011,2023-11-12,IND,PHX,True,False,16.4,5,1,2,1,0,1,1,0,0,True
SYN0011,Synthetic Player 011,2023-24,2023-24_IND_012,2023-11-14,IND,POR,False,False,15.9,13,2,4,1,0,1,1,2,2,True
SYN0011,Synthetic Player 011,2023-24,2023-24_IND_019,2023-11-27,IND,BOS,True,False,20.1,31,2,4,1,0,1,1,7,2,True
SYN0011,Synthetic Player 011,2023-24,2023-24_IND_021,2023-12-01,IND,CHA,True,False,23.5,12,4,2,0,0,1,2,1,2,True
SYN0011,Synthetic Player 011,2023-24,2023-24_IND_022,2023-12-04,IND,CHI,False,False,19.1,7,3,3,0,0,1,1,1,1,True
SYN0011,Synthetic Player 011,2023-24,2023-24_IND_023,2023-12-05,IND,CLE,True,True,28.1,19,2,7,1,0,1,2,3,2,True
SYN0011,Synthetic Player 011,2023-24,2023-24_IND_030,2023-12-16,IND,LAC,False,True,25.9,18,5,3,1,0,2,2,3,2,True
SYN0011,Synthetic Player 011,2023-24,2023-24_IND_031,2023-12-17,IND,LAL,True,True,26.7,17,2,2,1,0,2,2,3,3,True
SYN0011,Synthetic Player 011,2023-24,2023-24_IND_032,2023-12-19,IND,MEM,False,False,17.1,14,2,3,1,0,1,1,3,2,True
SYN0011,Synthetic Player 011,2023-24,2023-24_IND_033,2023-12-20,IND,MIA,True,True,30.3,11,3,5,1,0,1,2,1,1,True
SYN0011,Synthetic Player 011,2023-24,2023-24_IND_035,2023-12-24,IND,MIN,True,False,19.6,22,1,2,0,0,1,1,5,4,True
SYN0011,Synthetic Player 011,2023-24,2023-24_IND_036,2023-12-26,IND,NOP,False,False,19.0,20,4,2,0,0,1,1,3,2,True
SYN0011,Synthetic Player 011,2023-24,2023-24_IND_037,2023-12-28,IND,NYK,True,False,22.5,23,3,3,1,0,2,1,4,1,True
SYN0011,Synthetic Player 011,2023-24,2023-24_IND_038,2023-12-30,IND,OKC,False,True,25.4,14,4,5,1,0,1,2,2,2,True
SYN0011,Synthetic Player 011,2023-24,2023-24_IND_041,2024-01-06,IND,PHX,True,False,19.2,18,4,1,0,0,1,1,2,3,True
SYN0011,Synthetic Player 011,2023-24,2023-24_IND_042,2024-01-07,IND,POR,False,True,26.9,12,4,3,1,0,1,2,2,2,True
SYN0011,Synthetic Player 011,2023-24,2023-24_IND_043,2024-01-09,IND,SAC,True,False,19.0,5,3,3,1,0,1,1,1,1,True
SYN0011,Synthetic Player 011,2023-24,2023-24_IND_044,2024-01-12,IND,SAS,False,False,22.9,14,2,4,1,0,2,2,3,2,True
SYN0011,Synthetic Player 011,2023-24,2023-24_IND_045,2024-01-14,IND,TOR,True,False,20.4,20,1,4,0,0,1,1,2,4,True
SYN0011,Synthetic Player 011,2023-24,2023-24_IND_046,2024-01-16,IND,UTA,False,True,28.3,18,4,4,1,0,2,1,4,2,True
SYN0011,Synthetic Player 011,2023-24,2023-24_IND_047,2024-01-18,IND,WAS,True,True,27.4,15,4,5,1,0,2,2,1,2,True
SYN0011,Synthetic Player 011,2023-24,2023-24_IND_048,2024-01-20,IND,ATL,False,True,29.0,22,4,4,1,0,1,2,2,4,True
SYN0011,Synthetic Player 011,2023-24,2023-24_IND_049,2024-01-21,IND,BOS,True,False,23.1,20,3,3,1,0,2,2,3,2,True
SYN0011,Synthetic Player 011,2023-24,2023-24_IND_055,2024-01-31,IND,DEN,True,False,23.8,24,4,3,1,0,1,1,3,4,True
SYN0011,Synthetic Player 011,2023-24,2023-24_IND_056,2024-02-03,IND,DET,False,True,27.4,8,3,4,1,0,1,2,2,1,True
SYN0011,Synthetic Player 011,2023-24,2023-24_IND_062,2024-02-15,IND,MEM,False,True,27.1,21,4,5,1,0,3,2,3,2,True
SYN0011,Synthetic Player 011,2023-24,2023-24_IND_063,2024-02-18,IND,MIA,True,False,20.3,16,2,3,1,0,1,2,3,3,True
SYN0011,Synthetic Player 011,2023-24,2023-24_IND_064,2024-02-19,IND,MIL,False,False,22.8,13,5,3,2,0,1,1,1,1,True
SYN0011,Synthetic Player 011,2023-24,2023-24_IND_065,2024-02-21,IND,MIN,True,False,20.0,10,1,2,1,1,1,1,2,1,True
SYN0011,Synthetic Player 011,2023-24,2023-24_IND_066,2024-02-23,IND,NOP,False,True,28.8,36,5,1,2,0,2,3,5,2,True
SYN0011,Synthetic Player 011,2023-24,2023-24_IND_067,2024-02-25,IND,NYK,True,True,28.1,24,3,3,1,0,2,1,6,4,True
SYN0011,Synthetic Player 011,2023-24,2023-24_IND_069,2024-02-29,IND,ORL,True,False,23.0,7,4,1,1,0,2,1,1,1,True
SYN0011,Synthetic Player 011,2023-24,2023-24_IND_070,2024-03-01,IND,PHI,False,False,21.8,13,3,2,1,0,2,1,2,2,True
SYN0011,Synthetic Player 011,2023-24,2023-24_IND_073,2024-03-06,IND,SAC,True,True,26.4,10,2,2,1,0,2,2,1,2,True
SYN0011,Synthetic Player 011,2023-24,2023-24_IND_075,2024-03-12,IND,TOR,True,False,18.7,12,2,2,1,0,2,1,2,1,True
SYN0011,Synthetic Player 011,2023-24,2023-24_IND_076,2024-03-13,IND,UTA,False,False,23.2,11,5,3,1,0,1,1,1,1,True
SYN0011,Synthetic Player 011,2023-24,2023-24_IND_077,2024-03-15,IND,WAS,True,True,27.0,16,3,5,1,0,2,2,2,4,True
SYN0011,Synthetic Player 011,2023-24,2023-24_IND_078,2024-03-17,IND,ATL,False,False,19.8,16,2,2,1,0,2,1,4,2,True
SYN0011,Synthetic Player 011,2023-24,2023-24_IND_079,2024-03-19,IND,BOS,True,False,19.7,12,4,4,1,0,1,1,3,1,True
SYN0012,Synthetic Player 012,2023-24,2023-24_LAC_000,2023-10-21,LAC,LAL,False,True,25.5,17,4,4,1,1,2,1,3,2,True
SYN0012,Synthetic Player 012,2023-24,2023-24_LAC_001,2023-10-22,LAC,MEM,True,True,29.0,19,5,4,1,1,2,2,3,2,True
SYN0012,Synthetic Player 012,2023-24,2023-24_LAC_002,2023-10-24,LAC,MIA,False,False,20.7,9,3,3,1,1,1,1,1,1,True
SYN0012,Synthetic Player 012,2023-24,2023-24_LAC_003,2023-10-26,LAC,MIL,True,False,23.4,12,3,3,1,0,1,1,2,1,True
SYN0012,Synthetic Player 012,2023-24,2023-24_LAC_017,2023-11-17,LAC,ATL,True,True,29.2,12,5,4,1,0,2,2,1,1,True
SYN0012,Synthetic Player 012,2023-24,2023-24_LAC_018,2023-11-19,LAC,BOS,False,False,21.4,10,4,3,0,0,1,1,2,1,True
SYN0012,Synthetic Player 012,2023-24,2023-24_LAC_019,2023-11-20,LAC,BKN,True,False,19.8,15,3,3,1,0,2,1,3,1,True
SYN0012,Synthetic Player 012,2023-24,2023-24_LAC_020,2023-11-22,LAC,CHA,False,True,31.6,17,5,4,1,1,2,2,2,1,True
SYN0012,Synthetic Player 012,2023-24,2023-24_LAC_021,2023-11-23,LAC,CHI,True,True,29.2,13,5,6,1,0,2,2,3,2,True
SYN0012,Synthetic Player 012,2023-24,2023-24_LAC_022,2023-11-24,LAC,CLE,False,True,26.3,16,4,3,1,1,1,2,2,1,True
SYN0012,Synthetic Player 012,2023-24,2023-24_LAC_023,2023-11-25,LAC,DAL,True,True,29.5,21,4,5,1,1,2,2,4,3,True
SYN0012,Synthetic Player 012,2023-24,2023-24_LAC_024,2023-11-27,LAC,DEN,False,True,35.2,12,5,3,2,1,3,2,2,2,True
SYN0012,Synthetic Player 012,2023-24,2023-24_LAC_026,2023-12-01,LAC,GSW,False,True,29.1,14,4,3,1,1,2,2,2,1,True
SYN0012,Synthetic Player 012,2023-24,2023-24_LAC_027,2023-12-03,LAC,HOU,True,True,26.2,18,3,6,1,0,2,1,4,3,True
SYN0012,Synthetic Player 012,2023-24,2023-24_LAC_028,2023-12-04,LAC,IND,False,True,33.3,17,5,6,1,0,2,2,4,2,True
SYN0012,Synthetic Player 012,2023-24,2023-24_LAC_030,2023-12-08,LAC,LAL,False,True,29.3,14,7,4,1,1,2,2,2,2,True
SYN0012,Synthetic Player 012,2023-24,2023-24_LAC_031,2023-12-10,LAC,MEM,True,True,27.4,18,4,4,1,0,1,1,3,2,True
SYN0012,Synthetic Player 012,2023-24,2023-24_LAC_032,2023-12-12,LAC,MIA,False,True,24.8,11,5,5,1,0,1,1,2,1,True
SYN0012,Synthetic Player 012,2023-24,2023-24_LAC_033,2023-12-13,LAC,MIL,True,True,27.1,17,4,5,1,0,2,2,2,2,True
SYN0012,Synthetic Player 012,2023-24,2023-24_LAC_034,2023-12-15,LAC,MIN,False,True,25.1,12,6,3,1,0,1,2,2,1,True
SYN0012,Synthetic Player 012,2023-24,2023-24_LAC_035,2023-12-17,LAC,NOP,True,True,24.7,13,4,2,1,0,2,2,2,2,True
SYN0012,Synthetic Player 012,2023-24,2023-24_LAC_036,2023-12-19,LAC,NYK,False,True,27.3,10,5,4,2,0,2,2,1,2,True
SYN0012,Synthetic Player 012,2023-24,2023-24_LAC_037,2023-12-21,LAC,OKC,True,True,30.4,17,5,5,1,0,1,2,3,1,True
SYN0012,Synthetic Player 012,2023-24,2023-24_LAC_038,2023-12-23,LAC,ORL,False,True,29.3,17,4,4,1,0,2,2,2,2,True
SYN0012,Synthetic Player 012,2023-24,2023-24_LAC_039,2023-12-25,LAC,PHI,True,True,29.3,18,7,5,1,0,2,2,3,2,True
SYN0012,Synthetic Player 012,2023-24,2023-24_LAC_040,2023-12-27,LAC,PHX,False,True,28.3,12,4,4,1,1,2,2,2,1,True
SYN0012,Synthetic Player 012,2023-24,2023-24_LAC_041,2023-12-29,LAC,POR,True,True,30.5,15,5,3,1,0,2,2,2,1,True
SYN0012,Synthetic Player 012,2023-24,2023-24_LAC_042,2023-12-30,LAC,SAC,False,True,28.1,20,5,4,1,1,1,2,3,1,True
SYN0012,Synthetic Player 012,2023-24,2023-24_LAC_043,2024-01-01,LAC,SAS,True,True,32.0,21,7,5,1,1,2,2,3,1,True
SYN0012,Synthetic Player 012,2023-24,2023-24_LAC_044,2024-01-03,LAC,TOR,False,True,31.4,15,5,3,1,0,2,2,3,2,True
SYN0012,Synthetic Player 012,2023-24,2023-24_LAC_045,2024-01-05,LAC,UTA,True,True,30.8,13,5,4,1,0,2,2,2,2,True
SYN0012,Synthetic Player 012,2023-24,2023-24_LAC_046,2024-01-07,LAC,WAS,False,True,32.5,26,6,5,1,1,2,2,4,3,True
SYN0012,Synthetic Player 012,2023-24,2023-24_LAC_059,2024-02-01,LAC,LAC,True,True,26.9,20,3,3,1,0,1,2,2,2,True
SYN0012,Synthetic Player 012,2023-24,2023-24_LAC_060,2024-02-03,LAC,LAL,False,True,33.0,20,4,5,1,1,2,2,3,2,True
SYN0012,Synthetic Player 012,2023-24,2023-24_LAC_061,2024-02-05,LAC,MEM,True,False,19.0,11,3,2,1,0,1,1,2,1,True
SYN0012,Synthetic Player 012,2023-24,2023-24_LAC_062,2024-02-07,LAC,MIA,False,True,26.0,15,5,4,1,0,2,2,2,2,True
SYN0012,Synthetic Player 012,2023-24,2023-24_LAC_063,2024-02-09,LAC,MIL,True,True,28.8,19,6,4,1,1,2,2,4,2,True
SYN0012,Synthetic Player 012,2023-24,2023-24_LAC_064,2024-02-12,LAC,MIN,False,True,29.0,13,5,4,1,1,1,2,2,2,True
SYN0012,Synthetic Player 012,2023-24,2023-24_LAC_065,2024-02-13,LAC,NOP,True,True,27.2,25,5,3,1,1,2,2,3,3,True
SYN0012,Synthetic Player 012,2023-24,2023-24_LAC_067,2024-02-17,LAC,OKC,True,True,31.9,15,4,5,1,1,2,2,4,2,True
SYN0012,Synthetic Player 012,2023-24,2023-24_LAC_068,2024-02-18,LAC,ORL,False,True,30.8,21,6,6,1,0,2,2,3,2,True
SYN0012,Synthetic Player 012,2023-24,2023-24_LAC_069,2024-02-20,LAC,PHI,True,True,25.6,14,5,4,1,0,2,2,2,1,True
SYN0012,Synthetic Player 012,2023-24,2023-24_LAC_070,2024-02-22,LAC,PHX,False,True,26.8,14,5,3,1,1,2,2,3,2,True
SYN0012,Synthetic Player 012,2023-24,2023-24_LAC_071,2024-02-24,LAC,POR,True,True,26.2,20,4,3,1,1,2,2,2,2,True
SYN0012,Synthetic Player 012,2023-24,2023-24_LAC_072,2024-02-25,LAC,SAC,False,True,27.1,12,4,4,1,0,1,2,2,2,True
SYN0012,Synthetic Player 012,2023-24,2023-24_LAC_073,2024-02-27,LAC,SAS,True,False,21.7,19,4,4,1,0,1,1,4,2,True
SYN0012,Synthetic Player 012,2023-24,2023-24_LAC_074,2024-03-01,LAC,TOR,False,True,28.9,17,4,3,1,1,2,2,3,1,True
SYN0012,Synthetic Player 012,2023-24,2023-24_LAC_075,2024-03-03,LAC,UTA,True,False,21.8,14,4,4,1,0,2,1,2,2,True
SYN0012,Synthetic Player 012,2023-24,2023-24_LAC_076,2024-03-05,LAC,WAS,False,True,29.8,15,4,4,1,0,2,2,2,2,True
SYN0012,Synthetic Player 012,2023-24,2023-24_LAC_078,2024-03-09,LAC,BOS,False,True,25.1,13,5,3,1,0,2,2,2,2,True
SYN0012,Synthetic Player 012,2023-24,2023-24_LAC_079,2024-03-10,LAC,BKN,True,True,25.7,23,4,3,1,1,1,1,3,2,True
SYN0012,Synthetic Player 012,2023-24,2023-24_LAC_080,2024-03-11,LAC,CHA,False,True,28.8,25,5,3,1,0,2,2,4,3,True
SYN0012,Synthetic Player 012,2023-24,2023-24_LAC_081,2024-03-13,LAC,CHI,True,False,22.3,15,3,3,1,0,1,2,2,2,True
SYN0013,Synthetic Player 013,2023-24,2023-24_LAL_000,2023-10-22,LAL,MEM,False,True,33.1,19,7,5,1,1,2,2,4,1,True
SYN0013,Synthetic Player 013,2023-24,2023-24_LAL_001,2023-10-24,LAL,MIA,True,True,29.9,19,8,4,1,1,2,2,2,2,True
SYN0013,Synthetic Player 013,2023-24,2023-24_LAL_002,2023-10-26,LAL,MIL,False,True,38.0,29,9,4,2,2,2,2,5,3,True
SYN0013,Synthetic Player 013,2023-24,2023-24_LAL_003,2023-10-28,LAL,MIN,True,True,38.4,20,9,5,1,1,3,3,4,1,True
SYN0013,Synthetic Player 013,2023-24,2023-24_LAL_004,2023-10-30,LAL,NOP,False,True,38.7,21,7,3,2,2,2,3,3,1,True
SYN0013,Synthetic Player 013,2023-24,2023-24_LAL_005,2023-11-01,LAL,NYK,True,True,44.0,26,8,7,2,1,2,4,4,1,True
SYN0013,Synthetic Player 013,2023-24,2023-24_LAL_006,2023-11-04,LAL,OKC,False,True,26.5,13,4,4,1,1,2,2,3,1,True
SYN0013,Synthetic Player 013,2023-24,2023-24_LAL_007,2023-11-06,LAL,ORL,True,True,25.9,12,5,3,0,0,2,2,1,1,True
SYN0013,Synthetic Player 013,2023-24,2023-24_LAL_008,2023-11-09,LAL,PHI,False,True,33.4,17,6,4,1,1,2,2,4,1,True
SYN0013,Synthetic Player 013,2023-24,2023-24_LAL_009,2023-11-10,LAL,PHX,True,True,30.3,23,8,3,1,1,2,2,2,2,True
SYN0013,Synthetic Player 013,2023-24,2023-24_LAL_010,2023-11-12,LAL,POR,False,True,32.3,12,5,3,1,1,2,2,2,1,True
SYN0013,Synthetic Player 013,2023-24,2023-24_LAL_011,2023-11-14,LAL,SAC,True,True,32.6,14,7,4,1,0,2,2,2,1,True
SYN0013,Synthetic Player 013,2023-24,2023-24_LAL_012,2023-11-15,LAL,SAS,False,True,29.9,13,7,6,1,1,2,2,2,1,True
SYN0013,Synthetic Player 013,2023-24,2023-24_LAL_013,2023-11-17,LAL,TOR,True,True,41.4,14,11,9,1,2,2,3,3,1,True
SYN0013,Synthetic Player 013,2023-24,2023-24_LAL_014,2023-11-19,LAL,UTA,False,True,32.4,25,6,5,1,1,2,2,4,2,True
SYN0013,Synthetic Player 013,2023-24,2023-24_LAL_015,2023-11-21,LAL,WAS,True,True,26.4,14,8,7,1,1,1,2,2,1,True
SYN0013,Synthetic Player 013,2023-24,2023-24_LAL_016,2023-11-23,LAL,ATL,False,True,37.7,20,10,6,1,1,2,2,4,1,True
SYN0013,Synthetic Player 013,2023-24,2023-24_LAL_017,2023-11-24,LAL,BOS,True,True,31.4,11,6,7,1,1,2,3,2,1,True
SYN0013,Synthetic Player 013,2023-24,2023-24_LAL_018,2023-11-25,LAL,BKN,False,True,30.7,20,11,2,1,1,2,2,3,1,True
SYN0013,Synthetic Player 013,2023-24,2023-24_LAL_019,2023-11-26,LAL,CHA,True,True,26.6,15,8,4,1,2,1,2,2,1,True
SYN0013,Synthetic Player 013,2023-24,2023-24_LAL_020,2023-11-28,LAL,CHI,False,True,33.1,21,4,6,1,1,1,2,3,2,True
SYN0013,Synthetic Player 013,2023-24,2023-24_LAL_021,2023-11-30,LAL,CLE,True,True,33.5,9,6,4,1,1,2,2,1,1,True
SYN0013,Synthetic Player 013,2023-24,2023-24_LAL_022,2023-12-02,LAL,DAL,False,True,34.1,19,6,4,1,2,3,3,3,1,True
SYN0013,Synthetic Player 013,2023-24,2023-24_LAL_023,2023-12-04,LAL,DEN,True,True,35.5,25,10,4,1,1,2,3,3,1,True
SYN0013,Synthetic Player 013,2023-24,2023-24_LAL_024,2023-12-06,LAL,DET,False,True,36.2,20,9,3,1,2,2,3,3,1,True
SYN0013,Synthetic Player 013,2023-24,2023-24_LAL_025,2023-12-07,LAL,GSW,True,True,33.2,16,10,5,1,1,1,3,3,1,True
SYN0013,Synthetic Player 013,2023-24,2023-24_LAL_026,2023-12-09,LAL,HOU,False,True,30.8,11,8,4,1,1,2,2,1,1,True
SYN0013,Synthetic Player 013,2023-24,2023-24_LAL_027,2023-12-12,LAL,IND,True,True,35.9,26,7,7,1,2,2,3,4,2,True
SYN0013,Synthetic Player 013,2023-24,2023-24_LAL_028,2023-12-14,LAL,LAC,False,True,31.1,17,10,6,1,1,3,2,3,1,True
SYN0013,Synthetic Player 013,2023-24,2023-24_LAL_029,2023-12-17,LAL,LAL,True,True,37.0,15,9,5,1,1,3,2,3,1,True
SYN0013,Synthetic Player 013,2023-24,2023-24_LAL_042,2024-01-11,LAL,SAS,False,True,39.3,28,8,6,1,1,2,4,4,2,True
SYN0013,Synthetic Player 013,2023-24,2023-24_LAL_043,2024-01-13,LAL,TOR,True,True,29.1,13,4,3,1,0,2,2,2,1,True
SYN0013,Synthetic Player 013,2023-24,2023-24_LAL_044,2024-01-15,LAL,UTA,False,True,44.0,27,10,5,1,1,3,3,5,2,True
SYN0013,Synthetic Player 013,2023-24,2023-24_LAL_045,2024-01-17,LAL,WAS,True,True,37.1,22,5,6,1,1,2,3,4,2,True
SYN0013,Synthetic Player 013,2023-24,2023-24_LAL_046,2024-01-19,LAL,ATL,False,True,32.6,18,9,7,1,1,2,3,3,1,True
SYN0013,Synthetic Player 013,2023-24,2023-24_LAL_047,2024-01-20,LAL,BOS,True,True,33.2,22,7,6,1,2,2,2,4,1,True
SYN0013,Synthetic Player 013,2023-24,2023-24_LAL_048,2024-01-23,LAL,BKN,False,True,32.2,17,8,5,0,1,2,3,2,1,True
SYN0013,Synthetic Player 013,2023-24,2023-24_LAL_049,2024-01-25,LAL,CHA,True,True,34.1,20,9,4,1,1,2,3,4,1,True
SYN0013,Synthetic Player 013,2023-24,2023-24_LAL_050,2024-01-27,LAL,CHI,False,True,29.8,28,7,5,1,1,1,3,6,2,True
SYN0013,Synthetic Player 013,2023-24,2023-24_LAL_051,2024-01-28,LAL,CLE,True,True,37.3,20,8,8,1,1,1,3,3,1,True
SYN0013,Synthetic Player 013,2023-24,2023-24_LAL_052,2024-01-30,LAL,DAL,False,True,30.9,23,7,4,1,2,2,2,2,1,True
SYN0013,Synthetic Player 013,2023-24,2023-24_LAL_053,2024-02-01,LAL,DEN,True,True,33.4,20,9,5,1,1,2,3,4,1,True
SYN0013,Synthetic Player 013,2023-24,2023-24_LAL_054,2024-02-03,LAL,DET,False,True,35.3,9,5,5,1,1,1,2,2,0,True
SYN0013,Synthetic Player 013,2023-24,2023-24_LAL_055,2024-02-05,LAL,GSW,True,True,38.9,30,9,9,1,1,3,2,3,1,True
SYN0013,Synthetic Player 013,2023-24,2023-24_LAL_056,2024-02-06,LAL,HOU,False,True,35.3,17,10,4,1,1,2,2,4,1,True
SYN0013,Synthetic Player 013,2023-24,2023-24_LAL_057,2024-02-08,LAL,IND,True,True,36.1,26,7,4,1,1,2,3,6,2,True
SYN0013,Synthetic Player 013,2023-24,2023-24_LAL_058,2024-02-09,LAL,LAC,False,True,29.4,18,7,6,1,1,2,2,3,1,True
SYN0013,Synthetic Player 013,2023-24,2023-24_LAL_059,2024-02-10,LAL,LAL,True,True,39.4,19,7,6,1,1,2,2,2,1,True
SYN0013,Synthetic Player 013,2023-24,2023-24_LAL_060,2024-02-11,LAL,MEM,False,True,31.2,17,8,4,1,1,2,2,3,1,True
SYN0013,Synthetic Player 013,2023-24,2023-24_LAL_061,2024-02-14,LAL,MIA,True,True,24.5,12,4,4,1,0,2,1,2,1,True
SYN0013,Synthetic Player 013,2023-24,2023-24_LAL_062,2024-02-15,LAL,MIL,False,True,32.8,29,9,4,1,1,2,2,4,2,True
SYN0013,Synthetic Player 013,2023-24,2023-24_LAL_063,2024-02-17,LAL,MIN,True,True,41.0,24,9,8,1,1,2,2,4,3,True
SYN0013,Synthetic Player 013,2023-24,2023-24_LAL_064,2024-02-19,LAL,NOP,False,True,31.6,27,6,4,1,1,2,2,6,2,True
SYN0013,Synthetic Player 013,2023-24,2023-24_LAL_065,2024-02-22,LAL,NYK,True,True,31.8,8,9,5,1,1,2,2,1,0,True
SYN0013,Synthetic Player 013,2023-24,2023-24_LAL_066,2024-02-24,LAL,OKC,False,True,30.8,15,10,6,1,1,2,2,3,1,True
SYN0013,Synthetic Player 013,2023-24,2023-24_LAL_067,2024-02-26,LAL,ORL,True,True,30.0,22,6,3,1,1,2,2,4,1,True
SYN0013,Synthetic Player 013,2023-24,2023-24_LAL_068,2024-02-28,LAL,PHI,False,True,32.5,22,12,4,1,1,2,2,3,2,True
SYN0013,Synthetic Player 013,2023-24,2023-24_LAL_069,2024-03-01,LAL,PHX,True,True,32.0,20,6,6,1,2,2,3,4,2,True
SYN0013,Synthetic Player 013,2023-24,2023-24_LAL_070,2024-03-03,LAL,POR,False,True,30.0,24,8,6,0,1,2,2,4,2,True
SYN0013,Synthetic Player 013,2023-24,2023-24_LAL_071,2024-03-05,LAL,SAC,True,True,32.9,18,8,7,1,1,2,2,3,1,True
SYN0013,Synthetic Player 013,2023-24,2023-24_LAL_072,2024-03-08,LAL,SAS,False,True,39.9,20,10,6,2,1,2,2,3,1,True
SYN0013,Synthetic Player 013,2023-24,2023-24_LAL_073,2024-03-10,LAL,TOR,True,True,28.5,10,6,4,1,1,1,2,1,1,True
SYN0013,Synthetic Player 013,2023-24,2023-24_LAL_074,2024-03-12,LAL,UTA,False,True,33.3,29,9,4,1,1,2,2,5,2,True
SYN0013,Synthetic Player 013,2023-24,2023-24_LAL_075,2024-03-13,LAL,WAS,True,True,28.3,13,7,3,1,0,2,2,2,1,True
SYN0013,Synthetic Player 013,2023-24,2023-24_LAL_076,2024-03-16,LAL,ATL,False,True,31.2,15,5,6,0,1,2,2,3,1,True
SYN0013,Synthetic Player 013,2023-24,2023-24_LAL_077,2024-03-17,LAL,BOS,True,True,35.4,16,10,6,1,2,2,3,2,1,True
SYN0013,Synthetic Player 013,2023-24,2023-24_LAL_078,2024-03-19,LAL,BKN,False,True,32.4,10,6,7,1,1,1,3,1,1,True
SYN0013,Synthetic Player 013,2023-24,2023-24_LAL_079,2024-03-21,LAL,CHA,True,True,31.1,20,11,5,1,1,1,2,2,1,True
SYN0013,Synthetic Player 013,2023-24,2023-24_LAL_080,2024-03-23,LAL,CHI,False,True,35.0,13,7,6,1,1,2,3,2,1,True
SYN0013,Synthetic Player 013,2023-24,2023-24_LAL_081,2024-03-25,LAL,CLE,True,True,36.2,30,9,6,1,1,2,3,4,2,True
SYN0014,Synthetic Player 014,2023-24,2023-24_MEM_000,2023-10-23,MEM,MIA,False,True,35.6,28,11,5,1,2,2,3,4,0,True
SYN0014,Synthetic Player 014,2023-24,2023-24_MEM_001,2023-10-25,MEM,MIL,True,True,40.4,34,18,8,1,3,2,3,5,1,True
SYN0014,Synthetic Player 014,2023-24,2023-24_MEM_002,2023-10-26,MEM,MIN,False,True,33.2,18,11,9,1,1,2,3,3,0,True
SYN0014,Synthetic Player 014,2023-24,2023-24_MEM_003,2023-10-27,MEM,NOP,True,True,34.0,27,15,2,1,2,3,3,4,1,True
SYN0014,Synthetic Player 014,2023-24,2023-24_MEM_004,2023-10-28,MEM,NYK,False,True,42.8,37,20,8,2,2,3,3,8,1,True
SYN0014,Synthetic Player 014,2023-24,2023-24_MEM_005,2023-10-30,MEM,OKC,True,True,41.6,29,13,5,1,2,3,3,4,1,True
SYN0014,Synthetic Player 014,2023-24,2023-24_MEM_006,2023-11-01,MEM,ORL,False,True,39.1,21,20,5,1,2,3,3,4,1,True
SYN0014,Synthetic Player 014,2023-24,2023-24_MEM_007,2023-11-04,MEM,PHI,True,True,37.4,42,12,6,1,1,2,3,8,1,True
SYN0014,Synthetic Player 014,2023-24,2023-24_MEM_008,2023-11-06,MEM,PHX,False,True,39.5,18,15,3,1,3,2,3,3,0,True
SYN0014,Synthetic Player 014,2023-24,2023-24_MEM_009,2023-11-08,MEM,POR,True,True,41.9,37,17,5,1,2,2,3,4,1,True
SYN0014,Synthetic Player 014,2023-24,2023-24_MEM_010,2023-11-10,MEM,SAC,False,True,39.5,17,17,7,1,2,3,4,3,0,True
SYN0014,Synthetic Player 014,2023-24,2023-24_MEM_011,2023-11-11,MEM,SAS,True,True,38.7,25,14,4,1,2,3,2,4,1,True
SYN0014,Synthetic Player 014,2023-24,2023-24_MEM_012,2023-11-12,MEM,TOR,False,True,38.5,35,12,4,1,1,2,3,6,1,True
SYN0014,Synthetic Player 014,2023-24,2023-24_MEM_013,2023-11-13,MEM,UTA,True,True,35.7,21,16,4,1,3,2,3,3,1,True
SYN0014,Synthetic Player 014,2023-24,2023-24_MEM_014,2023-11-15,MEM,WAS,False,True,36.0,18,17,5,1,2,3,3,3,0,True
SYN0014,Synthetic Player 014,2023-24,2023-24_MEM_015,2023-11-17,MEM,ATL,True,True,37.1,46,16,3,1,3,2,4,6,1,True
SYN0014,Synthetic Player 014,2023-24,2023-24_MEM_016,2023-11-19,MEM,BOS,False,True,33.7,36,10,3,1,1,1,3,7,1,True
SYN0014,Synthetic Player 014,2023-24,2023-24_MEM_017,2023-11-21,MEM,BKN,True,True,39.6,31,12,5,1,2,3,3,4,1,True
SYN0014,Synthetic Player 014,2023-24,2023-24_MEM_018,2023-11-23,MEM,CHA,False,True,40.1,34,15,3,2,2,2,3,6,1,True
SYN0014,Synthetic Player 014,2023-24,2023-24_MEM_019,2023-11-25,MEM,CHI,True,True,36.6,30,14,5,1,2,3,2,4,1,True
SYN0014,Synthetic Player 014,2023-24,2023-24_MEM_020,2023-11-27,MEM,CLE,False,True,38.7,31,16,5,1,3,2,3,6,1,True
SYN0014,Synthetic Player 014,2023-24,2023-24_MEM_021,2023-11-29,MEM,DAL,True,True,40.5,31,18,4,1,2,3,3,7,1,True
SYN0014,Synthetic Player 014,2023-24,2023-24_MEM_022,2023-12-01,MEM,DEN,False,True,32.0,23,16,3,1,2,2,3,5,0,True
SYN0014,Synthetic Player 014,2023-24,2023-24_MEM_025,2023-12-07,MEM,HOU,True,True,32.0,15,10,4,0,2,2,4,3,1,True
SYN0014,Synthetic Player 014,2023-24,2023-24_MEM_026,2023-12-08,MEM,IND,False,True,35.5,32,15,5,1,1,2,3,4,1,True
SYN0014,Synthetic Player 014,2023-24,2023-24_MEM_027,2023-12-10,MEM,LAC,True,True,38.8,24,13,5,1,2,3,3,4,1,True
SYN0014,Synthetic Player 014,2023-24,2023-24_MEM_028,2023-12-11,MEM,LAL,False,True,39.6,40,13,2,0,1,3,4,7,1,True
SYN0014,Synthetic Player 014,2023-24,2023-24_MEM_029,2023-12-13,MEM,MEM,True,True,37.3,20,13,4,1,2,3,3,3,1,True
SYN0014,Synthetic Player 014,2023-24,2023-24_MEM_030,2023-12-16,MEM,MIA,False,True,31.6,26,9,4,1,1,3,3,3,1,True
SYN0014,Synthetic Player 014,2023-24,2023-24_MEM_031,2023-12-17,MEM,MIL,True,True,32.2,22,11,4,1,2,2,3,3,1,True
SYN0014,Synthetic Player 014,2023-24,2023-24_MEM_032,2023-12-19,MEM,MIN,False,True,41.1,43,16,6,1,2,2,3,9,1,True
SYN0014,Synthetic Player 014,2023-24,2023-24_MEM_033,2023-12-20,MEM,NOP,True,True,30.2,38,6,2,1,1,3,2,7,2,True
SYN0014,Synthetic Player 014,2023-24,2023-24_MEM_034,2023-12-23,MEM,NYK,False,True,38.2,24,18,5,1,1,3,3,3,1,True
SYN0014,Synthetic Player 014,2023-24,2023-24_MEM_035,2023-12-25,MEM,OKC,True,True,41.4,28,16,2,1,2,3,3,5,1,True
SYN0014,Synthetic Player 014,2023-24,2023-24_MEM_036,2023-12-27,MEM,ORL,False,True,35.9,15,12,5,1,2,2,3,2,1,True
SYN0014,Synthetic Player 014,2023-24,2023-24_MEM_037,2023-12-29,MEM,PHI,True,True,36.4,36,14,5,1,1,2,3,6,1,True
SYN0014,Synthetic Player 014,2023-24,2023-24_MEM_044,2024-01-11,MEM,WAS,False,True,38.7,22,24,3,1,1,3,3,3,1,True
SYN0014,Synthetic Player 014,2023-24,2023-24_MEM_045,2024-01-13,MEM,ATL,True,True,31.5,18,8,4,1,2,2,2,3,1,True
SYN0014,Synthetic Player 014,2023-24,2023-24_MEM_046,2024-01-15,MEM,BOS,False,True,38.7,35,22,5,1,2,3,3,6,1,True
SYN0014,Synthetic Player 014,2023-24,2023-24_MEM_047,2024-01-16,MEM,BKN,True,True,33.9,24,13,5,1,2,3,2,4,1,True
SYN0014,Synthetic Player 014,2023-24,2023-24_MEM_066,2024-02-16,MEM,ORL,False,True,36.6,25,13,5,0,2,3,3,4,1,True
SYN0014,Synthetic Player 014,2023-24,2023-24_MEM_067,2024-02-18,MEM,PHI,True,True,28.7,26,15,5,1,2,2,2,5,1,True
SYN0014,Synthetic Player 014,2023-24,2023-24_MEM_070,2024-02-23,MEM,SAC,False,True,38.5,19,19,5,1,3,3,3,3,0,True
SYN0014,Synthetic Player 014,2023-24,2023-24_MEM_071,2024-02-25,MEM,SAS,True,True,33.6,38,10,3,1,4,1,3,8,1,True
SYN0014,Synthetic Player 014,2023-24,2023-24_MEM_072,2024-02-26,MEM,TOR,False,True,31.4,20,11,3,0,1,2,3,3,0,True
SYN0014,Synthetic Player 014,2023-24,2023-24_MEM_073,2024-02-29,MEM,UTA,True,True,42.1,31,18,8,1,2,3,3,5,1,True
SYN0014,Synthetic Player 014,2023-24,2023-24_MEM_074,2024-03-02,MEM,WAS,False,True,36.8,17,13,5,1,2,2,3,2,0,True
SYN0014,Synthetic Player 014,2023-24,2023-24_MEM_075,2024-03-03,MEM,ATL,True,True,40.0,16,17,3,1,2,2,3,5,0,True
SYN0014,Synthetic Player 014,2023-24,2023-24_MEM_079,2024-03-11,MEM,CHI,True,True,37.6,31,14,5,1,2,3,3,7,1,True
SYN0014,Synthetic Player 014,2023-24,2023-24_MEM_080,2024-03-13,MEM,CLE,False,True,37.4,36,15,4,1,2,2,3,8,1,True
SYN0014,Synthetic Player 014,2023-24,2023-24_MEM_081,2024-03-14,MEM,DAL,True,True,38.2,34,14,7,1,1,3,4,6,1,True
SYN0015,Synthetic Player 015,2023-24,2023-24_MIA_000,2023-10-21,MIA,MIL,False,False,20.5,14,3,3,1,0,2,1,2,1,True
SYN0015,Synthetic Player 015,2023-24,2023-24_MIA_001,2023-10-22,MIA,MIN,True,True,24.8,6,3,7,1,0,3,2,1,1,True
SYN0015,Synthetic Player 015,2023-24,2023-24_MIA_005,2023-10-30,MIA,ORL,True,True,25.3,13,3,5,1,0,3,1,1,2,True
SYN0015,Synthetic Player 015,2023-24,2023-24_MIA_006,2023-10-31,MIA,PHI,False,False,22.5,21,3,9,1,0,2,1,4,2,True
SYN0015,Synthetic Player 015,2023-24,2023-24_MIA_007,2023-11-02,MIA,PHX,True,False,21.3,15,4,6,0,0,1,1,2,2,True
SYN0015,Synthetic Player 015,2023-24,2023-24_MIA_009,2023-11-07,MIA,SAC,True,True,27.0,20,2,5,1,0,3,1,4,3,True
SYN0015,Synthetic Player 015,2023-24,2023-24_MIA_010,2023-11-08,MIA,SAS,False,False,22.1,13,2,5,1,0,2,1,2,1,True
SYN0015,Synthetic Player 015,2023-24,2023-24_MIA_011,2023-11-10,MIA,TOR,True,False,20.6,5,3,5,0,0,2,1,1,1,True
SYN0015,Synthetic Player 015,2023-24,2023-24_MIA_012,2023-11-11,MIA,UTA,False,False,23.4,11,2,6,1,0,2,1,2,1,True
SYN0015,Synthetic Player 015,2023-24,2023-24_MIA_013,2023-11-14,MIA,WAS,True,False,21.5,11,3,6,1,0,2,1,2,1,True
SYN0015,Synthetic Player 015,2023-24,2023-24_MIA_014,2023-11-16,MIA,ATL,False,True,27.8,24,2,5,1,0,2,2,4,3,True
SYN0015,Synthetic Player 015,2023-24,2023-24_MIA_016,2023-11-21,MIA,BKN,False,True,30.0,10,4,6,1,0,2,2,1,1,True
SYN0015,Synthetic Player 015,2023-24,2023-24_MIA_017,2023-11-22,MIA,CHA,True,False,23.5,11,2,4,1,0,2,1,1,2,True
SYN0015,Synthetic Player 015,2023-24,2023-24_MIA_018,2023-11-24,MIA,CHI,False,True,25.1,16,3,11,1,0,1,1,4,1,True
SYN0015,Synthetic Player 015,2023-24,2023-24_MIA_019,2023-11-26,MIA,CLE,True,True,26.4,24,6,6,1,0,3,1,4,2,True
SYN0015,Synthetic Player 015,2023-24,2023-24_MIA_020,2023-11-28,MIA,DAL,False,False,22.8,7,3,4,0,0,2,1,1,1,True
SYN0015,Synthetic Player 015,2023-24,2023-24_MIA_021,2023-11-30,MIA,DEN,True,True,24.2,20,5,6,1,0,2,1,2,2,True
SYN0015,Synthetic Player 015,2023-24,2023-24_MIA_022,2023-12-02,MIA,DET,False,False,16.9,11,2,2,0,0,2,1,2,1,True
SYN0015,Synthetic Player 015,2023-24,2023-24_MIA_023,2023-12-03,MIA,GSW,True,False,19.4,10,2,6,1,0,2,1,1,1,True
SYN0015,Synthetic Player 015,2023-24,2023-24_MIA_024,2023-12-05,MIA,HOU,False,True,25.6,13,2,8,1,0,1,1,2,2,True
SYN0015,Synthetic Player 015,2023-24,2023-24_MIA_025,2023-12-07,MIA,IND,True,True,25.6,11,5,6,1,0,2,2,3,2,True
SYN0015,Synthetic Player 015,2023-24,2023-24_MIA_026,2023-12-09,MIA,LAC,False,False,23.1,10,2,7,1,0,2,1,1,1,True
SYN0015,Synthetic Player 015,2023-24,2023-24_MIA_030,2023-12-14,MIA,MIL,False,True,25.2,25,1,8,1,0,1,1,4,2,True
SYN0015,Synthetic Player 015,2023-24,2023-24_MIA_031,2023-12-16,MIA,MIN,True,False,18.3,16,1,2,1,0,2,1,3,1,True
SYN0015,Synthetic Player 015,2023-24,2023-24_MIA_045,2024-01-10,MIA,BOS,True,False,16.8,14,2,2,1,0,2,1,2,2,True
SYN0015,Synthetic Player 015,2023-24,2023-24_MIA_046,2024-01-12,MIA,BKN,False,False,23.3,15,4,4,1,0,2,1,4,2,True
SYN0015,Synthetic Player 015,2023-24,2023-24_MIA_047,2024-01-13,MIA,CHA,True,False,22.6,7,3,5,0,0,2,1,2,1,True
SYN0015,Synthetic Player 015,2023-24,2023-24_MIA_048,2024-01-15,MIA,CHI,False,True,28.2,12,5,7,1,0,3,2,2,2,True
SYN0015,Synthetic Player 015,2023-24,2023-24_MIA_049,2024-01-17,MIA,CLE,True,False,23.4,15,3,4,1,0,2,1,2,2,True
SYN0015,Synthetic Player 015,2023-24,2023-24_MIA_050,2024-01-19,MIA,DAL,False,False,21.5,6,3,4,1,0,2,1,1,0,True
SYN0015,Synthetic Player 015,2023-24,2023-24_MIA_051,2024-01-21,MIA,DEN,True,True,26.0,14,3,3,1,0,3,2,1,1,True
SYN0015,Synthetic Player 015,2023-24,2023-24_MIA_052,2024-01-23,MIA,DET,False,True,33.2,19,4,8,1,0,3,2,2,2,True
SYN0015,Synthetic Player 015,2023-24,2023-24_MIA_053,2024-01-24,MIA,GSW,True,True,26.1,25,3,10,1,0,2,2,2,3,True
SYN0015,Synthetic Player 015,2023-24,2023-24_MIA_054,2024-01-25,MIA,HOU,False,False,21.7,13,2,4,0,0,2,1,2,1,True
SYN0015,Synthetic Player 015,2023-24,2023-24_MIA_055,2024-01-27,MIA,IND,True,True,29.4,12,6,6,1,0,4,1,2,1,True
SYN0015,Synthetic Player 015,2023-24,2023-24_MIA_056,2024-01-28,MIA,LAC,False,True,34.2,17,3,9,2,0,2,2,1,2,True
SYN0015,Synthetic Player 015,2023-24,2023-24_MIA_057,2024-01-30,MIA,LAL,True,False,23.4,4,2,10,1,0,2,1,0,0,True
SYN0015,Synthetic Player 015,2023-24,2023-24_MIA_058,2024-02-01,MIA,MEM,False,False,18.0,7,2,3,1,0,1,1,1,1,True
SYN0015,Synthetic Player 015,2023-24,2023-24_MIA_059,2024-02-02,MIA,MIA,True,True,24.6,7,2,6,1,0,3,2,1,1,True
SYN0015,Synthetic Player 015,2023-24,2023-24_MIA_061,2024-02-05,MIA,MIN,True,False,18.9,7,4,5,0,0,2,1,2,1,True
SYN0015,Synthetic Player 015,2023-24,2023-24_MIA_062,2024-02-08,MIA,NOP,False,False,19.8,13,2,5,1,0,1,1,2,1,True
SYN0015,Synthetic Player 015,2023-24,2023-24_MIA_063,2024-02-09,MIA,NYK,True,True,24.2,17,4,5,1,0,2,2,3,2,True
SYN0015,Synthetic Player 015,2023-24,2023-24_MIA_064,2024-02-12,MIA,OKC,False,False,23.4,14,2,5,1,0,1,1,3,1,True
SYN0015,Synthetic Player 015,2023-24,2023-24_MIA_065,2024-02-15,MIA,ORL,True,False,19.6,8,2,5,1,0,1,1,1,1,True
SYN0015,Synthetic Player 015,2023-24,2023-24_MIA_066,2024-02-17,MIA,PHI,False,False,21.8,8,2,5,1,0,1,1,2,1,True
SYN0015,Synthetic Player 015,2023-24,2023-24_MIA_067,2024-02-19,MIA,PHX,True,False,20.4,10,2,4,1,0,2,1,1,1,True
SYN0015,Synthetic Player 015,2023-24,2023-24_MIA_068,2024-02-21,MIA,POR,False,False,21.9,12,2,4,1,0,1,2,1,1,True
SYN0015,Synthetic Player 015,2023-24,2023-24_MIA_069,2024-02-22,MIA,SAC,True,True,27.5,16,4,7,1,0,2,1,2,1,True
SYN0015,Synthetic Player 015,2023-24,2023-24_MIA_076,2024-03-05,MIA,BKN,False,True,31.6,28,5,3,2,0,2,2,8,3,True
SYN0015,Synthetic Player 015,2023-24,2023-24_MIA_077,2024-03-07,MIA,CHA,True,False,23.1,16,4,7,2,0,2,1,4,2,True
SYN0015,Synthetic Player 015,2023-24,2023-24_MIA_078,2024-03-09,MIA,CHI,False,False,19.3,14,1,6,1,0,1,1,2,2,True
SYN0015,Synthetic Player 015,2023-24,2023-24_MIA_079,2024-03-11,MIA,CLE,True,False,23.1,16,1,4,1,0,3,2,2,3,True
SYN0015,Synthetic Player 015,2023-24,2023-24_MIA_080,2024-03-13,MIA,DAL,False,True,28.4,12,3,7,1,0,2,2,3,1,True
SYN0015,Synthetic Player 015,2023-24,2023-24_MIA_081,2024-03-16,MIA,DEN,True,True,25.0,13,4,6,1,0,3,2,1,2,True
SYN0016,Synthetic Player 016,2023-24,2023-24_MIL_000,2023-10-22,MIL,MIN,False,True,29.6,12,3,2,1,1,2,1,3,1,True
SYN0016,Synthetic Player 016,2023-24,2023-24_MIL_001,2023-10-24,MIL,NOP,True,False,20.2,22,2,0,1,0,1,1,5,2,True
SYN0016,Synthetic Player 016,2023-24,2023-24_MIL_002,2023-10-27,MIL,NYK,False,True,26.5,14,2,2,1,1,2,1,3,4,True
SYN0016,Synthetic Player 016,2023-24,2023-24_MIL_003,2023-10-30,MIL,OKC,True,True,24.1,10,2,2,1,0,1,2,2,3,True
SYN0016,Synthetic Player 016,2023-24,2023-24_MIL_004,2023-11-01,MIL,ORL,False,True,26.4,10,3,1,1,0,2,2,2,1,True
SYN0016,Synthetic Player 016,2023-24,2023-24_MIL_005,2023-11-02,MIL,PHI,True,True,25.1,8,1,1,2,0,2,2,1,1,True
SYN0016,Synthetic Player 016,2023-24,2023-24_MIL_006,2023-11-04,MIL,PHX,False,True,24.8,15,2,3,0,0,1,2,3,1,True
SYN0016,Synthetic Player 016,2023-24,2023-24_MIL_007,2023-11-07,MIL,POR,True,True,26.9,11,3,2,1,0,1,1,1,1,True
SYN0016,Synthetic Player 016,2023-24,2023-24_MIL_008,2023-11-09,MIL,SAC,False,True,25.2,26,3,2,2,0,2,2,5,3,True
SYN0016,Synthetic Player 016,2023-24,2023-24_MIL_009,2023-11-11,MIL,SAS,True,True,28.2,8,3,3,0,0,1,2,1,1,True
SYN0016,Synthetic Player 016,2023-24,2023-24_MIL_010,2023-11-12,MIL,TOR,False,True,24.4,11,4,3,1,0,1,1,4,3,True
SYN0016,Synthetic Player 016,2023-24,2023-24_MIL_011,2023-11-14,MIL,UTA,True,False,20.8,15,2,1,0,0,1,2,4,1,True
SYN0016,Synthetic Player 016,2023-24,2023-24_MIL_024,2023-12-06,MIL,IND,False,True,24.6,5,4,3,1,1,2,1,1,1,True
SYN0016,Synthetic Player 016,2023-24,2023-24_MIL_025,2023-12-09,MIL,LAC,True,True,24.4,9,2,3,1,0,2,2,2,1,True
SYN0016,Synthetic Player 016,2023-24,2023-24_MIL_026,2023-12-11,MIL,LAL,False,True,26.1,8,4,1,1,1,1,1,2,2,True
SYN0016,Synthetic Player 016,2023-24,2023-24_MIL_027,2023-12-13,MIL,MEM,True,True,28.4,17,2,1,2,1,3,2,2,1,True
SYN0016,Synthetic Player 016,2023-24,2023-24_MIL_028,2023-12-15,MIL,MIA,False,False,20.3,13,1,2,0,0,1,1,2,2,True
SYN0016,Synthetic Player 016,2023-24,2023-24_MIL_029,2023-12-17,MIL,MIL,True,False,20.0,5,3,1,0,0,1,1,1,0,True
SYN0016,Synthetic Player 016,2023-24,2023-24_MIL_030,2023-12-19,MIL,MIN,False,True,25.0,6,3,4,0,0,1,1,1,1,True
SYN0016,Synthetic Player 016,2023-24,2023-24_MIL_031,2023-12-21,MIL,NOP,True,False,21.4,19,2,2,0,0,2,1,2,1,True
SYN0016,Synthetic Player 016,2023-24,2023-24_MIL_032,2023-12-23,MIL,NYK,False,True,28.9,20,4,3,1,0,1,1,3,2,True
SYN0016,Synthetic Player 016,2023-24,2023-24_MIL_033,2023-12-24,MIL,OKC,True,True,31.8,11,6,2,0,0,3,2,1,2,True
SYN0016,Synthetic Player 016,2023-24,2023-24_MIL_034,2023-12-26,MIL,ORL,False,False,23.2,9,1,1,2,0,1,2,1,2,True
SYN0016,Synthetic Player 016,2023-24,2023-24_MIL_035,2023-12-28,MIL,PHI,True,True,28.4,2,3,2,1,0,2,2,0,0,True
SYN0016,Synthetic Player 016,2023-24,2023-24_MIL_036,2023-12-29,MIL,PHX,False,True,25.9,7,3,4,1,0,2,2,1,1,True
SYN0016,Synthetic Player 016,2023-24,2023-24_MIL_037,2023-12-31,MIL,POR,True,True,36.4,31,3,5,1,0,2,2,5,3,True
SYN0016,Synthetic Player 016,2023-24,2023-24_MIL_038,2024-01-03,MIL,SAC,False,True,27.1,9,2,3,1,1,1,1,2,1,True
SYN0016,Synthetic Player 016,2023-24,2023-24_MIL_039,2024-01-06,MIL,SAS,True,False,22.7,14,3,2,0,0,2,1,6,1,True
SYN0016,Synthetic Player 016,2023-24,2023-24_MIL_040,2024-01-08,MIL,TOR,False,True,29.6,6,1,3,2,0,2,2,1,0,True
SYN0016,Synthetic Player 016,2023-24,2023-24_MIL_041,2024-01-10,MIL,UTA,True,False,18.0,14,2,1,0,0,1,1,3,3,True
SYN0016,Synthetic Player 016,2023-24,2023-24_MIL_042,2024-01-12,MIL,WAS,False,False,22.5,20,4,2,0,0,1,1,5,5,True
SYN0016,Synthetic Player 016,2023-24,2023-24_MIL_043,2024-01-14,MIL,ATL,True,True,26.1,7,3,2,1,0,2,1,1,1,True
SYN0016,Synthetic Player 016,2023-24,2023-24_MIL_044,2024-01-16,MIL,BOS,False,False,22.1,10,1,3,0,0,2,1,3,1,True
SYN0016,Synthetic Player 016,2023-24,2023-24_MIL_045,2024-01-17,MIL,BKN,True,True,25.2,6,4,1,1,0,2,2,1,1,True
SYN0016,Synthetic Player 016,2023-24,2023-24_MIL_046,2024-01-19,MIL,CHA,False,False,18.5,14,2,2,1,0,1,1,1,2,True
SYN0016,Synthetic Player 016,2023-24,2023-24_MIL_047,2024-01-20,MIL,CHI,True,True,30.6,12,1,4,1,1,1,1,1,1,True
SYN0016,Synthetic Player 016,2023-24,2023-24_MIL_048,2024-01-23,MIL,CLE,False,False,22.8,8,4,3,1,0,2,1,1,1,True
SYN0016,Synthetic Player 016,2023-24,2023-24_MIL_049,2024-01-25,MIL,DAL,True,False,22.7,10,3,2,1,0,2,2,1,1,True
SYN0016,Synthetic Player 016,2023-24,2023-24_MIL_050,2024-01-27,MIL,DEN,False,True,26.6,11,4,4,1,0,2,1,2,0,True
SYN0016,Synthetic Player 016,2023-24,2023-24_MIL_057,2024-02-09,MIL,MEM,True,True,34.1,12,2,4,1,0,2,2,3,3,True
SYN0016,Synthetic Player 016,2023-24,2023-24_MIL_058,2024-02-12,MIL,MIA,False,True,32.0,10,3,2,1,0,2,2,2,1,True
SYN0016,Synthetic Player 016,2023-24,2023-24_MIL_059,2024-02-14,MIL,MIL,True,True,24.3,14,3,2,1,0,2,1,2,2,True
SYN0016,Synthetic Player 016,2023-24,2023-24_MIL_060,2024-02-16,MIL,MIN,False,False,22.9,5,1,2,1,0,2,2,1,1,True
SYN0016,Synthetic Player 016,2023-24,2023-24_MIL_061,2024-02-18,MIL,NOP,True,True,27.9,14,2,3,0,0,2,1,2,2,True
SYN0016,Synthetic Player 016,2023-24,2023-24_MIL_062,2024-02-20,MIL,NYK,False,True,26.1,5,4,2,1,0,1,1,1,1,True
SYN0016,Synthetic Player 016,2023-24,2023-24_MIL_063,2024-02-21,MIL,OKC,True,True,32.0,9,2,2,2,0,2,2,2,1,True
SYN0016,Synthetic Player 016,2023-24,2023-24_MIL_064,2024-02-24,MIL,ORL,False,True,24.4,8,3,1,0,0,1,1,2,2,True
SYN0016,Synthetic Player 016,2023-24,2023-24_MIL_065,2024-02-26,MIL,PHI,True,False,18.7,6,2,1,0,0,2,1,1,1,True
SYN0016,Synthetic Player 016,2023-24,2023-24_MIL_066,2024-02-29,MIL,PHX,False,True,34.0,17,2,3,1,0,2,2,1,2,True
SYN0016,Synthetic Player 016,2023-24,2023-24_MIL_067,2024-03-01,MIL,POR,True,False,21.5,16,2,1,1,0,1,1,2,1,True
SYN0016,Synthetic Player 016,2023-24,2023-24_MIL_068,2024-03-03,MIL,SAC,False,True,24.5,8,3,1,1,0,1,2,2,1,True
SYN0016,Synthetic Player 016,2023-24,2023-24_MIL_069,2024-03-04,MIL,SAS,True,True,29.1,20,4,2,1,0,3,2,3,2,True
SYN0016,Synthetic Player 016,2023-24,2023-24_MIL_070,2024-03-07,MIL,TOR,False,False,18.7,5,1,1,1,0,1,1,1,0,True
SYN0016,Synthetic Player 016,2023-24,2023-24_MIL_071,2024-03-09,MIL,UTA,True,True,28.0,11,3,2,1,0,2,2,2,2,True
SYN0016,Synthetic Player 016,2023-24,2023-24_MIL_072,2024-03-11,MIL,WAS,False,False,23.8,9,2,2,1,0,1,1,1,1,True
SYN0016,Synthetic Player 016,2023-24,2023-24_MIL_073,2024-03-14,MIL,ATL,True,False,21.0,9,2,1,1,0,1,1,1,1,True
SYN0016,Synthetic Player 016,2023-24,2023-24_MIL_074,2024-03-17,MIL,BOS,False,True,31.4,12,7,1,1,0,3,2,5,2,True
SYN0016,Synthetic Player 016,2023-24,2023-24_MIL_075,2024-03-18,MIL,BKN,True,False,23.4,19,2,1,0,0,2,1,3,3,True
SYN0016,Synthetic Player 016,2023-24,2023-24_MIL_076,2024-03-20,MIL,CHA,False,True,25.8,14,2,2,1,0,2,2,2,2,True
SYN0016,Synthetic Player 016,2023-24,2023-24_MIL_079,2024-03-25,MIL,DAL,True,True,27.6,3,3,3,0,1,1,2,0,0,True
SYN0016,Synthetic Player 016,2023-24,2023-24_MIL_080,2024-03-26,MIL,DEN,False,True,25.0,15,1,3,1,0,2,1,2,2,True
SYN0016,Synthetic Player 016,2023-24,2023-24_MIL_081,2024-03-28,MIL,DET,True,True,32.6,8,5,3,1,0,1,2,2,2,True
SYN0017,Synthetic Player 017,2023-24,2023-24_MIN_000,2023-10-23,MIN,NOP,False,False,20.0,9,2,2,1,0,2,1,1,1,True
SYN0017,Synthetic Player 017,2023-24,2023-24_MIN_013,2023-11-15,MIN,BOS,True,True,26.1,13,3,2,1,0,2,2,2,1,True
SYN0017,Synthetic Player 017,2023-24,2023-24_MIN_014,2023-11-17,MIN,BKN,False,False,14.2,8,4,1,0,0,1,1,1,1,True
SYN0017,Synthetic Player 017,2023-24,2023-24_MIN_015,2023-11-19,MIN,CHA,True,False,19.6,11,4,2,1,0,1,2,1,1,True
SYN0017,Synthetic Player 017,2023-24,2023-24_MIN_016,2023-11-21,MIN,CHI,False,False,17.2,16,2,3,0,1,1,1,2,2,True
SYN0017,Synthetic Player 017,2023-24,2023-24_MIN_017,2023-11-22,MIN,CLE,True,True,26.9,4,5,2,1,1,2,2,1,0,True
SYN0017,Synthetic Player 017,2023-24,2023-24_MIN_018,2023-11-23,MIN,DAL,False,True,29.2,11,4,3,1,1,2,2,2,2,True
SYN0017,Synthetic Player 017,2023-24,2023-24_MIN_019,2023-11-25,MIN,DEN,True,False,16.3,9,4,1,1,0,1,1,1,1,True
SYN0017,Synthetic Player 017,2023-24,2023-24_MIN_023,2023-12-03,MIN,IND,True,False,12.4,7,2,1,0,0,1,1,1,1,True
SYN0017,Synthetic Player 017,2023-24,2023-24_MIN_024,2023-12-04,MIN,LAC,False,False,21.4,10,3,1,1,0,2,1,0,1,True
SYN0017,Synthetic Player 017,2023-24,2023-24_MIN_025,2023-12-05,MIN,LAL,True,False,13.6,5,4,1,0,0,1,1,1,0,True
SYN0017,Synthetic Player 017,2023-24,2023-24_MIN_026,2023-12-06,MIN,MEM,False,True,24.8,19,3,2,1,1,2,2,3,3,True
SYN0017,Synthetic Player 017,2023-24,2023-24_MIN_027,2023-12-08,MIN,MIA,True,False,15.1,9,2,1,0,0,1,1,1,1,True
SYN0017,Synthetic Player 017,2023-24,2023-24_MIN_028,2023-12-09,MIN,MIL,False,False,19.9,10,4,4,1,0,1,1,2,1,True
SYN0017,Synthetic Player 017,2023-24,2023-24_MIN_029,2023-12-11,MIN,MIN,True,False,22.5,11,2,1,0,0,1,1,2,2,True
SYN0017,Synthetic Player 017,2023-24,2023-24_MIN_030,2023-12-13,MIN,NOP,False,False,15.7,3,2,1,1,0,1,1,0,0,True
SYN0017,Synthetic Player 017,2023-24,2023-24_MIN_031,2023-12-15,MIN,NYK,True,True,28.3,8,4,3,1,0,2,2,1,1,True
SYN0017,Synthetic Player 017,2023-24,2023-24_MIN_032,2023-12-16,MIN,OKC,False,True,24.3,7,4,2,1,1,2,2,1,0,True
SYN0017,Synthetic Player 017,2023-24,2023-24_MIN_033,2023-12-18,MIN,ORL,True,True,27.9,10,4,3,1,1,2,2,2,1,True
SYN0017,Synthetic Player 017,2023-24,2023-24_MIN_034,2023-12-20,MIN,PHI,False,False,18.1,7,3,2,1,0,1,1,1,1,True
SYN0017,Synthetic Player 017,2023-24,2023-24_MIN_035,2023-12-21,MIN,PHX,True,True,33.8,11,5,6,1,1,3,2,1,1,True
SYN0017,Synthetic Player 017,2023-24,2023-24_MIN_038,2023-12-26,MIN,SAS,False,False,17.6,9,4,2,1,0,1,1,2,1,True
SYN0017,Synthetic Player 017,2023-24,2023-24_MIN_039,2023-12-27,MIN,TOR,True,False,20.8,12,3,3,0,0,1,1,3,2,True
SYN0017,Synthetic Player 017,2023-24,2023-24_MIN_040,2023-12-29,MIN,UTA,False,False,23.7,15,4,3,1,1,1,1,3,2,True
SYN0017,Synthetic Player 017,2023-24,2023-24_MIN_041,2023-12-31,MIN,WAS,True,True,32.7,16,4,3,1,0,2,2,2,1,True
SYN0017,Synthetic Player 017,2023-24,2023-24_MIN_042,2024-01-02,MIN,ATL,False,False,21.0,11,3,2,1,0,1,1,1,1,True
SYN0017,Synthetic Player 017,2023-24,2023-24_MIN_043,2024-01-05,MIN,BOS,True,False,23.2,10,3,2,2,0,1,1,1,1,True
SYN0017,Synthetic Player 017,2023-24,2023-24_MIN_044,2024-01-07,MIN,BKN,False,True,24.9,6,3,2,1,0,1,1,1,1,True
SYN0017,Synthetic Player 017,2023-24,2023-24_MIN_045,2024-01-09,MIN,CHA,True,False,17.9,4,2,2,0,0,1,1,1,1,True
SYN0017,Synthetic Player 017,2023-24,2023-24_MIN_046,2024-01-11,MIN,CHI,False,False,20.8,9,3,2,1,0,1,1,2,1,True
SYN0017,Synthetic Player 017,2023-24,2023-24_MIN_047,2024-01-13,MIN,CLE,True,False,23.7,8,7,3,1,0,2,1,1,1,True
SYN0017,Synthetic Player 017,2023-24,2023-24_MIN_048,2024-01-15,MIN,DAL,False,False,23.9,7,3,2,1,0,1,2,1,1,True
SYN0017,Synthetic Player 017,2023-24,2023-24_MIN_049,2024-01-16,MIN,DEN,True,False,20.4,8,2,1,1,0,2,1,1,1,True
SYN0017,Synthetic Player 017,2023-24,2023-24_MIN_050,2024-01-17,MIN,DET,False,True,28.7,11,3,2,1,1,1,2,1,1,True
SYN0017,Synthetic Player 017,2023-24,2023-24_MIN_051,2024-01-19,MIN,GSW,True,False,22.0,9,4,2,1,0,1,1,1,2,True
SYN0017,Synthetic Player 017,2023-24,2023-24_MIN_052,2024-01-21,MIN,HOU,False,True,28.3,15,7,2,1,1,2,1,2,1,True
SYN0017,Synthetic Player 017,2023-24,2023-24_MIN_053,2024-01-22,MIN,IND,True,False,20.7,9,2,2,1,0,1,1,1,2,True
SYN0017,Synthetic Player 017,2023-24,2023-24_MIN_054,2024-01-23,MIN,LAC,False,False,19.8,9,5,1,1,0,1,1,2,2,True
SYN0017,Synthetic Player 017,2023-24,2023-24_MIN_055,2024-01-25,MIN,LAL,True,True,26.4,31,6,4,1,0,1,1,4,3,True
SYN0017,Synthetic Player 017,2023-24,2023-24_MIN_056,2024-01-27,MIN,MEM,False,False,16.7,5,2,2,1,0,1,1,1,0,True
SYN0017,Synthetic Player 017,2023-24,2023-24_MIN_059,2024-01-31,MIN,MIN,True,False,22.8,7,5,1,1,1,1,2,1,1,True
SYN0017,Synthetic Player 017,2023-24,2023-24_MIN_060,2024-02-01,MIN,NOP,False,False,21.4,10,4,3,1,0,1,1,2,1,True
SYN0017,Synthetic Player 017,2023-24,2023-24_MIN_061,2024-02-03,MIN,NYK,True,False,16.9,7,2,2,1,0,1,1,2,1,True
SYN0017,Synthetic Player 017,2023-24,2023-24_MIN_062,2024-02-05,MIN,OKC,False,True,31.4,9,3,3,1,0,2,2,1,1,True
SYN0017,Synthetic Player 017,2023-24,2023-24_MIN_063,2024-02-07,MIN,ORL,True,False,20.7,9,4,2,1,0,1,1,1,1,True
SYN0017,Synthetic Player 017,2023-24,2023-24_MIN_064,2024-02-09,MIN,PHI,False,False,22.8,8,2,2,1,0,1,1,1,1,True
SYN0017,Synthetic Player 017,2023-24,2023-24_MIN_065,2024-02-12,MIN,PHX,True,False,18.3,10,5,2,0,0,1,1,1,1,True
SYN0017,Synthetic Player 017,2023-24,2023-24_MIN_066,2024-02-14,MIN,POR,False,True,26.6,8,4,2,1,0,1,2,1,1,True
SYN0017,Synthetic Player 017,2023-24,2023-24_MIN_067,2024-02-17,MIN,SAC,True,False,21.7,5,4,3,0,0,1,1,1,0,True
SYN0017,Synthetic Player 017,2023-24,2023-24_MIN_068,2024-02-19,MIN,SAS,False,False,22.0,9,3,2,0,1,1,2,1,1,True
SYN0017,Synthetic Player 017,2023-24,2023-24_MIN_069,2024-02-21,MIN,TOR,True,False,18.9,11,3,1,1,0,1,1,3,1,True
SYN0017,Synthetic Player 017,2023-24,2023-24_MIN_070,2024-02-23,MIN,UTA,False,False,20.2,9,2,2,1,0,2,1,1,1,True
SYN0017,Synthetic Player 017,2023-24,2023-24_MIN_071,2024-02-25,MIN,WAS,True,True,30.3,10,3,3,1,1,2,1,3,0,True
SYN0017,Synthetic Player 017,2023-24,2023-24_MIN_072,2024-02-26,MIN,ATL,False,False,18.3,14,3,2,1,0,1,1,4,2,True
SYN0017,Synthetic Player 017,2023-24,2023-24_MIN_073,2024-02-28,MIN,BOS,True,False,18.2,7,4,2,1,0,1,1,2,1,True
SYN0017,Synthetic Player 017,2023-24,2023-24_MIN_074,2024-03-01,MIN,BKN,False,False,22.6,10,3,2,1,0,1,1,2,1,True
SYN0017,Synthetic Player 017,2023-24,2023-24_MIN_075,2024-03-02,MIN,CHA,True,False,18.6,9,4,2,0,0,1,1,2,1,True
SYN0017,Synthetic Player 017,2023-24,2023-24_MIN_076,2024-03-03,MIN,CHI,False,False,16.8,11,2,2,1,0,1,1,2,1,True
SYN0017,Synthetic Player 017,2023-24,2023-24_MIN_077,2024-03-04,MIN,CLE,True,False,19.1,8,3,1,0,0,1,1,2,1,True
SYN0017,Synthetic Player 017,2023-24,2023-24_MIN_078,2024-03-05,MIN,DAL,False,False,20.6,5,3,2,1,0,1,1,1,0,True
SYN0017,Synthetic Player 017,2023-24,2023-24_MIN_079,2024-03-07,MIN,DEN,True,False,18.0,7,2,1,1,0,1,1,1,1,True
SYN0018,Synthetic Player 018,2023-24,2023-24_NOP_000,2023-10-21,NOP,NYK,False,False,22.9,9,7,2,1,1,1,2,1,1,True
SYN0018,Synthetic Player 018,2023-24,2023-24_NOP_001,2023-10-24,NOP,OKC,True,False,14.6,5,3,1,0,1,1,1,1,0,True
SYN0018,Synthetic Player 018,2023-24,2023-24_NOP_002,2023-10-26,NOP,ORL,False,True,24.2,12,4,2,1,1,1,1,2,1,True
SYN0018,Synthetic Player 018,2023-24,2023-24_NOP_003,2023-10-28,NOP,PHI,True,True,30.3,11,7,3,1,1,2,2,2,1,True
SYN0018,Synthetic Player 018,2023-24,2023-24_NOP_004,2023-10-30,NOP,PHX,False,False,18.3,6,4,1,0,1,1,1,1,0,True
SYN0018,Synthetic Player 018,2023-24,2023-24_NOP_005,2023-11-01,NOP,POR,True,True,27.6,13,5,3,1,1,1,2,2,1,True
SYN0018,Synthetic Player 018,2023-24,2023-24_NOP_006,2023-11-03,NOP,SAC,False,False,21.7,11,4,2,1,1,1,1,2,1,True
SYN0018,Synthetic Player 018,2023-24,2023-24_NOP_008,2023-11-08,NOP,TOR,False,False,17.3,8,4,2,1,0,1,1,1,1,True
SYN0018,Synthetic Player 018,2023-24,2023-24_NOP_009,2023-11-10,NOP,UTA,True,False,18.5,7,4,2,0,1,1,1,1,0,True
SYN0018,Synthetic Player 018,2023-24,2023-24_NOP_010,2023-11-12,NOP,WAS,False,False,20.0,10,5,2,1,0,1,2,2,1,True
SYN0018,Synthetic Player 018,2023-24,2023-24_NOP_011,2023-11-14,NOP,ATL,True,False,15.2,5,3,1,0,0,1,1,1,0,True
SYN0018,Synthetic Player 018,2023-24,2023-24_NOP_012,2023-11-16,NOP,BOS,False,False,14.8,7,3,2,0,1,1,1,1,1,True
SYN0018,Synthetic Player 018,2023-24,2023-24_NOP_013,2023-11-18,NOP,BKN,True,False,19.6,7,5,2,1,1,1,2,1,0,True
SYN0018,Synthetic Player 018,2023-24,2023-24_NOP_014,2023-11-20,NOP,CHA,False,True,25.7,11,5,3,1,1,1,2,2,1,True
SYN0018,Synthetic Player 018,2023-24,2023-24_NOP_015,2023-11-22,NOP,CHI,True,False,20.5,8,4,2,1,1,1,1,2,1,True
SYN0018,Synthetic Player 018,2023-24,2023-24_NOP_016,2023-11-24,NOP,CLE,False,False,23.4,13,4,3,1,1,1,2,2,1,True
SYN0018,Synthetic Player 018,2023-24,2023-24_NOP_017,2023-11-26,NOP,DAL,True,False,21.2,8,5,1,0,1,1,1,1,1,True
SYN0018,Synthetic Player 018,2023-24,2023-24_NOP_018,2023-11-28,NOP,DEN,False,False,18.1,7,4,2,0,1,1,1,1,0,True
SYN0018,Synthetic Player 018,2023-24,2023-24_NOP_019,2023-11-30,NOP,DET,True,False,22.7,10,5,2,1,1,1,2,1,1,True
SYN0018,Synthetic Player 018,2023-24,2023-24_NOP_020,2023-12-01,NOP,GSW,False,False,20.9,9,4,2,1,1,1,2,2,1,True
SYN0018,Synthetic Player 018,2023-24,2023-24_NOP_021,2023-12-03,NOP,HOU,True,False,20.3,9,4,2,1,1,1,1,1,1,True
SYN0018,Synthetic Player 018,2023-24,2023-24_NOP_022,2023-12-05,NOP,IND,False,False,14.5,6,3,2,0,0,1,1,1,0,True
SYN0018,Synthetic Player 018,2023-24,2023-24_NOP_023,2023-12-07,NOP,LAC,True,False,12.0,4,2,1,0,0,1,1,1,0,True
SYN0018,Synthetic Player 018,2023-24,2023-24_NOP_025,2023-12-11,NOP,MEM,True,False,16.3,5,3,2,0,0,1,1,1,0,True
SYN0018,Synthetic Player 018,2023-24,2023-24_NOP_026,2023-12-13,NOP,MIA,False,False,11.3,5,2,1,0,0,1,1,1,0,True
SYN0018,Synthetic Player 018,2023-24,2023-24_NOP_027,2023-12-15,NOP,MIL,True,False,22.9,10,4,3,0,1,1,2,1,1,True
SYN0018,Synthetic Player 018,2023-24,2023-24_NOP_028,2023-12-17,NOP,MIN,False,False,15.4,6,4,2,0,1,1,1,1,0,True
SYN0018,Synthetic Player 018,2023-24,2023-24_NOP_029,2023-12-18,NOP,NOP,True,True,28.0,16,5,2,1,1,1,2,3,1,True
SYN0018,Synthetic Player 018,2023-24,2023-24_NOP_030,2023-12-20,NOP,NYK,False,False,21.8,9,5,2,1,1,1,2,1,1,True
SYN0018,Synthetic Player 018,2023-24,2023-24_NOP_034,2023-12-29,NOP,PHX,False,False,22.1,11,6,2,0,1,1,2,2,1,True
SYN0018,Synthetic Player 018,2023-24,2023-24_NOP_041,2024-01-11,NOP,ATL,True,True,24.6,12,5,3,1,1,2,2,2,1,True
SYN0018,Synthetic Player 018,2023-24,2023-24_NOP_042,2024-01-13,NOP,BOS,False,False,20.2,7,4,2,1,1,1,2,1,0,True
SYN0018,Synthetic Player 018,2023-24,2023-24_NOP_043,2024-01-14,NOP,BKN,True,False,21.0,9,4,2,1,1,1,2,1,1,True
SYN0018,Synthetic Player 018,2023-24,2023-24_NOP_044,2024-01-16,NOP,CHA,False,False,17.5,7,4,2,0,0,1,1,1,0,True
SYN0018,Synthetic Player 018,2023-24,2023-24_NOP_045,2024-01-19,NOP,CHI,True,False,20.2,9,4,2,1,1,1,1,1,1,True
SYN0018,Synthetic Player 018,2023-24,2023-24_NOP_046,2024-01-21,NOP,CLE,False,False,18.9,10,4,1,1,0,1,1,1,1,True
SYN0018,Synthetic Player 018,2023-24,2023-24_NOP_047,2024-01-22,NOP,DAL,True,True,24.4,10,6,2,1,1,1,2,2,1,True
SYN0018,Synthetic Player 018,2023-24,2023-24_NOP_051,2024-01-31,NOP,HOU,True,False,21.0,8,4,2,1,1,1,1,1,1,True
SYN0018,Synthetic Player 018,2023-24,2023-24_NOP_052,2024-02-02,NOP,IND,False,True,24.5,8,5,2,1,1,1,2,1,0,True
SYN0018,Synthetic Player 018,2023-24,2023-24_NOP_053,2024-02-04,NOP,LAC,True,True,25.7,10,5,2,1,1,2,2,2,1,True
SYN0018,Synthetic Player 018,2023-24,2023-24_NOP_054,2024-02-07,NOP,LAL,False,True,24.5,12,5,2,1,1,1,2,1,1,True
SYN0018,Synthetic Player 018,2023-24,2023-24_NOP_055,2024-02-09,NOP,MEM,True,False,22.0,9,6,2,0,1,1,2,2,0,True
SYN0018,Synthetic Player 018,2023-24,2023-24_NOP_056,2024-02-11,NOP,MIA,False,False,23.6,12,4,2,1,1,1,2,2,1,True
SYN0018,Synthetic Player 018,2023-24,2023-24_NOP_057,2024-02-13,NOP,MIL,True,False,21.1,9,4,2,1,1,1,2,1,1,True
SYN0018,Synthetic Player 018,2023-24,2023-24_NOP_058,2024-02-15,NOP,MIN,False,False,16.3,6,4,1,1,0,1,2,1,0,True
SYN0018,Synthetic Player 018,2023-24,2023-24_NOP_060,2024-02-18,NOP,NYK,False,True,27.7,12,6,3,1,1,1,2,2,1,True
SYN0018,Synthetic Player 018,2023-24,2023-24_NOP_061,2024-02-19,NOP,OKC,True,False,14.3,6,2,1,0,0,1,1,1,0,True
SYN0018,Synthetic Player 018,2023-24,2023-24_NOP_062,2024-02-22,NOP,ORL,False,False,21.2,10,4,2,0,1,1,2,1,1,True
SYN0018,Synthetic Player 018,2023-24,2023-24_NOP_063,2024-02-24,NOP,PHI,True,True,31.4,14,7,3,1,1,2,2,2,1,True
SYN0018,Synthetic Player 018,2023-24,2023-24_NOP_064,2024-02-26,NOP,PHX,False,True,25.6,6,6,3,1,1,1,2,1,0,True
SYN0018,Synthetic Player 018,2023-24,2023-24_NOP_065,2024-02-28,NOP,POR,True,False,21.5,8,6,2,1,1,1,1,1,1,True
SYN0018,Synthetic Player 018,2023-24,2023-24_NOP_066,2024-02-29,NOP,SAC,False,False,23.8,8,5,3,1,1,1,2,1,1,True
SYN0018,Synthetic Player 018,2023-24,2023-24_NOP_067,2024-03-02,NOP,SAS,True,False,23.1,7,5,2,1,1,1,2,1,1,True
SYN0018,Synthetic Player 018,2023-24,2023-24_NOP_068,2024-03-04,NOP,TOR,False,True,24.2,8,5,2,1,1,1,2,1,1,True
SYN0018,Synthetic Player 018,2023-24,2023-24_NOP_069,2024-03-06,NOP,UTA,True,True,27.1,10,6,3,1,1,2,2,1,1,True
SYN0018,Synthetic Player 018,2023-24,2023-24_NOP_070,2024-03-08,NOP,WAS,False,False,20.9,8,4,2,1,0,1,1,1,1,True
SYN0018,Synthetic Player 018,2023-24,2023-24_NOP_071,2024-03-10,NOP,ATL,True,False,20.5,8,5,2,1,1,1,1,1,1,True
SYN0018,Synthetic Player 018,2023-24,2023-24_NOP_072,2024-03-11,NOP,BOS,False,False,20.9,8,5,2,0,1,1,2,1,1,True
SYN0018,Synthetic Player 018,2023-24,2023-24_NOP_073,2024-03-13,NOP,BKN,True,False,20.5,10,5,3,1,1,1,2,2,1,True
SYN0018,Synthetic Player 018,2023-24,2023-24_NOP_074,2024-03-14,NOP,CHA,False,False,14.8,8,2,2,1,1,1,1,1,0,True
SYN0018,Synthetic Player 018,2023-24,2023-24_NOP_075,2024-03-15,NOP,CHI,True,True,29.1,15,5,3,1,1,2,2,2,1,True
SYN0018,Synthetic Player 018,2023-24,2023-24_NOP_076,2024-03-17,NOP,CLE,False,False,17.4,8,3,2,0,1,1,1,1,1,True
SYN0018,Synthetic Player 018,2023-24,2023-24_NOP_078,2024-03-22,NOP,DEN,False,False,18.3,6,6,2,1,1,1,1,1,0,True
SYN0018,Synthetic Player 018,2023-24,2023-24_NOP_079,2024-03-23,NOP,DET,True,True,24.6,13,4,3,1,1,1,2,2,1,True
SYN0018,Synthetic Player 018,2023-24,2023-24_NOP_080,2024-03-24,NOP,GSW,False,True,27.4,17,6,2,1,1,1,2,3,1,True
SYN0018,Synthetic Player 018,2023-24,2023-24_NOP_081,2024-03-26,NOP,HOU,True,False,11.1,4,2,1,0,0,1,1,1,0,True
SYN0019,Synthetic Player 019,2023-24,2023-24_NYK_000,2023-10-22,NYK,OKC,False,True,25.9,12,10,6,1,2,1,2,2,0,True
SYN0019,Synthetic Player 019,2023-24,2023-24_NYK_001,2023-10-24,NYK,ORL,True,True,25.7,20,5,4,1,1,2,2,4,1,True
SYN0019,Synthetic Player 019,2023-24,2023-24_NYK_002,2023-10-27,NYK,PHI,False,True,24.9,15,6,5,0,1,1,2,1,0,True
SYN0019,Synthetic Player 019,2023-24,2023-24_NYK_003,2023-10-29,NYK,PHX,True,False,21.8,11,5,3,0,1,1,2,2,0,True
SYN0019,Synthetic Player 019,2023-24,2023-24_NYK_004,2023-10-31,NYK,POR,False,False,24.0,12,5,5,0,1,1,2,2,0,True
SYN0019,Synthetic Player 019,2023-24,2023-24_NYK_007,2023-11-05,NYK,TOR,True,True,28.3,12,6,5,1,2,2,2,2,0,True
SYN0019,Synthetic Player 019,2023-24,2023-24_NYK_008,2023-11-07,NYK,UTA,False,True,25.8,11,8,5,1,1,1,2,2,0,True
SYN0019,Synthetic Player 019,2023-24,2023-24_NYK_009,2023-11-09,NYK,WAS,True,False,21.6,12,7,6,0,1,1,1,2,0,True
SYN0019,Synthetic Player 019,2023-24,2023-24_NYK_011,2023-11-12,NYK,BOS,True,True,28.1,15,7,9,1,1,2,2,2,1,True
SYN0019,Synthetic Player 019,2023-24,2023-24_NYK_012,2023-11-13,NYK,BKN,False,True,26.9,17,7,4,0,1,1,2,3,0,True
SYN0019,Synthetic Player 019,2023-24,2023-24_NYK_013,2023-11-15,NYK,CHA,True,True,24.6,24,5,4,1,1,1,2,5,1,True
SYN0019,Synthetic Player 019,2023-24,2023-24_NYK_017,2023-11-22,NYK,DEN,True,True,29.2,12,8,3,1,2,2,2,2,0,True
SYN0019,Synthetic Player 019,2023-24,2023-24_NYK_018,2023-11-24,NYK,DET,False,True,24.5,14,5,3,1,2,2,2,2,1,True
SYN0019,Synthetic Player 019,2023-24,2023-24_NYK_019,2023-11-26,NYK,GSW,True,False,22.0,17,7,3,1,1,2,2,3,1,True
SYN0019,Synthetic Player 019,2023-24,2023-24_NYK_020,2023-11-28,NYK,HOU,False,False,22.4,6,6,3,1,1,2,2,1,0,True
SYN0019,Synthetic Player 019,2023-24,2023-24_NYK_021,2023-11-29,NYK,IND,True,True,26.1,9,9,3,1,1,2,2,1,0,True
SYN0019,Synthetic Player 019,2023-24,2023-24_NYK_022,2023-12-01,NYK,LAC,False,False,19.7,6,7,5,0,1,2,2,1,0,True
SYN0019,Synthetic Player 019,2023-24,2023-24_NYK_023,2023-12-04,NYK,LAL,True,True,31.2,21,8,5,0,3,2,2,3,1,True
SYN0019,Synthetic Player 019,2023-24,2023-24_NYK_024,2023-12-06,NYK,MEM,False,True,25.5,11,8,4,0,1,1,2,1,0,True
SYN0019,Synthetic Player 019,2023-24,2023-24_NYK_025,2023-12-07,NYK,MIA,True,True,27.5,28,8,5,1,2,1,3,3,1,True
SYN0019,Synthetic Player 019,2023-24,2023-24_NYK_028,2023-12-11,NYK,NOP,False,True,26.8,11,4,3,0,1,1,3,2,0,True
SYN0019,Synthetic Player 019,2023-24,2023-24_NYK_029,2023-12-12,NYK,NYK,True,True,24.8,10,7,5,1,2,2,2,2,0,True
SYN0019,Synthetic Player 019,2023-24,2023-24_NYK_030,2023-12-14,NYK,OKC,False,True,25.1,14,4,4,0,1,2,2,3,0,True
SYN0019,Synthetic Player 019,2023-24,2023-24_NYK_031,2023-12-16,NYK,ORL,True,False,21.9,16,5,4,0,1,1,1,2,0,True
SYN0019,Synthetic Player 019,2023-24,2023-24_NYK_032,2023-12-18,NYK,PHI,False,True,26.1,15,8,5,1,1,2,2,2,0,True
SYN0019,Synthetic Player 019,2023-24,2023-24_NYK_033,2023-12-20,NYK,PHX,True,True,24.5,12,7,4,1,1,1,2,1,0,True
SYN0019,Synthetic Player 019,2023-24,2023-24_NYK_034,2023-12-21,NYK,POR,False,False,23.4,12,5,3,1,1,1,1,3,0,True
SYN0019,Synthetic Player 019,2023-24,2023-24_NYK_035,2023-12-23,NYK,SAC,True,True,28.3,14,6,5,0,1,2,3,2,0,True
SYN0019,Synthetic Player 019,2023-24,2023-24_NYK_036,2023-12-25,NYK,SAS,False,True,24.5,12,9,2,0,1,2,1,2,0,True
SYN0019,Synthetic Player 019,2023-24,2023-24_NYK_037,2023-12-26,NYK,TOR,True,True,25.0,16,5,6,0,1,2,2,5,0,True
SYN0019,Synthetic Player 019,2023-24,2023-24_NYK_038,2023-12-27,NYK,UTA,False,True,26.5,11,10,4,1,2,1,2,2,1,True
SYN0019,Synthetic Player 019,2023-24,2023-24_NYK_039,2023-12-29,NYK,WAS,True,True,29.0,9,7,4,0,2,2,3,1,0,True
SYN0019,Synthetic Player 019,2023-24,2023-24_NYK_040,2023-12-30,NYK,ATL,False,True,26.5,15,9,6,1,1,2,3,2,0,True
SYN0019,Synthetic Player 019,2023-24,2023-24_NYK_041,2024-01-02,NYK,BOS,True,False,22.3,7,6,4,1,1,1,2,1,0,True
SYN0019,Synthetic Player 019,2023-24,2023-24_NYK_042,2024-01-04,NYK,BKN,False,False,22.6,14,6,3,1,1,2,2,2,0,True
SYN0019,Synthetic Player 019,2023-24,2023-24_NYK_043,2024-01-06,NYK,CHA,True,True,30.7,17,9,4,1,2,1,2,4,1,True
SYN0019,Synthetic Player 019,2023-24,2023-24_NYK_045,2024-01-10,NYK,CLE,True,True,35.1,18,7,8,1,2,2,2,2,0,True
SYN0019,Synthetic Player 019,2023-24,2023-24_NYK_046,2024-01-13,NYK,DAL,False,True,30.0,29,6,3,1,2,2,2,4,1,True
SYN0019,Synthetic Player 019,2023-24,2023-24_NYK_053,2024-01-23,NYK,LAL,True,False,21.9,20,7,2,1,1,1,2,3,0,True
SYN0019,Synthetic Player 019,2023-24,2023-24_NYK_054,2024-01-25,NYK,MEM,False,True,33.5,16,8,5,1,1,2,3,1,1,True
SYN0019,Synthetic Player 019,2023-24,2023-24_NYK_055,2024-01-27,NYK,MIA,True,True,29.6,17,8,6,1,1,1,3,3,1,True
SYN0019,Synthetic Player 019,2023-24,2023-24_NYK_056,2024-01-29,NYK,MIL,False,False,21.0,5,6,2,1,1,1,2,1,0,True
SYN0019,Synthetic Player 019,2023-24,2023-24_NYK_057,2024-01-31,NYK,MIN,True,True,25.2,17,7,3,1,1,2,2,2,1,True
SYN0019,Synthetic Player 019,2023-24,2023-24_NYK_060,2024-02-07,NYK,OKC,False,True,25.0,22,5,3,1,1,2,2,2,1,True
SYN0019,Synthetic Player 019,2023-24,2023-24_NYK_061,2024-02-09,NYK,ORL,True,True,30.4,16,5,4,1,1,2,3,2,0,True
SYN0019,Synthetic Player 019,2023-24,2023-24_NYK_062,2024-02-11,NYK,PHI,False,True,30.3,11,7,3,1,1,2,2,1,0,True
SYN0019,Synthetic Player 019,2023-24,2023-24_NYK_063,2024-02-12,NYK,PHX,True,True,30.4,16,9,7,1,2,1,3,4,0,True
SYN0019,Synthetic Player 019,2023-24,2023-24_NYK_064,2024-02-15,NYK,POR,False,False,20.7,8,4,4,1,1,1,1,1,0,True
SYN0019,Synthetic Player 019,2023-24,2023-24_NYK_065,2024-02-17,NYK,SAC,True,True,27.1,11,7,5,1,3,2,2,2,0,True
SYN0019,Synthetic Player 019,2023-24,2023-24_NYK_066,2024-02-18,NYK,SAS,False,False,13.3,6,2,3,0,1,1,1,1,0,True
SYN0019,Synthetic Player 019,2023-24,2023-24_NYK_075,2024-03-04,NYK,CLE,True,False,23.7,21,3,7,0,1,1,2,3,1,True
SYN0019,Synthetic Player 019,2023-24,2023-24_NYK_076,2024-03-06,NYK,DAL,False,True,27.3,18,6,4,0,1,1,2,4,0,True
SYN0019,Synthetic Player 019,2023-24,2023-24_NYK_078,2024-03-10,NYK,DET,False,True,33.8,17,8,7,1,1,2,3,2,0,True
SYN0019,Synthetic Player 019,2023-24,2023-24_NYK_080,2024-03-14,NYK,HOU,False,True,27.6,12,6,7,1,1,1,2,2,0,True
SYN0019,Synthetic Player 019,2023-24,2023-24_NYK_081,2024-03-16,NYK,IND,True,True,35.9,29,5,4,1,1,2,3,3,1,True
SYN0020,Synthetic Player 020,2023-24,2023-24_OKC_000,2023-10-23,OKC,ORL,False,True,25.3,20,5,5,1,0,3,2,2,3,True
SYN0020,Synthetic Player 020,2023-24,2023-24_OKC_001,2023-10-24,OKC,PHI,True,False,20.4,12,3,6,1,0,1,1,2,1,True
SYN0020,Synthetic Player 020,2023-24,2023-24_OKC_002,2023-10-26,OKC,PHX,False,False,18.6,11,2,3,0,0,1,1,2,1,True
SYN0020,Synthetic Player 020,2023-24,2023-24_OKC_003,2023-10-29,OKC,POR,True,False,22.5,14,3,7,1,0,2,1,3,1,True
SYN0020,Synthetic Player 020,2023-24,2023-24_OKC_004,2023-10-31,OKC,SAC,False,False,22.2,13,2,3,1,0,2,1,2,2,True
SYN0020,Synthetic Player 020,2023-24,2023-24_OKC_005,2023-11-02,OKC,SAS,True,False,21.4,18,3,6,1,0,2,1,3,2,True
SYN0020,Synthetic Player 020,2023-24,2023-24_OKC_006,2023-11-04,OKC,TOR,False,False,21.0,10,3,3,1,0,1,1,1,1,True
SYN0020,Synthetic Player 020,2023-24,2023-24_OKC_007,2023-11-06,OKC,UTA,True,True,30.2,13,3,3,1,0,1,2,2,1,True
SYN0020,Synthetic Player 020,2023-24,2023-24_OKC_008,2023-11-07,OKC,WAS,False,False,21.8,14,2,3,1,0,2,1,1,0,True
SYN0020,Synthetic Player 020,2023-24,2023-24_OKC_009,2023-11-10,OKC,ATL,True,False,21.4,8,3,4,1,0,2,1,1,1,True
SYN0020,Synthetic Player 020,2023-24,2023-24_OKC_010,2023-11-12,OKC,BOS,False,True,30.2,26,4,4,1,0,4,1,4,3,True
SYN0020,Synthetic Player 020,2023-24,2023-24_OKC_011,2023-11-13,OKC,BKN,True,False,22.0,14,4,5,1,0,1,1,2,1,True
SYN0020,Synthetic Player 020,2023-24,2023-24_OKC_012,2023-11-15,OKC,CHA,False,True,26.3,6,3,8,2,0,3,1,1,1,True
SYN0020,Synthetic Player 020,2023-24,2023-24_OKC_013,2023-11-17,OKC,CHI,True,True,26.9,12,4,4,1,0,2,2,2,1,True
SYN0020,Synthetic Player 020,2023-24,2023-24_OKC_014,2023-11-18,OKC,CLE,False,False,23.7,15,5,5,1,0,2,2,4,2,True
SYN0020,Synthetic Player 020,2023-24,2023-24_OKC_015,2023-11-19,OKC,DAL,True,False,21.0,16,3,4,1,0,2,1,2,2,True
SYN0020,Synthetic Player 020,2023-24,2023-24_OKC_016,2023-11-21,OKC,DEN,False,False,20.4,6,3,4,1,0,1,1,1,1,True
SYN0020,Synthetic Player 020,2023-24,2023-24_OKC_017,2023-11-23,OKC,DET,True,True,29.4,17,5,7,1,0,3,1,2,2,True
SYN0020,Synthetic Player 020,2023-24,2023-24_OKC_018,2023-11-24,OKC,GSW,False,False,20.6,20,4,5,2,0,1,1,2,3,True
SYN0020,Synthetic Player 020,2023-24,2023-24_OKC_019,2023-11-27,OKC,HOU,True,True,29.7,21,3,5,1,0,3,2,5,2,True
SYN0020,Synthetic Player 020,2023-24,2023-24_OKC_020,2023-11-29,OKC,IND,False,False,22.5,13,2,2,1,0,3,1,2,2,True
SYN0020,Synthetic Player 020,2023-24,2023-24_OKC_021,2023-12-01,OKC,LAC,True,True,30.4,12,5,7,3,0,2,2,2,1,True
SYN0020,Synthetic Player 020,2023-24,2023-24_OKC_022,2023-12-03,OKC,LAL,False,False,22.3,20,2,6,1,0,1,1,3,2,True
SYN0020,Synthetic Player 020,2023-24,2023-24_OKC_023,2023-12-04,OKC,MEM,True,True,26.2,17,6,7,1,0,1,2,3,2,True
SYN0020,Synthetic Player 020,2023-24,2023-24_OKC_024,2023-12-06,OKC,MIA,False,True,24.8,15,3,4,1,0,3,1,2,1,True
SYN0020,Synthetic Player 020,2023-24,2023-24_OKC_025,2023-12-07,OKC,MIL,True,False,22.0,13,3,3,1,0,2,1,2,1,True
SYN0020,Synthetic Player 020,2023-24,2023-24_OKC_026,2023-12-08,OKC,MIN,False,True,26.0,18,4,5,1,0,2,1,4,2,True
SYN0020,Synthetic Player 020,2023-24,2023-24_OKC_027,2023-12-10,OKC,NOP,True,True,29.2,26,4,9,1,0,2,2,3,4,True
SYN0020,Synthetic Player 020,2023-24,2023-24_OKC_028,2023-12-12,OKC,NYK,False,True,24.1,12,3,5,1,0,1,2,3,1,True
SYN0020,Synthetic Player 020,2023-24,2023-24_OKC_029,2023-12-14,OKC,OKC,True,True,30.4,23,6,9,1,0,2,2,5,3,True
SYN0020,Synthetic Player 020,2023-24,2023-24_OKC_030,2023-12-15,OKC,ORL,False,False,22.6,16,3,4,1,0,1,1,2,2,True
SYN0020,Synthetic Player 020,2023-24,2023-24_OKC_031,2023-12-17,OKC,PHI,True,True,25.2,11,5,4,1,0,2,1,3,1,True
SYN0020,Synthetic Player 020,2023-24,2023-24_OKC_032,2023-12-19,OKC,PHX,False,False,20.2,11,3,2,1,0,2,1,2,2,True
SYN0020,Synthetic Player 020,2023-24,2023-24_OKC_033,2023-12-20,OKC,POR,True,True,25.8,15,6,5,1,0,2,1,3,2,True
SYN0020,Synthetic Player 020,2023-24,2023-24_OKC_034,2023-12-22,OKC,SAC,False,True,28.8,15,5,10,3,0,3,2,3,2,True
SYN0020,Synthetic Player 020,2023-24,2023-24_OKC_035,2023-12-24,OKC,SAS,True,True,30.8,13,3,8,1,0,3,1,2,1,True
SYN0020,Synthetic Player 020,2023-24,2023-24_OKC_036,2023-12-25,OKC,TOR,False,True,31.3,15,6,5,1,0,2,1,2,1,True
SYN0020,Synthetic Player 020,2023-24,2023-24_OKC_037,2023-12-27,OKC,UTA,True,False,22.9,11,5,6,1,0,2,1,2,1,True
SYN0020,Synthetic Player 020,2023-24,2023-24_OKC_038,2023-12-29,OKC,WAS,False,True,33.2,19,4,5,1,0,3,2,3,2,True
SYN0020,Synthetic Player 020,2023-24,2023-24_OKC_039,2023-12-31,OKC,ATL,True,False,20.2,11,2,3,0,0,2,1,2,1,True
SYN0020,Synthetic Player 020,2023-24,2023-24_OKC_040,2024-01-03,OKC,BOS,False,False,18.0,7,3,5,1,0,2,1,1,1,True
SYN0020,Synthetic Player 020,2023-24,2023-24_OKC_041,2024-01-06,OKC,BKN,True,True,27.0,18,3,6,1,0,2,2,4,2,True
SYN0020,Synthetic Player 020,2023-24,2023-24_OKC_043,2024-01-11,OKC,CHI,True,True,26.8,17,2,4,1,0,2,2,2,2,True
SYN0020,Synthetic Player 020,2023-24,2023-24_OKC_044,2024-01-13,OKC,CLE,False,True,26.8,8,7,6,1,0,2,1,2,2,True
SYN0020,Synthetic Player 020,2023-24,2023-24_OKC_045,2024-01-15,OKC,DAL,True,True,24.7,12,3,6,1,0,2,1,2,1,True
SYN0020,Synthetic Player 020,2023-24,2023-24_OKC_046,2024-01-17,OKC,DEN,False,True,24.0,8,3,5,1,0,2,1,1,1,True
SYN0020,Synthetic Player 020,2023-24,2023-24_OKC_047,2024-01-19,OKC,DET,True,False,23.1,19,3,5,1,0,2,1,4,3,True
SYN0020,Synthetic Player 020,2023-24,2023-24_OKC_048,2024-01-20,OKC,GSW,False,True,25.8,17,4,5,1,0,2,2,2,2,True
SYN0020,Synthetic Player 020,2023-24,2023-24_OKC_049,2024-01-22,OKC,HOU,True,True,25.7,18,3,10,1,0,2,1,2,2,True
SYN0020,Synthetic Player 020,2023-24,2023-24_OKC_050,2024-01-23,OKC,IND,False,False,18.6,9,3,4,2,0,2,1,2,1,True
SYN0020,Synthetic Player 020,2023-24,2023-24_OKC_052,2024-01-27,OKC,LAL,False,True,27.5,21,3,7,1,0,3,1,3,2,True
SYN0020,Synthetic Player 020,2023-24,2023-24_OKC_053,2024-01-28,OKC,MEM,True,False,22.0,12,3,3,1,0,2,1,1,1,True
SYN0020,Synthetic Player 020,2023-24,2023-24_OKC_054,2024-01-30,OKC,MIA,False,True,30.4,22,4,5,1,0,2,2,4,2,True
SYN0020,Synthetic Player 020,2023-24,2023-24_OKC_055,2024-02-01,OKC,MIL,True,True,31.7,24,7,5,2,0,3,2,4,2,True
SYN0020,Synthetic Player 020,2023-24,2023-24_OKC_056,2024-02-04,OKC,MIN,False,True,30.3,13,3,8,1,0,3,1,2,1,True
SYN0020,Synthetic Player 020,2023-24,2023-24_OKC_057,2024-02-06,OKC,NOP,True,False,21.4,18,3,4,1,0,2,1,3,1,True
SYN0020,Synthetic Player 020,2023-24,2023-24_OKC_058,2024-02-08,OKC,NYK,False,False,21.9,14,3,3,1,0,2,1,2,2,True
SYN0020,Synthetic Player 020,2023-24,2023-24_OKC_059,2024-02-10,OKC,OKC,True,False,13.4,6,2,4,0,0,1,1,1,1,True
SYN0020,Synthetic Player 020,2023-24,2023-24_OKC_060,2024-02-12,OKC,ORL,False,True,28.7,22,3,7,1,0,2,2,4,1,True
SYN0020,Synthetic Player 020,2023-24,2023-24_OKC_061,2024-02-14,OKC,PHI,True,False,23.7,13,6,6,1,0,2,1,3,1,True
SYN0020,Synthetic Player 020,2023-24,2023-24_OKC_062,2024-02-16,OKC,PHX,False,False,20.7,5,3,7,1,0,2,1,1,1,True
SYN0020,Synthetic Player 020,2023-24,2023-24_OKC_063,2024-02-19,OKC,POR,True,False,19.1,17,3,6,1,0,2,1,2,1,True
SYN0020,Synthetic Player 020,2023-24,2023-24_OKC_064,2024-02-21,OKC,SAC,False,True,29.2,21,3,10,1,0,2,2,2,2,True
SYN0020,Synthetic Player 020,2023-24,2023-24_OKC_065,2024-02-23,OKC,SAS,True,True,24.5,19,4,6,1,0,2,1,4,3,True
SYN0020,Synthetic Player 020,2023-24,2023-24_OKC_066,2024-02-24,OKC,TOR,False,True,32.3,18,5,7,2,0,2,1,3,2,True
SYN0020,Synthetic Player 020,2023-24,2023-24_OKC_067,2024-02-25,OKC,UTA,True,True,27.3,21,4,7,1,0,3,1,3,3,True
SYN0020,Synthetic Player 020,2023-24,2023-24_OKC_068,2024-02-27,OKC,WAS,False,False,18.7,7,3,7,1,0,2,1,1,0,True
SYN0020,Synthetic Player 020,2023-24,2023-24_OKC_069,2024-02-29,OKC,ATL,True,False,23.4,9,3,6,2,0,2,1,2,1,True
SYN0020,Synthetic Player 020,2023-24,2023-24_OKC_070,2024-03-02,OKC,BOS,False,False,22.5,14,4,6,1,0,2,2,2,2,True
SYN0020,Synthetic Player 020,2023-24,2023-24_OKC_071,2024-03-04,OKC,BKN,True,True,27.9,17,6,4,1,0,2,1,3,1,True
SYN0020,Synthetic Player 020,2023-24,2023-24_OKC_072,2024-03-07,OKC,CHA,False,False,24.0,16,3,3,1,0,2,1,2,2,True
SYN0020,Synthetic Player 020,2023-24,2023-24_OKC_073,2024-03-09,OKC,CHI,True,True,32.3,15,3,6,2,0,3,1,2,3,True
SYN0020,Synthetic Player 020,2023-24,2023-24_OKC_074,2024-03-10,OKC,CLE,False,False,19.0,11,2,4,1,0,2,1,1,1,True
SYN0020,Synthetic Player 020,2023-24,2023-24_OKC_076,2024-03-14,OKC,DEN,False,True,26.8,24,3,7,2,0,3,2,5,4,True
SYN0020,Synthetic Player 020,2023-24,2023-24_OKC_077,2024-03-15,OKC,DET,True,True,27.9,19,2,8,1,0,1,2,2,3,True
SYN0020,Synthetic Player 020,2023-24,2023-24_OKC_078,2024-03-17,OKC,GSW,False,True,29.8,13,6,7,1,0,3,2,2,2,True
SYN0020,Synthetic Player 020,2023-24,2023-24_OKC_079,2024-03-20,OKC,HOU,True,True,33.7,15,6,11,1,0,2,2,1,2,True
SYN0020,Synthetic Player 020,2023-24,2023-24_OKC_080,2024-03-22,OKC,IND,False,True,31.1,17,3,7,2,0,3,2,4,2,True
SYN0020,Synthetic Player 020,2023-24,2023-24_OKC_081,2024-03-23,OKC,LAC,True,True,26.8,14,4,5,1,0,3,2,3,1,True
SYN0021,Synthetic Player 021,2023-24,2023-24_ORL_000,2023-10-21,ORL,PHI,False,True,27.2,17,3,4,1,0,2,1,3,2,True
SYN0021,Synthetic Player 021,2023-24,2023-24_ORL_001,2023-10-24,ORL,PHX,True,True,31.2,17,3,3,1,0,2,2,3,2,True
SYN0021,Synthetic Player 021,2023-24,2023-24_ORL_002,2023-10-27,ORL,POR,False,True,24.4,13,4,1,1,0,1,2,2,2,True
SYN0021,Synthetic Player 021,2023-24,2023-24_ORL_003,2023-10-29,ORL,SAC,True,True,26.6,9,3,4,1,0,1,2,2,1,True
SYN0021,Synthetic Player 021,2023-24,2023-24_ORL_004,2023-10-30,ORL,SAS,False,True,30.0,16,3,3,1,0,1,2,3,2,True
SYN0021,Synthetic Player 021,2023-24,2023-24_ORL_005,2023-11-01,ORL,TOR,True,True,28.5,16,4,4,1,1,1,2,2,2,True
SYN0021,Synthetic Player 021,2023-24,2023-24_ORL_006,2023-11-04,ORL,UTA,False,True,27.4,14,3,2,1,0,2,2,2,2,True
SYN0021,Synthetic Player 021,2023-24,2023-24_ORL_007,2023-11-06,ORL,WAS,True,True,36.9,20,4,3,0,0,2,2,5,2,True
SYN0021,Synthetic Player 021,2023-24,2023-24_ORL_008,2023-11-08,ORL,ATL,False,True,27.7,20,4,3,1,0,1,2,4,2,True
SYN0021,Synthetic Player 021,2023-24,2023-24_ORL_009,2023-11-10,ORL,BOS,True,True,25.7,11,2,2,1,0,1,1,2,2,True
SYN0021,Synthetic Player 021,2023-24,2023-24_ORL_010,2023-11-12,ORL,BKN,False,True,29.9,14,3,3,2,1,2,2,2,2,True
SYN0021,Synthetic Player 021,2023-24,2023-24_ORL_011,2023-11-14,ORL,CHA,True,True,36.7,14,4,4,1,0,3,2,4,1,True
SYN0021,Synthetic Player 021,2023-24,2023-24_ORL_012,2023-11-16,ORL,CHI,False,True,28.9,15,2,4,1,0,1,1,2,2,True
SYN0021,Synthetic Player 021,2023-24,2023-24_ORL_013,2023-11-17,ORL,CLE,True,True,28.9,15,2,4,1,0,2,2,3,1,True
SYN0021,Synthetic Player 021,2023-24,2023-24_ORL_014,2023-11-19,ORL,DAL,False,True,36.6,11,5,4,1,1,1,2,1,1,True
SYN0021,Synthetic Player 021,2023-24,2023-24_ORL_015,2023-11-22,ORL,DEN,True,True,32.4,18,4,2,1,0,2,2,3,2,True
SYN0021,Synthetic Player 021,2023-24,2023-24_ORL_016,2023-11-23,ORL,DET,False,True,34.7,18,5,4,1,0,2,2,4,2,True
SYN0021,Synthetic Player 021,2023-24,2023-24_ORL_017,2023-11-26,ORL,GSW,True,True,29.0,12,2,2,0,1,2,2,2,2,True
SYN0021,Synthetic Player 021,2023-24,2023-24_ORL_018,2023-11-28,ORL,HOU,False,True,37.1,11,5,5,1,0,2,2,2,1,True
SYN0021,Synthetic Player 021,2023-24,2023-24_ORL_019,2023-11-29,ORL,IND,True,True,29.3,21,6,5,1,0,2,2,2,3,True
SYN0021,Synthetic Player 021,2023-24,2023-24_ORL_020,2023-12-01,ORL,LAC,False,True,32.7,11,4,2,1,0,2,2,2,2,True
SYN0021,Synthetic Player 021,2023-24,2023-24_ORL_021,2023-12-04,ORL,LAL,True,True,27.8,21,3,3,1,0,1,2,3,3,True
SYN0021,Synthetic Player 021,2023-24,2023-24_ORL_023,2023-12-07,ORL,MIA,True,False,20.5,9,2,1,1,0,1,1,2,2,True
SYN0021,Synthetic Player 021,2023-24,2023-24_ORL_024,2023-12-08,ORL,MIL,False,True,33.4,15,4,2,1,0,2,2,3,2,True
SYN0021,Synthetic Player 021,2023-24,2023-24_ORL_025,2023-12-10,ORL,MIN,True,True,24.8,9,2,3,1,0,2,1,2,1,True
SYN0021,Synthetic Player 021,2023-24,2023-24_ORL_026,2023-12-12,ORL,NOP,False,True,31.1,21,4,4,1,0,2,2,3,2,True
SYN0021,Synthetic Player 021,2023-24,2023-24_ORL_027,2023-12-14,ORL,NYK,True,True,25.8,14,4,3,1,0,1,2,2,2,True
SYN0021,Synthetic Player 021,2023-24,2023-24_ORL_028,2023-12-16,ORL,OKC,False,True,32.7,25,4,4,2,0,2,1,5,4,True
SYN0021,Synthetic Player 021,2023-24,2023-24_ORL_031,2023-12-22,ORL,PHX,True,True,37.8,20,4,4,1,1,3,3,5,2,True
SYN0021,Synthetic Player 021,2023-24,2023-24_ORL_032,2023-12-24,ORL,POR,False,True,36.4,24,3,5,1,0,2,2,5,3,True
SYN0021,Synthetic Player 021,2023-24,2023-24_ORL_033,2023-12-25,ORL,SAC,True,True,27.5,23,2,3,1,0,2,2,3,2,True
SYN0021,Synthetic Player 021,2023-24,2023-24_ORL_034,2023-12-26,ORL,SAS,False,True,30.2,15,3,4,1,0,2,1,2,2,True
SYN0021,Synthetic Player 021,2023-24,2023-24_ORL_036,2023-12-29,ORL,UTA,False,True,27.1,16,3,3,1,0,2,2,3,2,True
SYN0021,Synthetic Player 021,2023-24,2023-24_ORL_037,2023-12-30,ORL,WAS,True,True,25.5,17,3,2,1,0,2,2,4,3,True
SYN0021,Synthetic Player 021,2023-24,2023-24_ORL_039,2024-01-03,ORL,BOS,True,True,30.3,20,4,3,1,0,2,2,3,2,True
SYN0021,Synthetic Player 021,2023-24,2023-24_ORL_040,2024-01-05,ORL,BKN,False,True,37.2,17,6,3,1,0,3,2,2,2,True
SYN0021,Synthetic Player 021,2023-24,2023-24_ORL_043,2024-01-12,ORL,CLE,True,True,28.4,18,3,3,2,0,2,2,4,2,True
SYN0021,Synthetic Player 021,2023-24,2023-24_ORL_044,2024-01-14,ORL,DAL,False,True,24.1,19,2,3,1,0,2,1,3,2,True
SYN0021,Synthetic Player 021,2023-24,2023-24_ORL_045,2024-01-16,ORL,DEN,True,True,27.5,10,2,4,1,0,2,2,2,1,True
SYN0021,Synthetic Player 021,2023-24,2023-24_ORL_046,2024-01-18,ORL,DET,False,True,33.7,10,5,4,2,0,2,2,1,2,True
SYN0021,Synthetic Player 021,2023-24,2023-24_ORL_047,2024-01-20,ORL,GSW,True,True,29.4,19,3,2,1,0,1,2,2,3,True
SYN0021,Synthetic Player 021,2023-24,2023-24_ORL_048,2024-01-23,ORL,HOU,False,False,22.0,19,3,2,1,0,1,1,3,3,True
SYN0021,Synthetic Player 021,2023-24,2023-24_ORL_049,2024-01-25,ORL,IND,True,True,31.8,18,4,2,2,0,1,2,1,3,True
SYN0021,Synthetic Player 021,2023-24,2023-24_ORL_050,2024-01-26,ORL,LAC,False,True,26.6,25,3,3,1,0,2,2,5,6,True
SYN0021,Synthetic Player 021,2023-24,2023-24_ORL_051,2024-01-28,ORL,LAL,True,True,24.1,15,3,3,1,0,2,1,2,2,True
SYN0021,Synthetic Player 021,2023-24,2023-24_ORL_052,2024-01-30,ORL,MEM,False,True,26.4,9,4,3,1,0,2,2,1,1,True
SYN0021,Synthetic Player 021,2023-24,2023-24_ORL_053,2024-02-01,ORL,MIA,True,True,35.8,25,7,3,1,0,2,2,3,3,True
SYN0021,Synthetic Player 021,2023-24,2023-24_ORL_054,2024-02-02,ORL,MIL,False,True,26.5,17,5,2,1,0,1,2,3,2,True
SYN0021,Synthetic Player 021,2023-24,2023-24_ORL_055,2024-02-04,ORL,MIN,True,False,21.2,10,2,2,0,0,1,1,2,1,True
SYN0021,Synthetic Player 021,2023-24,2023-24_ORL_056,2024-02-05,ORL,NOP,False,True,33.7,21,4,3,1,1,2,2,4,3,True
SYN0021,Synthetic Player 021,2023-24,2023-24_ORL_057,2024-02-07,ORL,NYK,True,True,28.4,14,3,2,1,0,2,2,2,3,True
SYN0021,Synthetic Player 021,2023-24,2023-24_ORL_058,2024-02-09,ORL,OKC,False,True,24.6,27,2,2,1,0,2,2,5,4,True
SYN0021,Synthetic Player 021,2023-24,2023-24_ORL_059,2024-02-11,ORL,ORL,True,True,25.6,9,2,2,1,0,1,1,1,1,True
SYN0021,Synthetic Player 021,2023-24,2023-24_ORL_060,2024-02-13,ORL,PHI,False,True,28.4,12,4,5,2,0,2,1,1,1,True
SYN0021,Synthetic Player 021,2023-24,2023-24_ORL_061,2024-02-15,ORL,PHX,True,True,28.8,16,3,2,1,0,2,2,3,2,True
SYN0021,Synthetic Player 021,2023-24,2023-24_ORL_062,2024-02-16,ORL,POR,False,True,34.9,23,4,2,1,0,2,2,3,3,True
SYN0021,Synthetic Player 021,2023-24,2023-24_ORL_063,2024-02-17,ORL,SAC,True,True,34.6,14,3,3,1,0,2,2,3,2,True
SYN0021,Synthetic Player 021,2023-24,2023-24_ORL_064,2024-02-18,ORL,SAS,False,True,25.4,13,3,3,1,0,1,1,3,2,True
SYN0021,Synthetic Player 021,2023-24,2023-24_ORL_065,2024-02-20,ORL,TOR,True,True,29.1,12,3,4,1,0,2,2,3,2,True
SYN0021,Synthetic Player 021,2023-24,2023-24_ORL_066,2024-02-22,ORL,UTA,False,True,29.1,19,5,4,1,0,1,2,3,2,True
SYN0021,Synthetic Player 021,2023-24,2023-24_ORL_067,2024-02-25,ORL,WAS,True,True,24.3,10,3,2,1,0,2,2,2,1,True
SYN0021,Synthetic Player 021,2023-24,2023-24_ORL_068,2024-02-27,ORL,ATL,False,True,32.4,17,5,4,1,0,2,2,3,2,True
SYN0021,Synthetic Player 021,2023-24,2023-24_ORL_069,2024-03-01,ORL,BOS,True,True,26.0,15,2,3,1,0,1,2,4,2,True
SYN0021,Synthetic Player 021,2023-24,2023-24_ORL_071,2024-03-05,ORL,CHA,True,True,33.3,15,4,2,1,0,2,2,3,2,True
SYN0021,Synthetic Player 021,2023-24,2023-24_ORL_072,2024-03-07,ORL,CHI,False,True,31.8,12,4,2,1,1,2,2,2,2,True
SYN0021,Synthetic Player 021,2023-24,2023-24_ORL_073,2024-03-09,ORL,CLE,True,True,32.4,28,5,3,1,0,3,2,5,5,True
SYN0021,Synthetic Player 021,2023-24,2023-24_ORL_074,2024-03-12,ORL,DAL,False,True,28.9,11,3,2,1,0,2,2,2,2,True
SYN0021,Synthetic Player 021,2023-24,2023-24_ORL_075,2024-03-14,ORL,DEN,True,False,23.4,18,3,2,1,0,1,1,2,2,True
SYN0021,Synthetic Player 021,2023-24,2023-24_ORL_076,2024-03-16,ORL,DET,False,True,25.7,14,4,2,1,0,1,1,3,2,True
SYN0021,Synthetic Player 021,2023-24,2023-24_ORL_077,2024-03-18,ORL,GSW,True,True,34.8,21,5,4,1,0,2,2,4,2,True
SYN0021,Synthetic Player 021,2023-24,2023-24_ORL_078,2024-03-20,ORL,HOU,False,True,34.7,24,4,3,1,0,2,2,3,2,True
SYN0021,Synthetic Player 021,2023-24,2023-24_ORL_079,2024-03-21,ORL,IND,True,True,28.4,20,4,2,1,0,2,2,3,3,True
SYN0021,Synthetic Player 021,2023-24,2023-24_ORL_080,2024-03-23,ORL,LAC,False,True,25.2,7,3,3,1,0,1,1,1,1,True
SYN0021,Synthetic Player 021,2023-24,2023-24_ORL_081,2024-03-26,ORL,LAL,True,True,28.4,12,3,3,1,0,2,2,3,2,True
SYN0022,Synthetic Player 022,2023-24,2023-24_PHI_000,2023-10-22,PHI,PHX,False,False,21.5,9,3,1,0,0,1,1,2,1,True
SYN0022,Synthetic Player 022,2023-24,2023-24_PHI_001,2023-10-24,PHI,POR,True,True,33.2,20,6,5,1,0,2,2,3,3,True
SYN0022,Synthetic Player 022,2023-24,2023-24_PHI_002,2023-10-26,PHI,SAC,False,True,29.1,25,4,3,1,0,2,2,5,4,True
SYN0022,Synthetic Player 022,2023-24,2023-24_PHI_003,2023-10-28,PHI,SAS,True,True,32.4,10,4,3,1,1,2,2,1,1,True
SYN0022,Synthetic Player 022,2023-24,2023-24_PHI_004,2023-10-30,PHI,TOR,False,True,29.4,14,4,3,1,1,3,2,3,2,True
SYN0022,Synthetic Player 022,2023-24,2023-24_PHI_005,2023-10-31,PHI,UTA,True,True,25.3,12,6,3,1,0,1,1,2,1,True
SYN0022,Synthetic Player 022,2023-24,2023-24_PHI_006,2023-11-02,PHI,WAS,False,True,31.2,17,4,3,2,1,2,2,2,2,True
SYN0022,Synthetic Player 022,2023-24,2023-24_PHI_007,2023-11-03,PHI,ATL,True,True,38.8,19,4,3,1,1,2,2,3,2,True
SYN0022,Synthetic Player 022,2023-24,2023-24_PHI_008,2023-11-05,PHI,BOS,False,True,31.6,22,7,3,1,1,2,2,4,3,True
SYN0022,Synthetic Player 022,2023-24,2023-24_PHI_009,2023-11-06,PHI,BKN,True,True,37.6,16,6,3,2,0,3,3,3,2,True
SYN0022,Synthetic Player 022,2023-24,2023-24_PHI_010,2023-11-08,PHI,CHA,False,False,23.8,9,4,4,1,0,1,1,2,1,True
SYN0022,Synthetic Player 022,2023-24,2023-24_PHI_011,2023-11-10,PHI,CHI,True,True,24.2,4,3,3,1,1,2,2,0,0,True
SYN0022,Synthetic Player 022,2023-24,2023-24_PHI_014,2023-11-16,PHI,DEN,False,True,29.7,12,5,2,2,1,1,2,2,1,True
SYN0022,Synthetic Player 022,2023-24,2023-24_PHI_015,2023-11-18,PHI,DET,True,True,32.0,11,4,4,1,1,2,2,2,2,True
SYN0022,Synthetic Player 022,2023-24,2023-24_PHI_016,2023-11-20,PHI,GSW,False,True,32.6,24,5,4,1,0,2,3,5,3,True
SYN0022,Synthetic Player 022,2023-24,2023-24_PHI_017,2023-11-22,PHI,HOU,True,True,33.6,13,5,4,1,0,2,2,2,1,True
SYN0022,Synthetic Player 022,2023-24,2023-24_PHI_018,2023-11-24,PHI,IND,False,True,25.8,10,5,3,1,0,2,2,1,1,True
SYN0022,Synthetic Player 022,2023-24,2023-24_PHI_019,2023-11-26,PHI,LAC,True,True,37.1,20,5,5,1,1,3,2,3,3,True
SYN0022,Synthetic Player 022,2023-24,2023-24_PHI_021,2023-11-29,PHI,MEM,True,False,22.7,18,5,3,1,0,1,1,2,1,True
SYN0022,Synthetic Player 022,2023-24,2023-24_PHI_022,2023-12-01,PHI,MIA,False,True,25.9,23,4,4,1,1,1,2,4,2,True
SYN0022,Synthetic Player 022,2023-24,2023-24_PHI_023,2023-12-03,PHI,MIL,True,True,27.8,21,3,2,1,0,2,2,4,2,True
SYN0022,Synthetic Player 022,2023-24,2023-24_PHI_024,2023-12-05,PHI,MIN,False,True,30.2,15,5,3,1,1,2,2,1,2,True
SYN0022,Synthetic Player 022,2023-24,2023-24_PHI_025,2023-12-07,PHI,NOP,True,True,29.9,27,7,3,1,0,1,2,7,2,True
SYN0022,Synthetic Player 022,2023-24,2023-24_PHI_026,2023-12-08,PHI,NYK,False,True,30.3,14,4,4,1,1,2,2,3,2,True
SYN0022,Synthetic Player 022,2023-24,2023-24_PHI_027,2023-12-09,PHI,OKC,True,True,26.4,8,3,4,1,0,2,2,1,1,True
SYN0022,Synthetic Player 022,2023-24,2023-24_PHI_028,2023-12-10,PHI,ORL,False,True,38.2,12,7,5,1,0,3,2,3,1,True
SYN0022,Synthetic Player 022,2023-24,2023-24_PHI_029,2023-12-12,PHI,PHI,True,False,23.9,12,4,3,0,0,1,2,2,2,True
SYN0022,Synthetic Player 022,2023-24,2023-24_PHI_030,2023-12-13,PHI,PHX,False,True,32.4,13,5,4,1,0,2,2,2,1,True
SYN0022,Synthetic Player 022,2023-24,2023-24_PHI_031,2023-12-14,PHI,POR,True,False,23.5,11,3,2,1,0,1,1,2,1,True
SYN0022,Synthetic Player 022,2023-24,2023-24_PHI_032,2023-12-16,PHI,SAC,False,True,26.2,22,5,2,1,0,2,2,4,3,True
SYN0022,Synthetic Player 022,2023-24,2023-24_PHI_033,2023-12-18,PHI,SAS,True,True,28.9,16,6,4,1,1,1,2,2,1,True
SYN0022,Synthetic Player 022,2023-24,2023-24_PHI_034,2023-12-19,PHI,TOR,False,True,28.7,10,3,3,1,0,2,1,1,1,True
SYN0022,Synthetic Player 022,2023-24,2023-24_PHI_035,2023-12-21,PHI,UTA,True,False,23.2,10,4,4,1,0,2,1,2,1,True
SYN0022,Synthetic Player 022,2023-24,2023-24_PHI_036,2023-12-23,PHI,WAS,False,True,26.7,9,5,2,1,0,1,2,1,1,True
SYN0022,Synthetic Player 022,2023-24,2023-24_PHI_037,2023-12-25,PHI,ATL,True,True,27.0,15,4,3,1,0,2,2,3,2,True
SYN0022,Synthetic Player 022,2023-24,2023-24_PHI_038,2023-12-26,PHI,BOS,False,False,23.6,12,4,2,1,1,1,2,2,1,True
SYN0022,Synthetic Player 022,2023-24,2023-24_PHI_039,2023-12-27,PHI,BKN,True,False,22.1,4,3,2,0,0,1,1,1,1,True
SYN0022,Synthetic Player 022,2023-24,2023-24_PHI_040,2023-12-29,PHI,CHA,False,True,32.7,10,3,4,1,1,1,2,3,1,True
SYN0022,Synthetic Player 022,2023-24,2023-24_PHI_041,2023-12-31,PHI,CHI,True,True,35.9,26,7,6,1,1,2,2,3,2,True
SYN0022,Synthetic Player 022,2023-24,2023-24_PHI_042,2024-01-02,PHI,CLE,False,True,29.3,8,4,3,1,0,1,2,1,1,True
SYN0022,Synthetic Player 022,2023-24,2023-24_PHI_043,2024-01-04,PHI,DAL,True,True,29.1,12,4,4,1,0,1,2,2,2,True
SYN0022,Synthetic Player 022,2023-24,2023-24_PHI_044,2024-01-06,PHI,DEN,False,True,24.9,7,3,2,1,0,2,2,2,1,True
SYN0022,Synthetic Player 022,2023-24,2023-24_PHI_045,2024-01-07,PHI,DET,True,True,26.8,13,5,2,1,0,1,2,1,2,True
SYN0022,Synthetic Player 022,2023-24,2023-24_PHI_046,2024-01-09,PHI,GSW,False,True,32.5,19,4,4,1,0,2,2,3,2,True
SYN0022,Synthetic Player 022,2023-24,2023-24_PHI_047,2024-01-11,PHI,HOU,True,True,35.5,21,6,4,2,1,3,3,4,2,True
SYN0022,Synthetic Player 022,2023-24,2023-24_PHI_048,2024-01-12,PHI,IND,False,True,28.1,21,5,2,1,0,1,2,3,2,True
SYN0022,Synthetic Player 022,2023-24,2023-24_PHI_049,2024-01-14,PHI,LAC,True,True,25.7,21,4,4,1,0,1,2,4,2,True
SYN0022,Synthetic Player 022,2023-24,2023-24_PHI_050,2024-01-16,PHI,LAL,False,True,24.1,12,4,3,1,0,1,1,2,2,True
SYN0022,Synthetic Player 022,2023-24,2023-24_PHI_051,2024-01-18,PHI,MEM,True,True,29.5,13,7,3,1,0,2,2,2,1,True
SYN0022,Synthetic Player 022,2023-24,2023-24_PHI_052,2024-01-19,PHI,MIA,False,False,17.2,12,2,4,1,0,1,1,1,1,True
SYN0022,Synthetic Player 022,2023-24,2023-24_PHI_053,2024-01-20,PHI,MIL,True,True,31.6,25,3,3,1,0,1,2,4,4,True
SYN0022,Synthetic Player 022,2023-24,2023-24_PHI_054,2024-01-21,PHI,MIN,False,False,23.9,11,4,3,1,1,2,1,2,1,True
SYN0022,Synthetic Player 022,2023-24,2023-24_PHI_055,2024-01-23,PHI,NOP,True,True,26.3,19,5,2,1,0,2,2,2,1,True
SYN0022,Synthetic Player 022,2023-24,2023-24_PHI_056,2024-01-25,PHI,NYK,False,False,20.7,10,3,3,0,0,1,1,2,1,True
SYN0022,Synthetic Player 022,2023-24,2023-24_PHI_057,2024-01-26,PHI,OKC,True,True,26.3,12,4,3,1,0,2,1,2,1,True
SYN0022,Synthetic Player 022,2023-24,2023-24_PHI_058,2024-01-28,PHI,ORL,False,True,31.5,20,9,3,1,0,2,3,2,1,True
SYN0022,Synthetic Player 022,2023-24,2023-24_PHI_061,2024-02-02,PHI,POR,True,False,14.4,7,2,1,1,0,1,1,1,1,True
SYN0022,Synthetic Player 022,2023-24,2023-24_PHI_062,2024-02-04,PHI,SAC,False,True,29.9,15,5,3,1,0,2,1,3,1,True
SYN0022,Synthetic Player 022,2023-24,2023-24_PHI_063,2024-02-06,PHI,SAS,True,True,35.1,23,6,3,1,1,2,2,5,3,True
SYN0022,Synthetic Player 022,2023-24,2023-24_PHI_064,2024-02-07,PHI,TOR,False,True,29.6,24,5,4,1,0,2,2,5,3,True
SYN0022,Synthetic Player 022,2023-24,2023-24_PHI_065,2024-02-08,PHI,UTA,True,True,31.4,17,5,2,1,0,2,2,3,2,True
SYN0022,Synthetic Player 022,2023-24,2023-24_PHI_066,2024-02-10,PHI,WAS,False,True,25.2,16,5,2,1,0,1,2,3,1,True
SYN0022,Synthetic Player 022,2023-24,2023-24_PHI_067,2024-02-12,PHI,ATL,True,True,28.3,18,4,2,1,1,2,2,2,2,True
SYN0022,Synthetic Player 022,2023-24,2023-24_PHI_068,2024-02-14,PHI,BOS,False,True,35.9,15,5,6,1,0,2,2,2,2,True
SYN0022,Synthetic Player 022,2023-24,2023-24_PHI_069,2024-02-15,PHI,BKN,True,True,28.5,8,4,3,1,1,2,2,1,1,True
SYN0022,Synthetic Player 022,2023-24,2023-24_PHI_070,2024-02-17,PHI,CHA,False,True,33.3,14,5,4,2,0,2,2,2,2,True
SYN0022,Synthetic Player 022,2023-24,2023-24_PHI_071,2024-02-19,PHI,CHI,True,True,29.4,18,5,3,1,1,2,1,2,2,True
SYN0022,Synthetic Player 022,2023-24,2023-24_PHI_072,2024-02-20,PHI,CLE,False,True,30.9,21,5,2,1,0,2,1,4,2,True
SYN0022,Synthetic Player 022,2023-24,2023-24_PHI_073,2024-02-23,PHI,DAL,True,True,29.9,14,6,2,1,0,2,2,3,2,True
SYN0022,Synthetic Player 022,2023-24,2023-24_PHI_074,2024-02-25,PHI,DEN,False,True,35.4,20,8,3,1,1,2,2,3,1,True
SYN0022,Synthetic Player 022,2023-24,2023-24_PHI_075,2024-02-26,PHI,DET,True,True,29.2,9,5,2,1,1,2,2,2,1,True
SYN0022,Synthetic Player 022,2023-24,2023-24_PHI_076,2024-02-28,PHI,GSW,False,True,27.9,17,6,4,1,0,2,2,3,2,True
SYN0022,Synthetic Player 022,2023-24,2023-24_PHI_077,2024-03-01,PHI,HOU,True,True,32.8,17,4,3,1,1,3,3,2,3,True
SYN0022,Synthetic Player 022,2023-24,2023-24_PHI_078,2024-03-02,PHI,IND,False,True,30.7,17,5,3,1,0,2,2,3,2,True
SYN0022,Synthetic Player 022,2023-24,2023-24_PHI_079,2024-03-03,PHI,LAC,True,True,25.5,5,3,4,1,0,1,2,0,0,True
SYN0022,Synthetic Player 022,2023-24,2023-24_PHI_080,2024-03-05,PHI,LAL,False,True,29.6,17,5,5,1,0,2,2,2,2,True
SYN0022,Synthetic Player 022,2023-24,2023-24_PHI_081,2024-03-07,PHI,MEM,True,True,36.9,29,5,3,1,1,2,3,6,3,True
SYN0023,Synthetic Player 023,2023-24,2023-24_PHX_000,2023-10-23,PHX,POR,False,False,16.4,6,4,1,0,1,1,1,1,0,True
SYN0023,Synthetic Player 023,2023-24,2023-24_PHX_001,2023-10-25,PHX,SAC,True,False,17.0,6,3,1,0,0,1,1,1,0,True
SYN0023,Synthetic Player 023,2023-24,2023-24_PHX_002,2023-10-27,PHX,SAS,False,False,18.5,5,4,1,1,1,1,1,1,0,True
SYN0023,Synthetic Player 023,2023-24,2023-24_PHX_003,2023-10-29,PHX,TOR,True,False,12.2,5,2,1,0,0,1,1,1,0,True
SYN0023,Synthetic Player 023,2023-24,2023-24_PHX_004,2023-10-31,PHX,UTA,False,False,14.2,7,2,1,0,0,1,1,1,1,True
SYN0023,Synthetic Player 023,2023-24,2023-24_PHX_005,2023-11-02,PHX,WAS,True,False,20.4,7,4,1,1,1,1,1,1,1,True
SYN0023,Synthetic Player 023,2023-24,2023-24_PHX_006,2023-11-04,PHX,ATL,False,False,7.3,2,1,1,0,0,0,0,0,0,True
SYN0023,Synthetic Player 023,2023-24,2023-24_PHX_007,2023-11-06,PHX,BOS,True,False,12.3,4,3,1,0,0,1,1,1,0,True
SYN0023,Synthetic Player 023,2023-24,2023-24_PHX_008,2023-11-07,PHX,BKN,False,False,11.7,5,3,1,0,0,1,1,1,0,True
SYN0023,Synthetic Player 023,2023-24,2023-24_PHX_009,2023-11-08,PHX,CHA,True,False,12.7,5,3,1,0,0,1,1,1,0,True
SYN0023,Synthetic Player 023,2023-24,2023-24_PHX_010,2023-11-10,PHX,CHI,False,False,16.2,6,4,1,0,0,1,1,1,0,True
SYN0023,Synthetic Player 023,2023-24,2023-24_PHX_011,2023-11-12,PHX,CLE,True,False,11.5,4,2,1,0,0,0,1,1,0,True
SYN0023,Synthetic Player 023,2023-24,2023-24_PHX_012,2023-11-13,PHX,DAL,False,False,14.0,5,2,1,0,0,1,1,1,0,True
SYN0023,Synthetic Player 023,2023-24,2023-24_PHX_013,2023-11-15,PHX,DEN,True,False,20.3,7,5,1,1,0,1,2,1,0,True
SYN0023,Synthetic Player 023,2023-24,2023-24_PHX_014,2023-11-16,PHX,DET,False,False,17.9,6,4,1,1,1,1,1,1,0,True
SYN0023,Synthetic Player 023,2023-24,2023-24_PHX_015,2023-11-18,PHX,GSW,True,False,10.2,3,2,1,0,0,0,1,0,0,True
SYN0023,Synthetic Player 023,2023-24,2023-24_PHX_016,2023-11-21,PHX,HOU,False,False,17.0,6,3,1,0,1,1,1,1,0,True
SYN0023,Synthetic Player 023,2023-24,2023-24_PHX_017,2023-11-22,PHX,IND,True,False,7.9,2,2,1,0,0,0,1,0,0,True
SYN0023,Synthetic Player 023,2023-24,2023-24_PHX_018,2023-11-24,PHX,LAC,False,False,9.4,4,2,1,0,0,0,1,1,0,True
SYN0023,Synthetic Player 023,2023-24,2023-24_PHX_019,2023-11-26,PHX,LAL,True,False,15.7,5,3,1,0,1,1,1,1,0,True
SYN0023,Synthetic Player 023,2023-24,2023-24_PHX_020,2023-11-28,PHX,MEM,False,False,16.0,6,4,1,0,0,1,1,1,0,True
SYN0023,Synthetic Player 023,2023-24,2023-24_PHX_021,2023-11-30,PHX,MIA,True,False,12.4,3,3,1,0,0,1,1,0,0,True
SYN0023,Synthetic Player 023,2023-24,2023-24_PHX_022,2023-12-02,PHX,MIL,False,False,16.5,5,4,1,0,0,1,1,1,0,True
SYN0023,Synthetic Player 023,2023-24,2023-24_PHX_023,2023-12-05,PHX,MIN,True,False,17.6,7,5,1,0,1,1,1,1,1,True
SYN0023,Synthetic Player 023,2023-24,2023-24_PHX_024,2023-12-06,PHX,NOP,False,False,19.5,5,4,1,1,0,1,1,1,0,True
SYN0023,Synthetic Player 023,2023-24,2023-24_PHX_025,2023-12-08,PHX,NYK,True,False,16.8,5,4,1,0,0,1,1,1,0,True
SYN0023,Synthetic Player 023,2023-24,2023-24_PHX_026,2023-12-10,PHX,OKC,False,False,12.4,5,2,1,0,0,0,1,1,0,True
SYN0023,Synthetic Player 023,2023-24,2023-24_PHX_027,2023-12-11,PHX,ORL,True,False,10.7,3,2,1,0,0,1,1,0,0,True
SYN0023,Synthetic Player 023,2023-24,2023-24_PHX_028,2023-12-12,PHX,PHI,False,False,21.9,9,5,1,1,1,1,2,1,1,True
SYN0023,Synthetic Player 023,2023-24,2023-24_PHX_029,2023-12-13,PHX,PHX,True,False,7.6,2,1,0,0,0,1,1,0,0,True
SYN0023,Synthetic Player 023,2023-24,2023-24_PHX_030,2023-12-14,PHX,POR,False,False,5.9,2,1,0,0,0,0,0,0,0,True
SYN0023,Synthetic Player 023,2023-24,2023-24_PHX_031,2023-12-17,PHX,SAC,True,False,16.2,7,3,1,0,0,1,1,1,0,True
SYN0023,Synthetic Player 023,2023-24,2023-24_PHX_032,2023-12-18,PHX,SAS,False,False,19.2,5,4,1,1,1,1,1,1,0,True
SYN0023,Synthetic Player 023,2023-24,2023-24_PHX_033,2023-12-19,PHX,TOR,True,False,19.0,7,4,1,1,1,1,1,1,0,True
SYN0023,Synthetic Player 023,2023-24,2023-24_PHX_034,2023-12-20,PHX,UTA,False,False,6.2,2,1,0,0,0,0,0,0,0,True
SYN0023,Synthetic Player 023,2023-24,2023-24_PHX_035,2023-12-22,PHX,WAS,True,False,18.1,7,4,1,0,1,1,2,1,0,True
SYN0023,Synthetic Player 023,2023-24,2023-24_PHX_036,2023-12-24,PHX,ATL,False,False,10.6,4,2,1,0,0,1,1,1,0,True
SYN0023,Synthetic Player 023,2023-24,2023-24_PHX_037,2023-12-26,PHX,BOS,True,False,12.9,4,3,1,0,1,1,1,1,0,True
SYN0023,Synthetic Player 023,2023-24,2023-24_PHX_038,2023-12-27,PHX,BKN,False,False,14.3,5,3,1,0,0,1,1,1,0,True
SYN0023,Synthetic Player 023,2023-24,2023-24_PHX_039,2023-12-29,PHX,CHA,True,False,20.3,7,5,1,0,1,1,1,1,0,True
SYN0023,Synthetic Player 023,2023-24,2023-24_PHX_040,2023-12-31,PHX,CHI,False,False,13.4,4,3,1,0,0,1,1,1,0,True
SYN0023,Synthetic Player 023,2023-24,2023-24_PHX_042,2024-01-04,PHX,DAL,False,False,14.0,4,3,1,1,0,1,1,1,0,True
SYN0023,Synthetic Player 023,2023-24,2023-24_PHX_043,2024-01-06,PHX,DEN,True,False,17.6,6,3,1,1,1,1,1,1,0,True
SYN0023,Synthetic Player 023,2023-24,2023-24_PHX_044,2024-01-08,PHX,DET,False,False,11.3,4,2,1,0,0,1,1,0,0,True
SYN0023,Synthetic Player 023,2023-24,2023-24_PHX_045,2024-01-09,PHX,GSW,True,False,13.4,4,3,1,0,0,1,1,1,0,True
SYN0023,Synthetic Player 023,2023-24,2023-24_PHX_046,2024-01-12,PHX,HOU,False,False,14.0,5,3,1,0,1,1,1,1,0,True
SYN0023,Synthetic Player 023,2023-24,2023-24_PHX_050,2024-01-19,PHX,MEM,False,False,16.1,5,3,1,0,0,1,1,1,0,True
SYN0023,Synthetic Player 023,2023-24,2023-24_PHX_051,2024-01-21,PHX,MIA,True,False,12.1,5,3,1,0,0,1,1,1,0,True
SYN0023,Synthetic Player 023,2023-24,2023-24_PHX_052,2024-01-23,PHX,MIL,False,False,10.7,3,2,1,0,0,0,1,0,0,True
SYN0023,Synthetic Player 023,2023-24,2023-24_PHX_053,2024-01-24,PHX,MIN,True,False,20.0,8,3,1,1,1,1,2,1,1,True
SYN0023,Synthetic Player 023,2023-24,2023-24_PHX_054,2024-01-26,PHX,NOP,False,False,21.3,8,5,1,0,1,1,2,1,1,True
SYN0023,Synthetic Player 023,2023-24,2023-24_PHX_055,2024-01-27,PHX,NYK,True,False,15.3,5,4,1,0,0,1,1,1,0,True
SYN0023,Synthetic Player 023,2023-24,2023-24_PHX_056,2024-01-29,PHX,OKC,False,False,9.0,3,2,0,0,0,0,1,0,0,True
SYN0023,Synthetic Player 023,2023-24,2023-24_PHX_058,2024-02-02,PHX,PHI,False,False,15.0,4,4,1,0,0,1,1,1,0,True
SYN0023,Synthetic Player 023,2023-24,2023-24_PHX_059,2024-02-04,PHX,PHX,True,False,17.9,5,5,1,0,0,1,1,1,0,True
SYN0023,Synthetic Player 023,2023-24,2023-24_PHX_060,2024-02-06,PHX,POR,False,False,12.3,5,2,1,0,0,1,1,1,0,True
SYN0023,Synthetic Player 023,2023-24,2023-24_PHX_061,2024-02-08,PHX,SAC,True,False,13.5,4,3,1,0,0,1,1,1,0,True
SYN0023,Synthetic Player 023,2023-24,2023-24_PHX_062,2024-02-10,PHX,SAS,False,False,20.7,6,4,1,1,1,1,1,1,0,True
SYN0023,Synthetic Player 023,2023-24,2023-24_PHX_063,2024-02-11,PHX,TOR,True,False,9.3,3,2,1,0,0,0,1,1,0,True
SYN0023,Synthetic Player 023,2023-24,2023-24_PHX_064,2024-02-12,PHX,UTA,False,False,17.8,5,2,1,0,1,1,1,1,0,True
SYN0023,Synthetic Player 023,2023-24,2023-24_PHX_065,2024-02-14,PHX,WAS,True,False,16.1,7,4,1,0,0,1,1,1,1,True
SYN0023,Synthetic Player 023,2023-24,2023-24_PHX_066,2024-02-16,PHX,ATL,False,False,10.1,2,2,1,0,0,1,1,0,0,True
SYN0023,Synthetic Player 023,2023-24,2023-24_PHX_069,2024-02-21,PHX,CHA,True,True,24.1,6,4,1,1,1,1,1,1,0,True
SYN0023,Synthetic Player 023,2023-24,2023-24_PHX_070,2024-02-23,PHX,CHI,False,False,20.3,6,4,1,0,1,1,2,1,0,True
SYN0023,Synthetic Player 023,2023-24,2023-24_PHX_072,2024-02-27,PHX,DAL,False,False,13.7,4,3,1,0,0,1,1,1,0,True
SYN0023,Synthetic Player 023,2023-24,2023-24_PHX_073,2024-02-29,PHX,DEN,True,False,15.4,6,3,1,0,0,1,1,1,0,True
SYN0023,Synthetic Player 023,2023-24,2023-24_PHX_074,2024-03-03,PHX,DET,False,False,18.3,8,3,1,1,1,1,1,1,0,True
SYN0023,Synthetic Player 023,2023-24,2023-24_PHX_075,2024-03-06,PHX,GSW,True,False,10.3,4,2,1,0,0,0,1,1,0,True
SYN0023,Synthetic Player 023,2023-24,2023-24_PHX_076,2024-03-08,PHX,HOU,False,False,15.5,6,3,1,0,0,1,1,1,0,True
SYN0023,Synthetic Player 023,2023-24,2023-24_PHX_077,2024-03-10,PHX,IND,True,True,26.3,9,4,2,1,1,2,2,1,0,True
SYN0023,Synthetic Player 023,2023-24,2023-24_PHX_078,2024-03-12,PHX,LAC,False,False,18.6,6,4,1,1,1,1,1,1,0,True
SYN0023,Synthetic Player 023,2023-24,2023-24_PHX_079,2024-03-14,PHX,LAL,True,False,19.1,5,4,1,1,1,1,2,1,1,True
SYN0023,Synthetic Player 023,2023-24,2023-24_PHX_080,2024-03-15,PHX,MEM,False,False,17.8,7,4,1,1,1,1,1,1,0,True
SYN0023,Synthetic Player 023,2023-24,2023-24_PHX_081,2024-03-18,PHX,MIA,True,False,8.6,3,1,1,0,0,0,1,0,0,True
SYN0024,Synthetic Player 024,2023-24,2023-24_POR_000,2023-10-21,POR,SAC,False,False,21.2,9,6,1,0,1,1,2,2,0,True
SYN0024,Synthetic Player 024,2023-24,2023-24_POR_001,2023-10-22,POR,SAS,True,False,19.5,4,4,2,1,1,1,2,1,0,True
SYN0024,Synthetic Player 024,2023-24,2023-24_POR_002,2023-10-24,POR,TOR,False,False,21.4,11,6,1,1,1,1,1,2,0,True
SYN0024,Synthetic Player 024,2023-24,2023-24_POR_003,2023-10-25,POR,UTA,True,False,18.3,10,6,1,0,1,1,1,1,0,True
SYN0024,Synthetic Player 024,2023-24,2023-24_POR_005,2023-10-29,POR,ATL,True,True,31.4,10,8,2,1,2,1,3,1,0,True
SYN0024,Synthetic Player 024,2023-24,2023-24_POR_006,2023-10-31,POR,BOS,False,False,20.6,11,5,2,1,1,1,2,2,0,True
SYN0024,Synthetic Player 024,2023-24,2023-24_POR_009,2023-11-06,POR,CHI,True,False,13.8,4,4,1,0,1,1,1,0,0,True
SYN0024,Synthetic Player 024,2023-24,2023-24_POR_010,2023-11-07,POR,CLE,False,True,24.0,15,5,2,0,1,1,2,2,1,True
SYN0024,Synthetic Player 024,2023-24,2023-24_POR_011,2023-11-09,POR,DAL,True,True,26.1,9,4,3,1,1,1,2,2,0,True
SYN0024,Synthetic Player 024,2023-24,2023-24_POR_012,2023-11-12,POR,DEN,False,False,21.2,7,6,2,0,1,1,2,1,0,True
SYN0024,Synthetic Player 024,2023-24,2023-24_POR_013,2023-11-13,POR,DET,True,True,29.0,5,4,2,1,1,2,2,1,0,True
SYN0024,Synthetic Player 024,2023-24,2023-24_POR_014,2023-11-14,POR,GSW,False,False,17.8,6,4,1,0,0,1,2,1,0,True
SYN0024,Synthetic Player 024,2023-24,2023-24_POR_015,2023-11-16,POR,HOU,True,False,16.3,7,7,1,0,1,1,2,1,0,True
SYN0024,Synthetic Player 024,2023-24,2023-24_POR_016,2023-11-18,POR,IND,False,True,25.1,8,7,3,1,1,2,2,1,0,True
SYN0024,Synthetic Player 024,2023-24,2023-24_POR_017,2023-11-19,POR,LAC,True,True,24.4,13,5,1,0,1,1,2,2,0,True
SYN0024,Synthetic Player 024,2023-24,2023-24_POR_018,2023-11-20,POR,LAL,False,False,22.3,7,6,2,1,1,1,3,1,0,True
SYN0024,Synthetic Player 024,2023-24,2023-24_POR_019,2023-11-22,POR,MEM,True,False,21.4,7,6,2,0,1,1,2,2,0,True
SYN0024,Synthetic Player 024,2023-24,2023-24_POR_020,2023-11-24,POR,MIA,False,False,23.2,9,5,3,0,0,1,2,2,1,True
SYN0024,Synthetic Player 024,2023-24,2023-24_POR_021,2023-11-26,POR,MIL,True,False,22.1,6,6,1,1,2,1,2,1,0,True
SYN0024,Synthetic Player 024,2023-24,2023-24_POR_022,2023-11-27,POR,MIN,False,False,18.7,6,4,2,0,1,1,2,1,0,True
SYN0024,Synthetic Player 024,2023-24,2023-24_POR_023,2023-11-29,POR,NOP,True,False,23.8,7,6,2,1,1,2,2,1,0,True
SYN0024,Synthetic Player 024,2023-24,2023-24_POR_024,2023-12-02,POR,NYK,False,True,32.3,13,8,3,0,1,2,3,3,0,True
SYN0024,Synthetic Player 024,2023-24,2023-24_POR_025,2023-12-04,POR,OKC,True,True,24.2,13,4,3,1,1,1,2,2,0,True
SYN0024,Synthetic Player 024,2023-24,2023-24_POR_026,2023-12-05,POR,ORL,False,True,25.5,8,5,3,1,2,1,2,1,0,True
SYN0024,Synthetic Player 024,2023-24,2023-24_POR_027,2023-12-07,POR,PHI,True,False,22.5,5,3,2,1,1,1,2,1,0,True
SYN0024,Synthetic Player 024,2023-24,2023-24_POR_028,2023-12-08,POR,PHX,False,True,26.5,8,7,1,0,1,2,2,2,0,True
SYN0024,Synthetic Player 024,2023-24,2023-24_POR_029,2023-12-10,POR,POR,True,False,20.7,9,5,2,0,1,1,2,1,0,True
SYN0024,Synthetic Player 024,2023-24,2023-24_POR_030,2023-12-12,POR,SAC,False,True,27.2,12,7,2,1,1,2,2,3,0,True
SYN0024,Synthetic Player 024,2023-24,2023-24_POR_031,2023-12-13,POR,SAS,True,False,21.2,8,6,2,0,1,1,2,1,0,True
SYN0024,Synthetic Player 024,2023-24,2023-24_POR_032,2023-12-15,POR,TOR,False,True,25.6,14,8,3,1,1,1,2,3,1,True
SYN0024,Synthetic Player 024,2023-24,2023-24_POR_033,2023-12-16,POR,UTA,True,False,20.7,6,5,1,0,2,1,1,1,0,True
SYN0024,Synthetic Player 024,2023-24,2023-24_POR_034,2023-12-19,POR,WAS,False,True,24.0,6,4,2,0,1,2,2,1,0,True
SYN0024,Synthetic Player 024,2023-24,2023-24_POR_035,2023-12-20,POR,ATL,True,True,28.4,8,7,3,1,2,2,3,1,0,True
SYN0024,Synthetic Player 024,2023-24,2023-24_POR_036,2023-12-23,POR,BOS,False,True,24.1,12,4,2,0,1,1,2,2,0,True
SYN0024,Synthetic Player 024,2023-24,2023-24_POR_037,2023-12-25,POR,BKN,True,False,19.3,6,4,1,0,1,2,2,1,0,True
SYN0024,Synthetic Player 024,2023-24,2023-24_POR_038,2023-12-27,POR,CHA,False,False,22.4,10,8,2,1,1,1,2,1,0,True
SYN0024,Synthetic Player 024,2023-24,2023-24_POR_039,2023-12-28,POR,CHI,True,True,24.5,7,8,2,0,1,1,2,1,0,True
SYN0024,Synthetic Player 024,2023-24,2023-24_POR_040,2023-12-30,POR,CLE,False,False,18.6,9,9,2,0,1,1,2,2,0,True
SYN0024,Synthetic Player 024,2023-24,2023-24_POR_041,2024-01-01,POR,DAL,True,True,26.2,9,9,2,0,1,1,2,1,0,True
SYN0024,Synthetic Player 024,2023-24,2023-24_POR_042,2024-01-02,POR,DEN,False,True,27.1,7,7,2,0,1,2,3,1,0,True
SYN0024,Synthetic Player 024,2023-24,2023-24_POR_043,2024-01-04,POR,DET,True,False,22.0,7,7,2,0,1,1,2,1,0,True
SYN0024,Synthetic Player 024,2023-24,2023-24_POR_044,2024-01-06,POR,GSW,False,False,23.4,6,6,2,0,2,1,2,1,0,True
SYN0024,Synthetic Player 024,2023-24,2023-24_POR_045,2024-01-08,POR,HOU,True,True,31.1,16,9,3,0,3,2,2,3,0,True
SYN0024,Synthetic Player 024,2023-24,2023-24_POR_046,2024-01-10,POR,IND,False,True,27.6,12,8,2,1,1,2,2,1,0,True
SYN0024,Synthetic Player 024,2023-24,2023-24_POR_047,2024-01-12,POR,LAC,True,False,23.7,13,7,2,0,1,1,2,2,1,True
SYN0024,Synthetic Player 024,2023-24,2023-24_POR_048,2024-01-14,POR,LAL,False,True,25.2,11,5,2,0,1,2,2,2,0,True
SYN0024,Synthetic Player 024,2023-24,2023-24_POR_049,2024-01-16,POR,MEM,True,True,27.5,25,7,3,1,1,1,2,2,1,True
SYN0024,Synthetic Player 024,2023-24,2023-24_POR_050,2024-01-18,POR,MIA,False,False,14.1,6,3,1,0,1,1,1,1,0,True
SYN0024,Synthetic Player 024,2023-24,2023-24_POR_051,2024-01-20,POR,MIL,True,False,19.7,8,3,1,1,1,2,2,1,0,True
SYN0024,Synthetic Player 024,2023-24,2023-24_POR_052,2024-01-22,POR,MIN,False,False,23.0,8,7,2,0,1,1,2,1,0,True
SYN0024,Synthetic Player 024,2023-24,2023-24_POR_053,2024-01-24,POR,NOP,True,True,24.5,7,6,2,0,1,1,1,2,0,True
SYN0024,Synthetic Player 024,2023-24,2023-24_POR_054,2024-01-26,POR,NYK,False,False,13.3,7,3,1,0,1,1,1,1,0,True
SYN0024,Synthetic Player 024,2023-24,2023-24_POR_055,2024-01-27,POR,OKC,True,True,33.6,11,9,3,1,2,2,3,2,0,True
SYN0024,Synthetic Player 024,2023-24,2023-24_POR_056,2024-01-28,POR,ORL,False,False,20.1,8,4,1,0,1,1,2,1,0,True
SYN0024,Synthetic Player 024,2023-24,2023-24_POR_057,2024-01-30,POR,PHI,True,True,25.6,11,7,3,0,1,1,2,2,0,True
SYN0024,Synthetic Player 024,2023-24,2023-24_POR_058,2024-01-31,POR,PHX,False,False,23.9,9,7,2,0,1,1,2,1,0,True
SYN0024,Synthetic Player 024,2023-24,2023-24_POR_059,2024-02-02,POR,POR,True,True,26.0,7,8,2,1,1,2,3,1,0,True
SYN0024,Synthetic Player 024,2023-24,2023-24_POR_060,2024-02-04,POR,SAC,False,False,21.1,8,5,2,0,1,1,2,2,0,True
SYN0024,Synthetic Player 024,2023-24,2023-24_POR_061,2024-02-06,POR,SAS,True,False,20.6,8,5,2,1,1,1,2,1,0,True
SYN0024,Synthetic Player 024,2023-24,2023-24_POR_062,2024-02-09,POR,TOR,False,True,30.2,17,9,3,0,1,1,3,3,1,True
SYN0024,Synthetic Player 024,2023-24,2023-24_POR_063,2024-02-10,POR,UTA,True,False,17.3,9,7,1,0,1,1,1,2,0,True
SYN0024,Synthetic Player 024,2023-24,2023-24_POR_064,2024-02-12,POR,WAS,False,False,22.6,9,9,2,0,1,1,2,1,0,True
SYN0024,Synthetic Player 024,2023-24,2023-24_POR_065,2024-02-14,POR,ATL,True,False,20.3,7,5,2,0,1,1,2,1,0,True
SYN0024,Synthetic Player 024,2023-24,2023-24_POR_072,2024-02-27,POR,DEN,False,True,26.2,7,7,2,1,1,1,2,1,0,True
SYN0024,Synthetic Player 024,2023-24,2023-24_POR_073,2024-02-29,POR,DET,True,False,22.7,6,5,1,0,1,1,2,2,0,True
SYN0024,Synthetic Player 024,2023-24,2023-24_POR_074,2024-03-02,POR,GSW,False,False,14.1,6,3,2,1,1,1,1,1,0,True
SYN0024,Synthetic Player 024,2023-24,2023-24_POR_075,2024-03-04,POR,HOU,True,False,17.4,7,4,1,0,1,1,1,1,0,True
SYN0024,Synthetic Player 024,2023-24,2023-24_POR_076,2024-03-06,POR,IND,False,False,17.8,6,5,1,0,1,1,1,1,0,True
SYN0024,Synthetic Player 024,2023-24,2023-24_POR_077,2024-03-08,POR,LAC,True,False,22.7,9,6,1,1,1,1,2,2,0,True
SYN0024,Synthetic Player 024,2023-24,2023-24_POR_078,2024-03-10,POR,LAL,False,False,20.4,8,6,1,1,1,1,2,1,0,True
SYN0024,Synthetic Player 024,2023-24,2023-24_POR_079,2024-03-12,POR,MEM,True,False,20.8,6,4,2,0,1,1,2,1,0,True
SYN0024,Synthetic Player 024,2023-24,2023-24_POR_080,2024-03-14,POR,MIA,False,False,15.6,8,3,1,0,1,1,1,1,0,True
SYN0024,Synthetic Player 024,2023-24,2023-24_POR_081,2024-03-15,POR,MIL,True,False,21.9,7,4,1,0,1,1,1,1,0,True
SYN0025,Synthetic Player 025,2023-24,2023-24_SAC_000,2023-10-22,SAC,SAS,False,True,26.2,13,6,8,1,0,2,2,2,2,True
SYN0025,Synthetic Player 025,2023-24,2023-24_SAC_001,2023-10-23,SAC,TOR,True,True,33.2,15,4,10,1,0,3,2,2,1,True
SYN0025,Synthetic Player 025,2023-24,2023-24_SAC_002,2023-10-25,SAC,UTA,False,True,28.2,24,5,6,1,0,2,2,4,2,True
SYN0025,Synthetic Player 025,2023-24,2023-24_SAC_003,2023-10-27,SAC,WAS,True,False,18.1,10,3,5,1,0,1,1,2,2,True
SYN0025,Synthetic Player 025,2023-24,2023-24_SAC_004,2023-10-29,SAC,ATL,False,True,27.9,10,4,7,1,0,1,1,2,1,True
SYN0025,Synthetic Player 025,2023-24,2023-24_SAC_005,2023-10-30,SAC,BOS,True,True,34.0,27,6,6,1,0,3,1,6,2,True
SYN0025,Synthetic Player 025,2023-24,2023-24_SAC_006,2023-11-01,SAC,BKN,False,True,25.9,22,4,8,1,0,2,1,4,3,True
SYN0025,Synthetic Player 025,2023-24,2023-24_SAC_007,2023-11-03,SAC,CHA,True,True,26.8,21,4,5,1,0,2,2,4,3,True
SYN0025,Synthetic Player 025,2023-24,2023-24_SAC_008,2023-11-06,SAC,CHI,False,True,29.8,11,6,5,1,0,3,1,2,1,True
SYN0025,Synthetic Player 025,2023-24,2023-24_SAC_009,2023-11-07,SAC,CLE,True,False,22.4,14,3,5,1,0,2,1,2,2,True
SYN0025,Synthetic Player 025,2023-24,2023-24_SAC_010,2023-11-09,SAC,DAL,False,True,37.1,20,7,9,1,0,3,2,4,3,True
SYN0025,Synthetic Player 025,2023-24,2023-24_SAC_011,2023-11-11,SAC,DEN,True,True,27.8,17,5,7,1,0,2,2,3,2,True
SYN0025,Synthetic Player 025,2023-24,2023-24_SAC_012,2023-11-12,SAC,DET,False,True,27.3,16,5,6,1,0,2,1,2,1,True
SYN0025,Synthetic Player 025,2023-24,2023-24_SAC_013,2023-11-14,SAC,GSW,True,True,24.6,9,4,5,1,0,2,1,2,1,True
SYN0025,Synthetic Player 025,2023-24,2023-24_SAC_014,2023-11-16,SAC,HOU,False,True,31.3,27,5,12,2,0,3,2,4,3,True
SYN0025,Synthetic Player 025,2023-24,2023-24_SAC_015,2023-11-17,SAC,IND,True,True,25.6,20,5,4,1,0,3,1,2,2,True
SYN0025,Synthetic Player 025,2023-24,2023-24_SAC_016,2023-11-19,SAC,LAC,False,True,27.2,12,4,6,2,0,2,1,2,2,True
SYN0025,Synthetic Player 025,2023-24,2023-24_SAC_017,2023-11-20,SAC,LAL,True,True,30.1,14,5,7,1,0,2,2,2,2,True
SYN0025,Synthetic Player 025,2023-24,2023-24_SAC_018,2023-11-22,SAC,MEM,False,True,26.9,21,4,7,1,0,2,1,3,2,True
SYN0025,Synthetic Player 025,2023-24,2023-24_SAC_019,2023-11-25,SAC,MIA,True,True,24.6,12,6,5,1,0,2,2,1,2,True
SYN0025,Synthetic Player 025,2023-24,2023-24_SAC_020,2023-11-27,SAC,MIL,False,True,24.2,10,6,5,1,0,2,1,2,1,True
SYN0025,Synthetic Player 025,2023-24,2023-24_SAC_021,2023-11-29,SAC,MIN,True,True,24.6,19,4,6,1,0,2,1,3,2,True
SYN0025,Synthetic Player 025,2023-24,2023-24_SAC_038,2023-12-29,SAC,CHI,False,True,31.5,26,5,8,1,0,3,2,4,3,True
SYN0025,Synthetic Player 025,2023-24,2023-24_SAC_039,2023-12-31,SAC,CLE,True,True,27.1,21,6,5,1,0,2,2,2,2,True
SYN0025,Synthetic Player 025,2023-24,2023-24_SAC_040,2024-01-02,SAC,DAL,False,True,33.7,36,4,5,1,0,3,2,5,4,True
SYN0025,Synthetic Player 025,2023-24,2023-24_SAC_041,2024-01-04,SAC,DEN,True,False,21.0,11,4,5,1,0,2,1,2,1,True
SYN0025,Synthetic Player 025,2023-24,2023-24_SAC_042,2024-01-06,SAC,DET,False,False,23.8,12,4,4,1,0,2,1,2,1,True
SYN0025,Synthetic Player 025,2023-24,2023-24_SAC_043,2024-01-09,SAC,GSW,True,True,27.1,13,4,7,1,0,3,2,2,2,True
SYN0025,Synthetic Player 025,2023-24,2023-24_SAC_050,2024-01-21,SAC,MIL,False,True,28.4,15,5,6,1,0,3,1,3,2,True
SYN0025,Synthetic Player 025,2023-24,2023-24_SAC_051,2024-01-23,SAC,MIN,True,True,29.0,11,5,8,2,0,3,2,2,1,True
SYN0025,Synthetic Player 025,2023-24,2023-24_SAC_052,2024-01-24,SAC,NOP,False,True,29.6,12,6,7,1,0,2,2,1,1,True
SYN0025,Synthetic Player 025,2023-24,2023-24_SAC_053,2024-01-26,SAC,NYK,True,True,27.1,18,4,6,2,0,2,2,4,3,True
SYN0025,Synthetic Player 025,2023-24,2023-24_SAC_054,2024-01-27,SAC,OKC,False,True,34.9,25,10,6,1,0,4,2,3,3,True
SYN0025,Synthetic Player 025,2023-24,2023-24_SAC_055,2024-01-29,SAC,ORL,True,True,29.6,22,5,7,1,0,3,1,4,3,True
SYN0025,Synthetic Player 025,2023-24,2023-24_SAC_056,2024-01-31,SAC,PHI,False,True,27.2,13,6,3,1,0,3,1,2,2,True
SYN0025,Synthetic Player 025,2023-24,2023-24_SAC_057,2024-02-02,SAC,PHX,True,True,25.2,12,4,7,1,0,2,2,2,2,True
SYN0025,Synthetic Player 025,2023-24,2023-24_SAC_058,2024-02-04,SAC,POR,False,False,20.7,12,2,6,1,0,2,1,2,1,True
SYN0025,Synthetic Player 025,2023-24,2023-24_SAC_059,2024-02-06,SAC,SAC,True,False,23.3,12,5,5,1,0,3,1,2,1,True
SYN0025,Synthetic Player 025,2023-24,2023-24_SAC_060,2024-02-08,SAC,SAS,False,True,27.2,10,5,4,1,0,3,2,2,1,True
SYN0025,Synthetic Player 025,2023-24,2023-24_SAC_061,2024-02-10,SAC,TOR,True,True,30.4,18,5,7,1,0,3,2,3,2,True
SYN0025,Synthetic Player 025,2023-24,2023-24_SAC_062,2024-02-11,SAC,UTA,False,True,27.2,12,5,5,1,0,2,1,3,2,True
SYN0025,Synthetic Player 025,2023-24,2023-24_SAC_067,2024-02-20,SAC,CHA,True,True,29.5,19,5,7,1,0,2,2,3,3,True
SYN0025,Synthetic Player 025,2023-24,2023-24_SAC_068,2024-02-21,SAC,CHI,False,True,27.6,13,4,8,1,0,2,1,3,2,True
SYN0025,Synthetic Player 025,2023-24,2023-24_SAC_069,2024-02-23,SAC,CLE,True,True,32.0,20,6,6,1,0,3,2,4,2,True
SYN0025,Synthetic Player 025,2023-24,2023-24_SAC_072,2024-03-01,SAC,DET,False,False,21.5,7,3,6,1,0,2,1,1,1,True
SYN0025,Synthetic Player 025,2023-24,2023-24_SAC_073,2024-03-02,SAC,GSW,True,True,24.3,13,5,5,1,0,2,1,2,2,True
SYN0025,Synthetic Player 025,2023-24,2023-24_SAC_074,2024-03-04,SAC,HOU,False,True,27.7,17,4,6,1,0,3,2,4,2,True
SYN0025,Synthetic Player 025,2023-24,2023-24_SAC_075,2024-03-06,SAC,IND,True,False,23.9,17,4,4,1,0,2,1,3,2,True
SYN0025,Synthetic Player 025,2023-24,2023-24_SAC_076,2024-03-07,SAC,LAC,False,True,33.7,20,7,11,2,0,3,2,3,2,True
SYN0025,Synthetic Player 025,2023-24,2023-24_SAC_077,2024-03-10,SAC,LAL,True,True,30.2,8,5,8,1,0,3,2,2,1,True
SYN0025,Synthetic Player 025,2023-24,2023-24_SAC_078,2024-03-12,SAC,MEM,False,True,27.0,20,5,6,1,0,2,1,3,3,True
SYN0025,Synthetic Player 025,2023-24,2023-24_SAC_079,2024-03-13,SAC,MIA,True,True,25.8,11,6,6,1,0,2,1,2,1,True
SYN0025,Synthetic Player 025,2023-24,2023-24_SAC_080,2024-03-15,SAC,MIL,False,True,31.1,18,4,4,1,0,3,2,3,2,True
SYN0025,Synthetic Player 025,2023-24,2023-24_SAC_081,2024-03-18,SAC,MIN,True,True,31.2,14,5,9,1,0,3,2,3,2,True
SYN0026,Synthetic Player 026,2023-24,2023-24_SAS_000,2023-10-23,SAS,TOR,False,True,28.0,21,3,3,1,0,2,2,3,3,True
SYN0026,Synthetic Player 026,2023-24,2023-24_SAS_001,2023-10-26,SAS,UTA,True,True,27.4,21,4,2,1,0,2,2,3,4,True
SYN0026,Synthetic Player 026,2023-24,2023-24_SAS_002,2023-10-28,SAS,WAS,False,False,19.4,11,3,2,1,0,1,1,2,2,True
SYN0026,Synthetic Player 026,2023-24,2023-24_SAS_004,2023-11-01,SAS,BOS,False,True,28.5,22,4,3,1,0,2,1,5,2,True
SYN0026,Synthetic Player 026,2023-24,2023-24_SAS_005,2023-11-03,SAS,BKN,True,False,23.4,10,4,3,1,0,2,1,2,1,True
SYN0026,Synthetic Player 026,2023-24,2023-24_SAS_006,2023-11-05,SAS,CHA,False,True,27.6,18,3,2,1,0,2,2,4,2,True
SYN0026,Synthetic Player 026,2023-24,2023-24_SAS_008,2023-11-09,SAS,CLE,False,True,31.0,22,4,3,1,0,2,2,3,2,True
SYN0026,Synthetic Player 026,2023-24,2023-24_SAS_009,2023-11-11,SAS,DAL,True,True,25.8,15,3,3,1,0,2,2,3,2,True
SYN0026,Synthetic Player 026,2023-24,2023-24_SAS_010,2023-11-13,SAS,DEN,False,True,32.5,15,5,4,1,0,3,2,2,2,True
SYN0026,Synthetic Player 026,2023-24,2023-24_SAS_011,2023-11-14,SAS,DET,True,False,22.0,9,3,2,1,0,1,1,2,1,True
SYN0026,Synthetic Player 026,2023-24,2023-24_SAS_014,2023-11-21,SAS,IND,False,True,28.6,16,4,4,1,0,2,1,3,3,True
SYN0026,Synthetic Player 026,2023-24,2023-24_SAS_015,2023-11-24,SAS,LAC,True,True,29.9,12,4,3,1,0,1,2,2,2,True
SYN0026,Synthetic Player 026,2023-24,2023-24_SAS_016,2023-11-25,SAS,LAL,False,True,34.4,13,4,3,1,0,2,2,2,1,True
SYN0026,Synthetic Player 026,2023-24,2023-24_SAS_019,2023-11-29,SAS,MIL,True,True,30.9,13,5,3,1,0,2,2,2,1,True
SYN0026,Synthetic Player 026,2023-24,2023-24_SAS_021,2023-12-02,SAS,NOP,True,True,24.3,8,2,2,1,0,1,2,1,1,True
SYN0026,Synthetic Player 026,2023-24,2023-24_SAS_022,2023-12-03,SAS,NYK,False,False,23.4,14,3,3,1,0,1,2,2,2,True
SYN0026,Synthetic Player 026,2023-24,2023-24_SAS_023,2023-12-05,SAS,OKC,True,True,30.2,15,5,4,1,1,2,2,3,2,True
SYN0026,Synthetic Player 026,2023-24,2023-24_SAS_024,2023-12-07,SAS,ORL,False,True,26.8,14,3,3,1,0,1,2,3,2,True
SYN0026,Synthetic Player 026,2023-24,2023-24_SAS_025,2023-12-08,SAS,PHI,True,True,29.8,18,4,3,1,0,2,2,4,1,True
SYN0026,Synthetic Player 026,2023-24,2023-24_SAS_032,2023-12-21,SAS,WAS,False,True,36.2,23,6,4,1,0,3,2,4,4,True
SYN0026,Synthetic Player 026,2023-24,2023-24_SAS_033,2023-12-23,SAS,ATL,True,True,26.0,18,3,3,1,0,1,2,3,3,True
SYN0026,Synthetic Player 026,2023-24,2023-24_SAS_034,2023-12-25,SAS,BOS,False,True,34.9,23,4,4,1,0,2,3,3,2,True
SYN0026,Synthetic Player 026,2023-24,2023-24_SAS_035,2023-12-27,SAS,BKN,True,True,32.4,8,5,3,2,0,2,2,1,1,True
SYN0026,Synthetic Player 026,2023-24,2023-24_SAS_036,2023-12-29,SAS,CHA,False,True,28.4,22,3,3,1,0,2,2,3,5,True
SYN0026,Synthetic Player 026,2023-24,2023-24_SAS_037,2023-12-30,SAS,CHI,True,True,26.0,14,3,4,1,0,2,2,3,2,True
SYN0026,Synthetic Player 026,2023-24,2023-24_SAS_038,2024-01-02,SAS,CLE,False,False,21.2,16,3,2,0,0,2,1,2,2,True
SYN0026,Synthetic Player 026,2023-24,2023-24_SAS_039,2024-01-04,SAS,DAL,True,True,24.5,16,3,3,1,0,2,1,2,3,True
SYN0026,Synthetic Player 026,2023-24,2023-24_SAS_040,2024-01-06,SAS,DEN,False,False,18.5,10,3,1,0,0,1,1,2,1,True
SYN0026,Synthetic Player 026,2023-24,2023-24_SAS_041,2024-01-08,SAS,DET,True,True,31.3,25,5,3,1,0,2,2,4,3,True
SYN0026,Synthetic Player 026,2023-24,2023-24_SAS_042,2024-01-10,SAS,GSW,False,True,35.1,37,4,4,1,0,2,2,8,4,True
SYN0026,Synthetic Player 026,2023-24,2023-24_SAS_043,2024-01-11,SAS,HOU,True,True,31.8,13,4,4,1,0,2,2,3,1,True
SYN0026,Synthetic Player 026,2023-24,2023-24_SAS_044,2024-01-13,SAS,IND,False,True,29.6,16,5,3,1,0,2,2,4,3,True
SYN0026,Synthetic Player 026,2023-24,2023-24_SAS_045,2024-01-15,SAS,LAC,True,True,26.1,17,3,3,1,0,2,2,3,2,True
SYN0026,Synthetic Player 026,2023-24,2023-24_SAS_046,2024-01-17,SAS,LAL,False,True,27.5,8,4,4,1,0,1,2,1,1,True
SYN0026,Synthetic Player 026,2023-24,2023-24_SAS_047,2024-01-19,SAS,MEM,True,True,29.0,18,3,2,1,0,2,2,4,3,True
SYN0026,Synthetic Player 026,2023-24,2023-24_SAS_048,2024-01-21,SAS,MIA,False,True,32.7,15,5,3,1,0,2,2,3,2,True
SYN0026,Synthetic Player 026,2023-24,2023-24_SAS_049,2024-01-23,SAS,MIL,True,True,38.3,25,3,4,1,0,3,3,5,2,True
SYN0026,Synthetic Player 026,2023-24,2023-24_SAS_050,2024-01-25,SAS,MIN,False,True,26.5,18,3,3,1,0,2,2,2,2,True
SYN0026,Synthetic Player 026,2023-24,2023-24_SAS_052,2024-01-31,SAS,NYK,False,True,28.6,20,3,4,1,0,2,2,3,2,True
SYN0026,Synthetic Player 026,2023-24,2023-24_SAS_053,2024-02-02,SAS,OKC,True,True,29.7,15,5,1,1,0,2,2,2,2,True
SYN0026,Synthetic Player 026,2023-24,2023-24_SAS_054,2024-02-05,SAS,ORL,False,True,29.7,17,4,5,1,0,2,1,3,2,True
SYN0026,Synthetic Player 026,2023-24,2023-24_SAS_055,2024-02-08,SAS,PHI,True,True,29.4,13,3,3,1,0,2,2,2,1,True
SYN0026,Synthetic Player 026,2023-24,2023-24_SAS_056,2024-02-11,SAS,PHX,False,True,29.5,11,4,3,2,0,1,2,2,1,True
SYN0026,Synthetic Player 026,2023-24,2023-24_SAS_057,2024-02-12,SAS,POR,True,True,38.1,17,3,5,1,1,2,2,3,2,True
SYN0026,Synthetic Player 026,2023-24,2023-24_SAS_058,2024-02-14,SAS,SAC,False,True,24.5,19,3,2,0,0,1,2,5,2,True
SYN0026,Synthetic Player 026,2023-24,2023-24_SAS_059,2024-02-16,SAS,SAS,True,True,26.7,10,3,3,1,0,2,2,2,1,True
SYN0026,Synthetic Player 026,2023-24,2023-24_SAS_060,2024-02-18,SAS,TOR,False,False,21.7,17,2,2,1,0,1,1,2,2,True
SYN0026,Synthetic Player 026,2023-24,2023-24_SAS_061,2024-02-20,SAS,UTA,True,True,26.9,23,3,3,1,0,1,2,4,4,True
SYN0026,Synthetic Player 026,2023-24,2023-24_SAS_062,2024-02-21,SAS,WAS,False,True,30.3,15,4,4,1,0,2,2,2,1,True
SYN0026,Synthetic Player 026,2023-24,2023-24_SAS_063,2024-02-23,SAS,ATL,True,True,27.4,15,3,2,1,0,1,2,3,1,True
SYN0026,Synthetic Player 026,2023-24,2023-24_SAS_064,2024-02-24,SAS,BOS,False,True,24.7,14,3,3,1,0,1,2,2,2,True
SYN0026,Synthetic Player 026,2023-24,2023-24_SAS_065,2024-02-27,SAS,BKN,True,True,32.6,16,4,4,1,0,2,2,2,1,True
SYN0026,Synthetic Player 026,2023-24,2023-24_SAS_066,2024-02-28,SAS,CHA,False,False,22.7,11,2,2,1,0,1,1,2,1,True
SYN0026,Synthetic Player 026,2023-24,2023-24_SAS_067,2024-03-01,SAS,CHI,True,False,21.9,10,4,2,1,0,2,2,2,1,True
SYN0026,Synthetic Player 026,2023-24,2023-24_SAS_068,2024-03-03,SAS,CLE,False,True,28.0,15,3,3,1,0,1,2,2,2,True
SYN0026,Synthetic Player 026,2023-24,2023-24_SAS_070,2024-03-07,SAS,DEN,False,True,26.6,12,4,4,1,0,2,2,2,2,True
SYN0026,Synthetic Player 026,2023-24,2023-24_SAS_071,2024-03-09,SAS,DET,True,False,23.6,15,3,3,1,0,2,1,3,3,True
SYN0026,Synthetic Player 026,2023-24,2023-24_SAS_072,2024-03-11,SAS,GSW,False,True,29.4,9,4,3,1,0,1,2,2,1,True
SYN0026,Synthetic Player 026,2023-24,2023-24_SAS_073,2024-03-13,SAS,HOU,True,True,25.5,13,4,3,1,0,1,1,3,1,True
SYN0026,Synthetic Player 026,2023-24,2023-24_SAS_074,2024-03-15,SAS,IND,False,True,30.3,20,4,4,1,0,3,2,4,3,True
SYN0026,Synthetic Player 026,2023-24,2023-24_SAS_075,2024-03-16,SAS,LAC,True,True,28.6,15,3,3,1,0,2,2,3,2,True
SYN0026,Synthetic Player 026,2023-24,2023-24_SAS_076,2024-03-18,SAS,LAL,False,True,28.2,14,3,3,1,0,2,1,3,2,True
SYN0026,Synthetic Player 026,2023-24,2023-24_SAS_077,2024-03-20,SAS,MEM,True,True,38.8,24,7,5,1,0,3,3,4,3,True
SYN0026,Synthetic Player 026,2023-24,2023-24_SAS_078,2024-03-23,SAS,MIA,False,True,24.4,9,4,2,1,0,2,1,2,1,True
SYN0026,Synthetic Player 026,2023-24,2023-24_SAS_079,2024-03-24,SAS,MIL,True,True,30.6,15,4,4,1,0,2,2,4,2,True
SYN0026,Synthetic Player 026,2023-24,2023-24_SAS_080,2024-03-27,SAS,MIN,False,False,24.0,15,3,2,1,0,1,2,2,2,True
SYN0026,Synthetic Player 026,2023-24,2023-24_SAS_081,2024-03-28,SAS,NOP,True,True,27.9,12,4,3,1,0,2,2,2,2,True
SYN0027,Synthetic Player 027,2023-24,2023-24_TOR_000,2023-10-21,TOR,UTA,False,False,11.5,9,3,2,1,0,1,1,2,1,True
SYN0027,Synthetic Player 027,2023-24,2023-24_TOR_001,2023-10-23,TOR,WAS,True,False,16.1,11,4,2,1,0,1,1,2,1,True
SYN0027,Synthetic Player 027,2023-24,2023-24_TOR_002,2023-10-25,TOR,ATL,False,True,29.7,21,6,2,1,0,2,2,3,2,True
SYN0027,Synthetic Player 027,2023-24,2023-24_TOR_003,2023-10-27,TOR,BOS,True,False,19.9,11,3,3,1,0,1,1,2,2,True
SYN0027,Synthetic Player 027,2023-24,2023-24_TOR_004,2023-10-29,TOR,BKN,False,False,16.9,10,3,2,1,0,1,1,1,1,True
SYN0027,Synthetic Player 027,2023-24,2023-24_TOR_006,2023-11-01,TOR,CHI,False,False,10.0,9,2,2,0,0,1,1,1,1,True
SYN0027,Synthetic Player 027,2023-24,2023-24_TOR_007,2023-11-03,TOR,CLE,True,False,16.6,8,4,2,0,0,1,1,2,1,True
SYN0027,Synthetic Player 027,2023-24,2023-24_TOR_008,2023-11-05,TOR,DAL,False,False,14.8,7,3,2,1,0,1,1,1,1,True
SYN0027,Synthetic Player 027,2023-24,2023-24_TOR_009,2023-11-07,TOR,DEN,True,False,23.7,13,5,2,1,0,2,2,2,1,True
SYN0027,Synthetic Player 027,2023-24,2023-24_TOR_010,2023-11-10,TOR,DET,False,False,20.8,14,4,4,0,0,2,1,2,1,True
SYN0027,Synthetic Player 027,2023-24,2023-24_TOR_011,2023-11-12,TOR,GSW,True,True,28.3,19,8,6,1,0,2,2,4,3,True
SYN0027,Synthetic Player 027,2023-24,2023-24_TOR_012,2023-11-14,TOR,HOU,False,False,15.4,8,3,2,0,0,1,1,1,1,True
SYN0027,Synthetic Player 027,2023-24,2023-24_TOR_013,2023-11-16,TOR,IND,True,False,13.2,8,3,2,0,0,1,1,1,1,True
SYN0027,Synthetic Player 027,2023-24,2023-24_TOR_014,2023-11-18,TOR,LAC,False,False,19.9,12,4,3,1,0,1,1,2,1,True
SYN0027,Synthetic Player 027,2023-24,2023-24_TOR_015,2023-11-20,TOR,LAL,True,True,24.5,24,4,4,1,0,1,1,4,2,True
SYN0027,Synthetic Player 027,2023-24,2023-24_TOR_016,2023-11-21,TOR,MEM,False,False,23.5,12,4,6,1,0,1,1,1,1,True
SYN0027,Synthetic Player 027,2023-24,2023-24_TOR_017,2023-11-23,TOR,MIA,True,False,15.8,10,2,3,1,0,1,1,2,1,True
SYN0027,Synthetic Player 027,2023-24,2023-24_TOR_018,2023-11-26,TOR,MIL,False,False,14.7,8,3,3,0,0,1,1,1,1,True
SYN0027,Synthetic Player 027,2023-24,2023-24_TOR_019,2023-11-27,TOR,MIN,True,False,18.9,10,3,3,1,0,1,1,2,1,True
SYN0027,Synthetic Player 027,2023-24,2023-24_TOR_020,2023-11-29,TOR,NOP,False,True,24.6,21,4,4,1,0,1,2,3,3,True
SYN0027,Synthetic Player 027,2023-24,2023-24_TOR_021,2023-12-01,TOR,NYK,True,False,12.1,10,2,2,1,0,1,1,1,1,True
SYN0027,Synthetic Player 027,2023-24,2023-24_TOR_022,2023-12-02,TOR,OKC,False,False,22.3,14,5,3,1,1,1,1,2,2,True
SYN0027,Synthetic Player 027,2023-24,2023-24_TOR_023,2023-12-04,TOR,ORL,True,True,26.9,17,6,3,1,0,1,1,3,2,True
SYN0027,Synthetic Player 027,2023-24,2023-24_TOR_024,2023-12-06,TOR,PHI,False,True,26.4,18,5,5,1,1,2,1,3,2,True
SYN0027,Synthetic Player 027,2023-24,2023-24_TOR_025,2023-12-08,TOR,PHX,True,False,17.1,8,3,3,1,0,1,1,1,1,True
SYN0027,Synthetic Player 027,2023-24,2023-24_TOR_026,2023-12-09,TOR,POR,False,True,29.2,13,3,5,1,0,1,2,2,1,True
SYN0027,Synthetic Player 027,2023-24,2023-24_TOR_027,2023-12-11,TOR,SAC,True,True,25.3,16,6,4,1,0,1,2,2,1,True
SYN0027,Synthetic Player 027,2023-24,2023-24_TOR_028,2023-12-12,TOR,SAS,False,False,23.9,15,5,4,1,0,2,2,3,2,True
SYN0027,Synthetic Player 027,2023-24,2023-24_TOR_029,2023-12-14,TOR,TOR,True,False,15.7,9,3,2,0,0,1,1,1,1,True
SYN0027,Synthetic Player 027,2023-24,2023-24_TOR_030,2023-12-16,TOR,UTA,False,False,21.9,14,4,3,1,0,1,1,2,2,True
SYN0027,Synthetic Player 027,2023-24,2023-24_TOR_031,2023-12-18,TOR,WAS,True,False,20.2,14,4,4,1,0,1,1,3,1,True
SYN0027,Synthetic Player 027,2023-24,2023-24_TOR_032,2023-12-20,TOR,ATL,False,False,20.0,13,4,4,1,0,1,1,2,2,True
SYN0027,Synthetic Player 027,2023-24,2023-24_TOR_033,2023-12-21,TOR,BOS,True,False,16.3,6,3,2,1,0,1,1,1,1,True
SYN0027,Synthetic Player 027,2023-24,2023-24_TOR_034,2023-12-24,TOR,BKN,False,False,17.7,10,4,3,0,0,2,1,2,1,True
SYN0027,Synthetic Player 027,2023-24,2023-24_TOR_035,2023-12-26,TOR,CHA,True,False,13.6,16,2,3,0,0,1,1,3,2,True
SYN0027,Synthetic Player 027,2023-24,2023-24_TOR_036,2023-12-29,TOR,CHI,False,False,17.7,10,4,2,1,0,1,1,1,1,True
SYN0027,Synthetic Player 027,2023-24,2023-24_TOR_040,2024-01-06,TOR,DET,False,False,14.4,11,3,2,1,0,1,1,2,1,True
SYN0027,Synthetic Player 027,2023-24,2023-24_TOR_043,2024-01-11,TOR,IND,True,False,22.0,16,4,3,1,0,1,1,3,2,True
SYN0027,Synthetic Player 027,2023-24,2023-24_TOR_044,2024-01-13,TOR,LAC,False,False,19.4,10,3,5,1,0,1,1,2,1,True
SYN0027,Synthetic Player 027,2023-24,2023-24_TOR_045,2024-01-16,TOR,LAL,True,False,17.3,6,3,3,0,0,1,1,1,0,True
SYN0027,Synthetic Player 027,2023-24,2023-24_TOR_046,2024-01-19,TOR,MEM,False,False,13.2,8,3,2,0,0,1,1,1,1,True
SYN0027,Synthetic Player 027,2023-24,2023-24_TOR_047,2024-01-22,TOR,MIA,True,False,23.3,12,4,6,1,0,1,1,1,1,True
SYN0027,Synthetic Player 027,2023-24,2023-24_TOR_048,2024-01-24,TOR,MIL,False,False,21.7,10,4,5,1,0,1,2,1,1,True
SYN0027,Synthetic Player 027,2023-24,2023-24_TOR_049,2024-01-26,TOR,MIN,True,False,18.6,16,3,4,1,0,1,1,2,1,True
SYN0027,Synthetic Player 027,2023-24,2023-24_TOR_050,2024-01-28,TOR,NOP,False,False,11.9,7,3,2,0,0,1,1,1,1,True
SYN0027,Synthetic Player 027,2023-24,2023-24_TOR_051,2024-01-30,TOR,NYK,True,False,19.5,9,4,4,1,0,1,1,2,1,True
SYN0027,Synthetic Player 027,2023-24,2023-24_TOR_052,2024-02-01,TOR,OKC,False,False,14.4,8,2,3,1,0,1,1,1,1,True
SYN0027,Synthetic Player 027,2023-24,2023-24_TOR_053,2024-02-02,TOR,ORL,True,True,26.4,14,4,6,1,0,2,2,2,1,True
SYN0027,Synthetic Player 027,2023-24,2023-24_TOR_054,2024-02-04,TOR,PHI,False,True,24.9,12,5,4,1,0,1,2,2,1,True
SYN0027,Synthetic Player 027,2023-24,2023-24_TOR_055,2024-02-06,TOR,PHX,True,False,18.2,10,3,3,1,0,1,1,1,1,True
SYN0027,Synthetic Player 027,2023-24,2023-24_TOR_056,2024-02-08,TOR,POR,False,False,13.4,5,2,2,0,0,1,1,1,1,True
SYN0027,Synthetic Player 027,2023-24,2023-24_TOR_057,2024-02-09,TOR,SAC,True,False,22.4,10,3,3,1,0,1,1,2,2,True
SYN0027,Synthetic Player 027,2023-24,2023-24_TOR_058,2024-02-11,TOR,SAS,False,False,21.2,13,4,3,0,0,1,1,2,2,True
SYN0027,Synthetic Player 027,2023-24,2023-24_TOR_059,2024-02-13,TOR,TOR,True,True,25.1,15,5,4,1,0,1,2,2,1,True
SYN0027,Synthetic Player 027,2023-24,2023-24_TOR_060,2024-02-15,TOR,UTA,False,False,14.6,9,2,2,1,0,1,1,1,1,True
SYN0027,Synthetic Player 027,2023-24,2023-24_TOR_061,2024-02-17,TOR,WAS,True,False,20.1,14,4,4,1,0,1,1,3,1,True
SYN0027,Synthetic Player 027,2023-24,2023-24_TOR_062,2024-02-19,TOR,ATL,False,False,13.8,8,3,3,0,0,1,1,1,1,True
SYN0027,Synthetic Player 027,2023-24,2023-24_TOR_063,2024-02-21,TOR,BOS,True,False,17.7,9,3,4,1,0,1,1,1,1,True
SYN0027,Synthetic Player 027,2023-24,2023-24_TOR_064,2024-02-23,TOR,BKN,False,False,20.5,8,4,3,1,0,1,1,1,1,True
SYN0027,Synthetic Player 027,2023-24,2023-24_TOR_065,2024-02-25,TOR,CHA,True,False,14.6,10,2,2,1,0,1,1,2,1,True
SYN0027,Synthetic Player 027,2023-24,2023-24_TOR_066,2024-02-26,TOR,CHI,False,False,18.4,10,4,2,1,0,1,1,2,1,True
SYN0027,Synthetic Player 027,2023-24,2023-24_TOR_067,2024-02-29,TOR,CLE,True,False,22.4,13,4,4,1,0,1,1,3,2,True
SYN0027,Synthetic Player 027,2023-24,2023-24_TOR_068,2024-03-01,TOR,DAL,False,False,13.9,7,2,1,1,0,1,1,1,1,True
SYN0027,Synthetic Player 027,2023-24,2023-24_TOR_069,2024-03-03,TOR,DEN,True,False,14.4,8,2,2,1,0,1,1,1,1,True
SYN0027,Synthetic Player 027,2023-24,2023-24_TOR_070,2024-03-05,TOR,DET,False,False,11.0,7,2,1,0,0,1,1,1,1,True
SYN0027,Synthetic Player 027,2023-24,2023-24_TOR_071,2024-03-08,TOR,GSW,True,False,15.4,8,3,2,1,0,1,1,1,1,True
SYN0027,Synthetic Player 027,2023-24,2023-24_TOR_072,2024-03-09,TOR,HOU,False,False,18.6,9,4,2,1,0,1,1,2,1,True
SYN0027,Synthetic Player 027,2023-24,2023-24_TOR_074,2024-03-12,TOR,LAC,False,False,18.9,9,2,3,0,0,1,1,1,1,True
SYN0027,Synthetic Player 027,2023-24,2023-24_TOR_075,2024-03-14,TOR,LAL,True,False,19.8,13,3,3,1,0,2,2,3,1,True
SYN0027,Synthetic Player 027,2023-24,2023-24_TOR_076,2024-03-16,TOR,MEM,False,False,16.8,9,3,2,1,0,1,1,1,1,True
SYN0027,Synthetic Player 027,2023-24,2023-24_TOR_077,2024-03-19,TOR,MIA,True,False,23.5,15,3,5,1,0,1,2,2,1,True
SYN0027,Synthetic Player 027,2023-24,2023-24_TOR_078,2024-03-22,TOR,MIL,False,False,8.6,5,2,2,0,0,1,0,1,1,True
SYN0027,Synthetic Player 027,2023-24,2023-24_TOR_079,2024-03-23,TOR,MIN,True,False,17.0,13,3,3,0,0,1,1,2,1,True
SYN0027,Synthetic Player 027,2023-24,2023-24_TOR_080,2024-03-26,TOR,NOP,False,False,23.1,15,4,4,1,0,1,2,3,1,True
SYN0027,Synthetic Player 027,2023-24,2023-24_TOR_081,2024-03-28,TOR,NYK,True,False,12.8,11,3,1,1,0,1,1,2,1,True
SYN0028,Synthetic Player 028,2023-24,2023-24_UTA_000,2023-10-22,UTA,WAS,False,False,22.6,11,2,2,1,1,1,2,1,0,True
SYN0028,Synthetic Player 028,2023-24,2023-24_UTA_001,2023-10-24,UTA,ATL,True,True,27.7,7,4,2,1,0,1,2,1,0,True
SYN0028,Synthetic Player 028,2023-24,2023-24_UTA_002,2023-10-26,UTA,BOS,False,False,23.5,7,4,2,1,0,1,2,1,0,True
SYN0028,Synthetic Player 028,2023-24,2023-24_UTA_003,2023-10-27,UTA,BKN,True,False,22.9,8,6,1,1,0,1,1,1,0,True
SYN0028,Synthetic Player 028,2023-24,2023-24_UTA_004,2023-10-29,UTA,CHA,False,True,31.7,8,6,3,1,1,1,2,1,1,True
SYN0028,Synthetic Player 028,2023-24,2023-24_UTA_005,2023-10-31,UTA,CHI,True,True,26.5,8,4,2,1,0,1,2,1,1,True
SYN0028,Synthetic Player 028,2023-24,2023-24_UTA_007,2023-11-03,UTA,DAL,True,True,29.9,9,3,2,1,1,2,2,2,0,True
SYN0028,Synthetic Player 028,2023-24,2023-24_UTA_008,2023-11-05,UTA,DEN,False,True,34.9,8,7,2,1,2,1,3,2,0,True
SYN0028,Synthetic Player 028,2023-24,2023-24_UTA_009,2023-11-07,UTA,DET,True,True,26.9,6,9,1,1,1,1,3,1,0,True
SYN0028,Synthetic Player 028,2023-24,2023-24_UTA_010,2023-11-08,UTA,GSW,False,True,31.2,20,3,3,1,0,1,2,2,1,True
SYN0028,Synthetic Player 028,2023-24,2023-24_UTA_011,2023-11-09,UTA,HOU,True,True,34.4,14,5,3,1,1,1,2,2,1,True
SYN0028,Synthetic Player 028,2023-24,2023-24_UTA_012,2023-11-12,UTA,IND,False,True,31.3,9,6,4,1,1,2,3,2,1,True
SYN0028,Synthetic Player 028,2023-24,2023-24_UTA_013,2023-11-14,UTA,LAC,True,True,35.9,19,6,3,1,1,2,2,3,1,True
SYN0028,Synthetic Player 028,2023-24,2023-24_UTA_014,2023-11-16,UTA,LAL,False,True,26.3,6,5,3,1,1,1,1,1,0,True
SYN0028,Synthetic Player 028,2023-24,2023-24_UTA_015,2023-11-18,UTA,MEM,True,True,32.6,11,6,2,1,1,2,2,2,1,True
SYN0028,Synthetic Player 028,2023-24,2023-24_UTA_016,2023-11-20,UTA,MIA,False,False,20.7,4,3,1,0,1,1,1,0,0,True
SYN0028,Synthetic Player 028,2023-24,2023-24_UTA_017,2023-11-22,UTA,MIL,True,True,27.6,16,4,2,1,1,1,2,2,1,True
SYN0028,Synthetic Player 028,2023-24,2023-24_UTA_018,2023-11-24,UTA,MIN,False,True,30.5,9,5,4,0,1,2,2,3,0,True
SYN0028,Synthetic Player 028,2023-24,2023-24_UTA_019,2023-11-25,UTA,NOP,True,True,32.5,7,6,3,1,2,2,3,1,0,True
SYN0028,Synthetic Player 028,2023-24,2023-24_UTA_020,2023-11-27,UTA,NYK,False,True,25.2,9,6,2,1,1,1,2,1,1,True
SYN0028,Synthetic Player 028,2023-24,2023-24_UTA_021,2023-11-29,UTA,OKC,True,True,32.6,20,4,2,1,2,1,2,3,2,True
SYN0028,Synthetic Player 028,2023-24,2023-24_UTA_022,2023-12-02,UTA,ORL,False,False,19.4,8,3,2,1,1,1,1,1,0,True
SYN0028,Synthetic Player 028,2023-24,2023-24_UTA_023,2023-12-04,UTA,PHI,True,True,31.1,8,5,4,1,1,2,2,1,0,True
SYN0028,Synthetic Player 028,2023-24,2023-24_UTA_024,2023-12-05,UTA,PHX,False,True,37.7,14,7,5,1,1,1,3,1,1,True
SYN0028,Synthetic Player 028,2023-24,2023-24_UTA_025,2023-12-07,UTA,POR,True,True,31.2,11,4,3,1,1,2,2,1,1,True
SYN0028,Synthetic Player 028,2023-24,2023-24_UTA_026,2023-12-09,UTA,SAC,False,True,29.5,9,4,2,1,1,2,1,2,1,True
SYN0028,Synthetic Player 028,2023-24,2023-24_UTA_027,2023-12-11,UTA,SAS,True,True,32.2,8,10,1,1,1,1,2,1,1,True
SYN0028,Synthetic Player 028,2023-24,2023-24_UTA_028,2023-12-13,UTA,TOR,False,True,31.4,10,3,2,1,1,2,3,1,1,True
SYN0028,Synthetic Player 028,2023-24,2023-24_UTA_029,2023-12-15,UTA,UTA,True,True,30.1,8,5,1,1,1,2,2,1,1,True
SYN0028,Synthetic Player 028,2023-24,2023-24_UTA_030,2023-12-17,UTA,WAS,False,True,33.1,18,6,4,1,1,2,3,2,1,True
SYN0028,Synthetic Player 028,2023-24,2023-24_UTA_031,2023-12-20,UTA,ATL,True,True,32.3,5,9,3,2,1,2,2,1,0,True
SYN0028,Synthetic Player 028,2023-24,2023-24_UTA_032,2023-12-22,UTA,BOS,False,True,30.5,6,5,3,1,0,3,2,1,0,True
SYN0028,Synthetic Player 028,2023-24,2023-24_UTA_033,2023-12-24,UTA,BKN,True,True,35.3,12,5,3,1,1,2,3,2,1,True
SYN0028,Synthetic Player 028,2023-24,2023-24_UTA_034,2023-12-25,UTA,CHA,False,True,33.8,10,5,4,1,1,2,2,1,0,True
SYN0028,Synthetic Player 028,2023-24,2023-24_UTA_035,2023-12-27,UTA,CHI,True,True,34.1,16,5,3,2,1,1,2,2,1,True
SYN0028,Synthetic Player 028,2023-24,2023-24_UTA_036,2023-12-29,UTA,CLE,False,True,31.0,6,4,3,1,1,2,2,1,1,True
SYN0028,Synthetic Player 028,2023-24,2023-24_UTA_037,2023-12-31,UTA,DAL,True,True,31.2,13,5,3,1,1,1,2,2,1,True
SYN0028,Synthetic Player 028,2023-24,2023-24_UTA_038,2024-01-01,UTA,DEN,False,True,28.0,4,5,2,1,0,2,2,1,0,True
SYN0028,Synthetic Player 028,2023-24,2023-24_UTA_039,2024-01-02,UTA,DET,True,True,38.8,7,8,4,1,1,2,3,1,0,True
SYN0028,Synthetic Player 028,2023-24,2023-24_UTA_040,2024-01-04,UTA,GSW,False,True,25.0,7,5,2,1,1,1,1,0,0,True
SYN0028,Synthetic Player 028,2023-24,2023-24_UTA_042,2024-01-07,UTA,IND,False,False,23.3,10,4,4,1,1,1,2,1,1,True
SYN0028,Synthetic Player 028,2023-24,2023-24_UTA_043,2024-01-08,UTA,LAC,True,True,31.0,14,5,4,1,1,1,2,3,1,True
SYN0028,Synthetic Player 028,2023-24,2023-24_UTA_044,2024-01-10,UTA,LAL,False,True,25.0,7,6,2,1,1,1,2,1,0,True
SYN0028,Synthetic Player 028,2023-24,2023-24_UTA_045,2024-01-11,UTA,MEM,True,True,35.6,15,11,5,1,1,3,2,1,1,True
SYN0028,Synthetic Player 028,2023-24,2023-24_UTA_046,2024-01-13,UTA,MIA,False,True,26.6,5,4,2,1,1,2,2,1,0,True
SYN0028,Synthetic Player 028,2023-24,2023-24_UTA_047,2024-01-14,UTA,MIL,True,False,19.0,9,4,1,1,1,1,2,3,1,True
SYN0028,Synthetic Player 028,2023-24,2023-24_UTA_049,2024-01-18,UTA,NOP,True,True,32.7,9,5,3,1,1,2,2,1,0,True
SYN0028,Synthetic Player 028,2023-24,2023-24_UTA_050,2024-01-21,UTA,NYK,False,True,27.1,9,7,2,2,1,1,2,1,0,True
SYN0028,Synthetic Player 028,2023-24,2023-24_UTA_051,2024-01-23,UTA,OKC,True,True,32.3,12,6,2,2,1,2,2,3,2,True
SYN0028,Synthetic Player 028,2023-24,2023-24_UTA_052,2024-01-25,UTA,ORL,False,True,34.8,9,9,3,1,1,1,3,2,1,True
SYN0028,Synthetic Player 028,2023-24,2023-24_UTA_053,2024-01-26,UTA,PHI,True,True,35.0,5,6,3,1,0,2,3,1,0,True
SYN0028,Synthetic Player 028,2023-24,2023-24_UTA_054,2024-01-28,UTA,PHX,False,True,29.0,15,6,3,1,1,1,2,1,1,True
SYN0028,Synthetic Player 028,2023-24,2023-24_UTA_055,2024-01-31,UTA,POR,True,True,28.9,10,5,3,1,1,1,3,1,1,True
SYN0028,Synthetic Player 028,2023-24,2023-24_UTA_058,2024-02-06,UTA,TOR,False,True,29.8,19,4,4,1,1,2,2,3,1,True
SYN0028,Synthetic Player 028,2023-24,2023-24_UTA_059,2024-02-08,UTA,UTA,True,True,29.4,6,11,4,1,1,1,2,1,0,True
SYN0028,Synthetic Player 028,2023-24,2023-24_UTA_060,2024-02-10,UTA,WAS,False,True,31.6,9,7,2,1,2,2,2,2,1,True
SYN0028,Synthetic Player 028,2023-24,2023-24_UTA_061,2024-02-12,UTA,ATL,True,True,32.2,14,6,5,1,1,2,2,2,1,True
SYN0028,Synthetic Player 028,2023-24,2023-24_UTA_062,2024-02-14,UTA,BOS,False,True,30.7,9,3,1,1,1,2,2,1,1,True
SYN0028,Synthetic Player 028,2023-24,2023-24_UTA_063,2024-02-16,UTA,BKN,True,False,23.8,6,6,2,1,1,1,2,1,0,True
SYN0028,Synthetic Player 028,2023-24,2023-24_UTA_064,2024-02-18,UTA,CHA,False,False,22.7,13,4,2,1,1,1,2,2,1,True
SYN0028,Synthetic Player 028,2023-24,2023-24_UTA_065,2024-02-21,UTA,CHI,True,True,32.6,7,7,4,1,1,1,3,1,1,True
SYN0028,Synthetic Player 028,2023-24,2023-24_UTA_066,2024-02-24,UTA,CLE,False,True,26.3,9,3,2,1,1,1,2,1,1,True
SYN0028,Synthetic Player 028,2023-24,2023-24_UTA_067,2024-02-27,UTA,DAL,True,True,32.1,20,9,2,1,1,1,2,2,2,True
SYN0028,Synthetic Player 028,2023-24,2023-24_UTA_068,2024-02-28,UTA,DEN,False,True,28.4,7,4,1,1,1,2,2,1,0,True
SYN0028,Synthetic Player 028,2023-24,2023-24_UTA_069,2024-03-02,UTA,DET,True,True,25.6,7,2,3,1,1,1,2,1,1,True
SYN0028,Synthetic Player 028,2023-24,2023-24_UTA_070,2024-03-03,UTA,GSW,False,True,31.9,5,5,3,1,1,2,2,1,0,True
SYN0028,Synthetic Player 028,2023-24,2023-24_UTA_071,2024-03-05,UTA,HOU,True,False,22.5,7,4,2,0,1,1,2,1,1,True
SYN0028,Synthetic Player 028,2023-24,2023-24_UTA_072,2024-03-08,UTA,IND,False,True,26.9,7,4,2,1,1,2,2,1,0,True
SYN0028,Synthetic Player 028,2023-24,2023-24_UTA_073,2024-03-10,UTA,LAC,True,True,33.1,11,6,3,2,1,1,3,2,1,True
SYN0028,Synthetic Player 028,2023-24,2023-24_UTA_074,2024-03-12,UTA,LAL,False,True,25.3,6,4,2,1,0,2,2,1,0,True
SYN0028,Synthetic Player 028,2023-24,2023-24_UTA_075,2024-03-14,UTA,MEM,True,True,25.5,8,4,3,0,1,1,2,1,1,True
SYN0028,Synthetic Player 028,2023-24,2023-24_UTA_076,2024-03-16,UTA,MIA,False,True,31.1,6,8,3,1,1,1,2,1,0,True
SYN0028,Synthetic Player 028,2023-24,2023-24_UTA_077,2024-03-18,UTA,MIL,True,True,30.8,13,7,4,1,1,2,2,2,1,True
SYN0028,Synthetic Player 028,2023-24,2023-24_UTA_078,2024-03-21,UTA,MIN,False,True,30.4,11,6,3,0,1,1,2,1,1,True
SYN0028,Synthetic Player 028,2023-24,2023-24_UTA_079,2024-03-23,UTA,NOP,True,True,25.2,6,7,2,0,1,1,1,1,1,True
SYN0028,Synthetic Player 028,2023-24,2023-24_UTA_080,2024-03-26,UTA,NYK,False,True,29.0,8,4,3,1,1,1,2,1,0,True
SYN0028,Synthetic Player 028,2023-24,2023-24_UTA_081,2024-03-29,UTA,OKC,True,False,22.1,9,6,1,1,1,1,2,2,0,True
SYN0029,Synthetic Player 029,2023-24,2023-24_WAS_001,2023-10-25,WAS,BOS,True,False,18.1,6,4,1,0,1,1,1,1,0,True
SYN0029,Synthetic Player 029,2023-24,2023-24_WAS_003,2023-10-28,WAS,CHA,True,True,24.6,10,7,2,1,1,1,2,2,0,True
SYN0029,Synthetic Player 029,2023-24,2023-24_WAS_004,2023-10-30,WAS,CHI,False,True,26.5,7,7,2,1,1,1,2,1,0,True
SYN0029,Synthetic Player 029,2023-24,2023-24_WAS_005,2023-11-01,WAS,CLE,True,False,22.5,8,5,1,1,1,1,2,2,0,True
SYN0029,Synthetic Player 029,2023-24,2023-24_WAS_006,2023-11-03,WAS,DAL,False,False,18.5,7,4,2,0,1,1,1,1,0,True
SYN0029,Synthetic Player 029,2023-24,2023-24_WAS_007,2023-11-05,WAS,DEN,True,True,24.7,11,7,2,0,1,1,2,2,0,True
SYN0029,Synthetic Player 029,2023-24,2023-24_WAS_014,2023-11-19,WAS,MEM,False,False,17.0,6,6,2,0,1,1,2,1,0,True
SYN0029,Synthetic Player 029,2023-24,2023-24_WAS_015,2023-11-21,WAS,MIA,True,False,19.6,10,5,1,0,1,1,2,2,0,True
SYN0029,Synthetic Player 029,2023-24,2023-24_WAS_016,2023-11-23,WAS,MIL,False,True,26.4,14,5,3,1,1,1,2,2,0,True
SYN0029,Synthetic Player 029,2023-24,2023-24_WAS_017,2023-11-25,WAS,MIN,True,False,21.5,6,5,2,0,1,1,2,1,0,True
SYN0029,Synthetic Player 029,2023-24,2023-24_WAS_035,2023-12-30,WAS,CLE,True,True,24.6,7,6,2,1,1,2,2,1,0,True
SYN0029,Synthetic Player 029,2023-24,2023-24_WAS_036,2023-12-31,WAS,DAL,False,True,25.5,11,8,2,1,1,2,3,2,0,True
SYN0029,Synthetic Player 029,2023-24,2023-24_WAS_037,2024-01-03,WAS,DEN,True,False,19.8,7,7,1,0,1,1,2,1,0,True
SYN0029,Synthetic Player 029,2023-24,2023-24_WAS_039,2024-01-07,WAS,GSW,True,False,16.8,6,4,2,0,1,1,1,1,0,True
SYN0029,Synthetic Player 029,2023-24,2023-24_WAS_041,2024-01-09,WAS,IND,True,True,24.3,9,5,2,0,1,1,2,1,0,True
SYN0029,Synthetic Player 029,2023-24,2023-24_WAS_042,2024-01-11,WAS,LAC,False,True,29.8,13,7,2,1,1,2,2,2,0,True
SYN0029,Synthetic Player 029,2023-24,2023-24_WAS_043,2024-01-12,WAS,LAL,True,True,28.4,10,6,2,1,1,2,2,2,0,True
SYN0029,Synthetic Player 029,2023-24,2023-24_WAS_045,2024-01-16,WAS,MIA,True,True,27.0,15,8,2,1,1,1,3,2,0,True
SYN0029,Synthetic Player 029,2023-24,2023-24_WAS_046,2024-01-18,WAS,MIL,False,True,24.4,9,6,2,1,1,1,2,1,0,True
SYN0029,Synthetic Player 029,2023-24,2023-24_WAS_047,2024-01-21,WAS,MIN,True,False,23.0,11,5,3,1,1,1,2,1,0,True
SYN0029,Synthetic Player 029,2023-24,2023-24_WAS_048,2024-01-23,WAS,NOP,False,False,21.5,8,5,1,0,1,1,2,1,0,True
SYN0029,Synthetic Player 029,2023-24,2023-24_WAS_063,2024-02-19,WAS,CHA,True,False,16.7,6,4,1,0,1,1,1,1,0,True
SYN0029,Synthetic Player 029,2023-24,2023-24_WAS_064,2024-02-20,WAS,CHI,False,True,28.1,13,7,2,1,1,2,3,2,0,True
SYN0029,Synthetic Player 029,2023-24,2023-24_WAS_065,2024-02-21,WAS,CLE,True,True,25.4,11,7,2,0,1,1,2,1,0,True
SYN0029,Synthetic Player 029,2023-24,2023-24_WAS_066,2024-02-23,WAS,DAL,False,True,27.4,10,7,2,1,1,1,2,2,0,True
SYN0029,Synthetic Player 029,2023-24,2023-24_WAS_068,2024-02-27,WAS,DET,False,False,17.6,5,4,1,0,1,1,2,1,0,True
SYN0029,Synthetic Player 029,2023-24,2023-24_WAS_069,2024-02-29,WAS,GSW,True,True,31.2,10,9,3,1,1,2,2,1,0,True
SYN0029,Synthetic Player 029,2023-24,2023-24_WAS_070,2024-03-02,WAS,HOU,False,True,24.0,8,7,3,0,1,2,2,1,0,True
SYN0029,Synthetic Player 029,2023-24,2023-24_WAS_071,2024-03-05,WAS,IND,True,False,19.0,11,5,2,0,1,1,1,1,0,True
SYN0029,Synthetic Player 029,2023-24,2023-24_WAS_072,2024-03-07,WAS,LAC,False,False,20.0,8,5,1,1,1,1,2,1,0,True
SYN0029,Synthetic Player 029,2023-24,2023-24_WAS_073,2024-03-10,WAS,LAL,True,False,22.5,12,6,2,1,2,1,2,2,0,True
SYN0029,Synthetic Player 029,2023-24,2023-24_WAS_074,2024-03-12,WAS,MEM,False,True,24.0,8,6,2,0,1,1,2,1,0,True
SYN0029,Synthetic Player 029,2023-24,2023-24_WAS_075,2024-03-14,WAS,MIA,True,False,22.4,9,7,2,0,1,1,2,1,0,True
SYN0029,Synthetic Player 029,2023-24,2023-24_WAS_076,2024-03-15,WAS,MIL,False,True,25.3,9,8,2,0,1,2,2,1,0,True
SYN0029,Synthetic Player 029,2023-24,2023-24_WAS_079,2024-03-21,WAS,NYK,True,True,26.0,9,6,3,1,1,1,2,2,0,True
SYN0029,Synthetic Player 029,2023-24,2023-24_WAS_080,2024-03-22,WAS,OKC,False,True,24.8,13,7,2,1,2,2,2,2,0,True
SYN0029,Synthetic Player 029,2023-24,2023-24_WAS_081,2024-03-23,WAS,ORL,True,False,22.8,10,6,2,1,1,1,2,1,0,True
SYN0030,Synthetic Player 030,2023-24,2023-24_ATL_000,2023-10-21,ATL,BOS,False,True,33.3,14,2,10,2,0,2,2,2,3,True
SYN0030,Synthetic Player 030,2023-24,2023-24_ATL_002,2023-10-24,ATL,CHA,False,False,19.7,13,2,3,1,0,2,1,2,1,True
SYN0030,Synthetic Player 030,2023-24,2023-24_ATL_003,2023-10-26,ATL,CHI,True,True,28.4,15,4,7,1,0,3,1,2,1,True
SYN0030,Synthetic Player 030,2023-24,2023-24_ATL_004,2023-10-28,ATL,CLE,False,True,24.6,18,2,6,1,0,2,1,3,1,True
SYN0030,Synthetic Player 030,2023-24,2023-24_ATL_005,2023-10-29,ATL,DAL,True,True,25.2,4,3,4,1,0,2,1,1,0,True
SYN0030,Synthetic Player 030,2023-24,2023-24_ATL_006,2023-10-30,ATL,DEN,False,False,19.3,13,3,6,1,0,2,1,3,1,True
SYN0030,Synthetic Player 030,2023-24,2023-24_ATL_007,2023-11-02,ATL,DET,True,False,22.4,10,3,5,1,0,2,1,1,1,True
SYN0030,Synthetic Player 030,2023-24,2023-24_ATL_008,2023-11-04,ATL,GSW,False,True,24.8,13,3,8,1,0,2,2,1,2,True
SYN0030,Synthetic Player 030,2023-24,2023-24_ATL_009,2023-11-06,ATL,HOU,True,False,12.4,6,1,2,0,0,1,1,1,1,True
SYN0030,Synthetic Player 030,2023-24,2023-24_ATL_010,2023-11-08,ATL,IND,False,False,18.6,7,2,7,1,0,1,1,1,1,True
SYN0030,Synthetic Player 030,2023-24,2023-24_ATL_011,2023-11-10,ATL,LAC,True,True,26.4,9,2,4,1,0,3,1,1,1,True
SYN0030,Synthetic Player 030,2023-24,2023-24_ATL_012,2023-11-12,ATL,LAL,False,False,12.3,5,1,3,1,0,1,1,1,0,True
SYN0030,Synthetic Player 030,2023-24,2023-24_ATL_013,2023-11-14,ATL,MEM,True,False,18.7,6,3,5,1,0,2,1,1,1,True
SYN0030,Synthetic Player 030,2023-24,2023-24_ATL_014,2023-11-16,ATL,MIA,False,False,22.2,11,2,4,0,0,2,1,2,1,True
SYN0030,Synthetic Player 030,2023-24,2023-24_ATL_015,2023-11-18,ATL,MIL,True,True,24.1,13,4,5,1,0,1,1,3,2,True
SYN0030,Synthetic Player 030,2023-24,2023-24_ATL_016,2023-11-20,ATL,MIN,False,False,16.7,8,3,5,1,0,1,1,2,1,True
SYN0030,Synthetic Player 030,2023-24,2023-24_ATL_017,2023-11-22,ATL,NOP,True,True,27.7,23,5,5,1,0,2,2,4,4,True
SYN0030,Synthetic Player 030,2023-24,2023-24_ATL_018,2023-11-24,ATL,NYK,False,False,9.9,7,1,3,0,0,1,1,1,1,True
SYN0030,Synthetic Player 030,2023-24,2023-24_ATL_019,2023-11-26,ATL,OKC,True,False,19.3,9,2,3,1,0,1,1,2,1,True
SYN0030,Synthetic Player 030,2023-24,2023-24_ATL_020,2023-11-28,ATL,ORL,False,True,25.8,13,2,5,1,0,2,1,2,2,True
SYN0030,Synthetic Player 030,2023-24,2023-24_ATL_021,2023-11-30,ATL,PHI,True,False,21.2,8,4,4,1,0,2,1,2,1,True
SYN0030,Synthetic Player 030,2023-24,2023-24_ATL_022,2023-12-02,ATL,PHX,False,False,17.1,8,2,3,1,0,1,1,1,1,True
SYN0030,Synthetic Player 030,2023-24,2023-24_ATL_023,2023-12-05,ATL,POR,True,False,18.9,6,2,3,1,0,1,1,1,1,True
SYN0030,Synthetic Player 030,2023-24,2023-24_ATL_024,2023-12-07,ATL,SAC,False,False,22.0,13,2,3,1,0,1,1,2,2,True
SYN0030,Synthetic Player 030,2023-24,2023-24_ATL_025,2023-12-09,ATL,SAS,True,False,23.2,11,3,5,1,0,1,1,2,1,True
SYN0030,Synthetic Player 030,2023-24,2023-24_ATL_027,2023-12-12,ATL,UTA,True,False,21.6,4,2,5,2,0,2,1,1,0,True
SYN0030,Synthetic Player 030,2023-24,2023-24_ATL_028,2023-12-15,ATL,WAS,False,True,28.2,9,4,6,2,0,2,1,1,1,True
SYN0030,Synthetic Player 030,2023-24,2023-24_ATL_029,2023-12-17,ATL,ATL,True,False,21.2,7,3,3,1,0,2,1,1,0,True
SYN0030,Synthetic Player 030,2023-24,2023-24_ATL_030,2023-12-19,ATL,BOS,False,False,15.2,12,2,2,1,0,1,1,1,1,True
SYN0030,Synthetic Player 030,2023-24,2023-24_ATL_031,2023-12-20,ATL,BKN,True,False,19.7,11,4,2,0,0,1,1,2,1,True
SYN0030,Synthetic Player 030,2023-24,2023-24_ATL_032,2023-12-22,ATL,CHA,False,False,18.7,8,2,1,1,0,1,1,2,0,True
SYN0030,Synthetic Player 030,2023-24,2023-24_ATL_033,2023-12-24,ATL,CHI,True,False,18.7,12,3,2,1,0,1,1,2,2,True
SYN0030,Synthetic Player 030,2023-24,2023-24_ATL_034,2023-12-27,ATL,CLE,False,False,20.1,9,3,3,1,0,2,1,2,1,True
SYN0030,Synthetic Player 030,2023-24,2023-24_ATL_041,2024-01-09,ATL,LAC,True,False,16.9,8,2,3,1,0,2,1,1,1,True
SYN0030,Synthetic Player 030,2023-24,2023-24_ATL_042,2024-01-10,ATL,LAL,False,False,23.5,13,3,5,1,0,2,1,2,1,True
SYN0030,Synthetic Player 030,2023-24,2023-24_ATL_043,2024-01-12,ATL,MEM,True,True,24.0,11,3,8,2,0,2,1,2,1,True
SYN0030,Synthetic Player 030,2023-24,2023-24_ATL_044,2024-01-14,ATL,MIA,False,False,19.0,7,2,5,1,0,1,1,1,1,True
SYN0030,Synthetic Player 030,2023-24,2023-24_ATL_045,2024-01-16,ATL,MIL,True,True,25.7,26,4,5,1,0,3,1,6,3,True
SYN0030,Synthetic Player 030,2023-24,2023-24_ATL_046,2024-01-18,ATL,MIN,False,False,22.4,10,3,6,1,0,2,1,2,1,True
SYN0030,Synthetic Player 030,2023-24,2023-24_ATL_047,2024-01-19,ATL,NOP,True,True,25.9,13,3,4,2,0,2,1,2,2,True
SYN0030,Synthetic Player 030,2023-24,2023-24_ATL_048,2024-01-20,ATL,NYK,False,True,28.2,10,3,5,2,0,2,2,1,1,True
SYN0030,Synthetic Player 030,2023-24,2023-24_ATL_049,2024-01-22,ATL,OKC,True,False,19.6,9,3,3,1,0,1,1,2,1,True
SYN0030,Synthetic Player 030,2023-24,2023-24_ATL_050,2024-01-24,ATL,ORL,False,False,17.0,10,2,2,0,0,1,1,2,2,True
SYN0030,Synthetic Player 030,2023-24,2023-24_ATL_051,2024-01-26,ATL,PHI,True,True,31.0,11,4,4,1,0,4,2,2,2,True
SYN0030,Synthetic Player 030,2023-24,2023-24_ATL_052,2024-01-28,ATL,PHX,False,True,30.0,18,3,5,1,0,3,2,2,2,True
SYN0030,Synthetic Player 030,2023-24,2023-24_ATL_053,2024-01-29,ATL,POR,True,True,25.9,13,3,4,1,0,2,1,2,1,True
SYN0030,Synthetic Player 030,2023-24,2023-24_ATL_054,2024-01-30,ATL,SAC,False,False,22.2,10,3,8,1,0,1,2,3,1,True
SYN0030,Synthetic Player 030,2023-24,2023-24_ATL_055,2024-01-31,ATL,SAS,True,True,26.8,15,3,9,1,0,2,1,3,1,True
SYN0030,Synthetic Player 030,2023-24,2023-24_ATL_056,2024-02-02,ATL,TOR,False,True,28.1,13,3,6,2,0,2,1,3,2,True
SYN0030,Synthetic Player 030,2023-24,2023-24_ATL_057,2024-02-04,ATL,UTA,True,False,23.5,12,3,4,1,0,2,1,1,2,True
SYN0030,Synthetic Player 030,2023-24,2023-24_ATL_058,2024-02-06,ATL,WAS,False,False,23.1,14,2,5,0,0,2,1,2,1,True
SYN0030,Synthetic Player 030,2023-24,2023-24_ATL_059,2024-02-08,ATL,ATL,True,False,19.3,8,2,3,1,0,1,1,1,1,True
SYN0030,Synthetic Player 030,2023-24,2023-24_ATL_060,2024-02-09,ATL,BOS,False,False,21.8,11,2,3,1,0,2,1,3,2,True
SYN0030,Synthetic Player 030,2023-24,2023-24_ATL_061,2024-02-11,ATL,BKN,True,False,22.2,13,2,5,2,0,1,1,2,1,True
SYN0030,Synthetic Player 030,2023-24,2023-24_ATL_062,2024-02-13,ATL,CHA,False,False,12.8,7,1,3,1,0,1,1,1,1,True
SYN0030,Synthetic Player 030,2023-24,2023-24_ATL_063,2024-02-16,ATL,CHI,True,True,24.6,7,3,5,1,0,2,1,1,0,True
SYN0030,Synthetic Player 030,2023-24,2023-24_ATL_064,2024-02-18,ATL,CLE,False,False,22.6,6,2,5,1,0,2,1,2,1,True
SYN0030,Synthetic Player 030,2023-24,2023-24_ATL_065,2024-02-19,ATL,DAL,True,True,26.5,23,3,4,1,0,2,2,3,2,True
SYN0030,Synthetic Player 030,2023-24,2023-24_ATL_066,2024-02-21,ATL,DEN,False,False,21.5,5,2,4,1,0,2,1,1,1,True
SYN0030,Synthetic Player 030,2023-24,2023-24_ATL_067,2024-02-22,ATL,DET,True,False,22.1,8,4,2,1,0,2,1,2,1,True
SYN0030,Synthetic Player 030,2023-24,2023-24_ATL_068,2024-02-25,ATL,GSW,False,False,20.1,12,3,5,1,0,2,1,2,1,True
SYN0030,Synthetic Player 030,2023-24,2023-24_ATL_069,2024-02-27,ATL,HOU,True,True,26.6,15,2,6,2,0,2,2,2,2,True
SYN0030,Synthetic Player 030,2023-24,2023-24_ATL_070,2024-02-29,ATL,IND,False,False,23.7,8,3,5,1,0,2,1,1,1,True
SYN0030,Synthetic Player 030,2023-24,2023-24_ATL_071,2024-03-03,ATL,LAC,True,True,28.5,16,4,3,1,0,3,2,2,3,True
SYN0030,Synthetic Player 030,2023-24,2023-24_ATL_074,2024-03-10,ATL,MIA,False,False,15.4,10,1,4,1,0,2,1,2,1,True
SYN0030,Synthetic Player 030,2023-24,2023-24_ATL_075,2024-03-12,ATL,MIL,True,False,20.8,9,2,3,1,0,2,1,2,1,True
SYN0030,Synthetic Player 030,2023-24,2023-24_ATL_076,2024-03-14,ATL,MIN,False,False,19.1,4,2,5,1,0,2,1,0,0,True
SYN0030,Synthetic Player 030,2023-24,2023-24_ATL_077,2024-03-17,ATL,NOP,True,False,17.1,13,2,4,1,0,1,1,1,1,True
SYN0030,Synthetic Player 030,2023-24,2023-24_ATL_078,2024-03-19,ATL,NYK,False,False,18.8,20,1,3,1,0,1,1,2,2,True
SYN0030,Synthetic Player 030,2023-24,2023-24_ATL_079,2024-03-21,ATL,OKC,True,False,18.2,6,2,2,1,0,1,1,1,1,True
SYN0030,Synthetic Player 030,2023-24,2023-24_ATL_080,2024-03-22,ATL,ORL,False,True,24.5,11,2,3,1,0,2,2,3,1,True
SYN0031,Synthetic Player 031,2023-24,2023-24_BOS_000,2023-10-22,BOS,BKN,False,True,24.4,13,2,4,1,0,2,2,2,1,True
SYN0031,Synthetic Player 031,2023-24,2023-24_BOS_001,2023-10-24,BOS,CHA,True,False,21.7,15,3,2,0,0,1,2,2,3,True
SYN0031,Synthetic Player 031,2023-24,2023-24_BOS_002,2023-10-26,BOS,CHI,False,False,23.7,15,3,3,1,0,1,2,2,2,True
SYN0031,Synthetic Player 031,2023-24,2023-24_BOS_003,2023-10-27,BOS,CLE,True,False,23.2,11,3,3,1,0,1,1,2,1,True
SYN0031,Synthetic Player 031,2023-24,2023-24_BOS_004,2023-10-28,BOS,DAL,False,False,22.4,15,4,3,1,0,1,1,2,2,True
SYN0031,Synthetic Player 031,2023-24,2023-24_BOS_005,2023-10-30,BOS,DEN,True,False,20.9,11,3,2,1,0,1,1,2,2,True
SYN0031,Synthetic Player 031,2023-24,2023-24_BOS_006,2023-10-31,BOS,DET,False,False,24.0,15,3,2,1,0,2,1,2,2,True
SYN0031,Synthetic Player 031,2023-24,2023-24_BOS_007,2023-11-02,BOS,GSW,True,True,31.5,27,3,4,1,0,2,2,4,4,True
SYN0031,Synthetic Player 031,2023-24,2023-24_BOS_008,2023-11-03,BOS,HOU,False,True,26.9,14,4,3,1,0,2,2,2,2,True
SYN0031,Synthetic Player 031,2023-24,2023-24_BOS_009,2023-11-05,BOS,IND,True,True,25.2,15,3,3,1,0,2,2,2,1,True
SYN0031,Synthetic Player 031,2023-24,2023-24_BOS_016,2023-11-17,BOS,NOP,False,True,26.4,14,4,2,1,0,2,2,1,1,True
SYN0031,Synthetic Player 031,2023-24,2023-24_BOS_017,2023-11-18,BOS,NYK,True,True,25.8,10,4,3,1,0,1,1,2,2,True
SYN0031,Synthetic Player 031,2023-24,2023-24_BOS_018,2023-11-20,BOS,OKC,False,False,16.0,12,2,2,1,0,1,1,2,1,True
SYN0031,Synthetic Player 031,2023-24,2023-24_BOS_019,2023-11-21,BOS,ORL,True,False,20.2,11,3,2,1,0,1,1,2,2,True
SYN0031,Synthetic Player 031,2023-24,2023-24_BOS_020,2023-11-23,BOS,PHI,False,False,22.6,14,3,2,1,0,2,1,3,2,True
SYN0031,Synthetic Player 031,2023-24,2023-24_BOS_021,2023-11-25,BOS,PHX,True,True,31.4,10,6,4,1,0,2,2,2,1,True
SYN0031,Synthetic Player 031,2023-24,2023-24_BOS_022,2023-11-26,BOS,POR,False,True,26.2,11,3,4,1,0,2,2,1,1,True
SYN0031,Synthetic Player 031,2023-24,2023-24_BOS_023,2023-11-29,BOS,SAC,True,True,30.8,16,5,3,1,0,2,1,2,3,True
SYN0031,Synthetic Player 031,2023-24,2023-24_BOS_024,2023-11-30,BOS,SAS,False,True,24.8,16,2,2,1,0,1,2,3,2,True
SYN0031,Synthetic Player 031,2023-24,2023-24_BOS_025,2023-12-02,BOS,TOR,True,False,23.9,16,3,2,0,0,2,2,3,2,True
SYN0031,Synthetic Player 031,2023-24,2023-24_BOS_026,2023-12-04,BOS,UTA,False,False,17.7,8,2,2,0,0,1,1,1,1,True
SYN0031,Synthetic Player 031,2023-24,2023-24_BOS_027,2023-12-06,BOS,WAS,True,True,31.7,25,5,4,1,1,2,2,6,3,True
SYN0031,Synthetic Player 031,2023-24,2023-24_BOS_028,2023-12-08,BOS,ATL,False,False,21.6,11,2,2,1,0,2,1,2,2,True
SYN0031,Synthetic Player 031,2023-24,2023-24_BOS_029,2023-12-10,BOS,BOS,True,True,29.2,15,4,3,1,0,2,2,4,2,True
SYN0031,Synthetic Player 031,2023-24,2023-24_BOS_030,2023-12-12,BOS,BKN,False,False,19.1,12,2,2,1,0,2,1,2,2,True
SYN0031,Synthetic Player 031,2023-24,2023-24_BOS_031,2023-12-15,BOS,CHA,True,False,21.1,12,3,3,1,0,2,1,2,1,True
SYN0031,Synthetic Player 031,2023-24,2023-24_BOS_032,2023-12-17,BOS,CHI,False,False,21.7,11,2,2,1,0,1,1,2,1,True
SYN0031,Synthetic Player 031,2023-24,2023-24_BOS_033,2023-12-20,BOS,CLE,True,True,26.5,23,5,4,0,0,2,1,4,3,True
SYN0031,Synthetic Player 031,2023-24,2023-24_BOS_034,2023-12-23,BOS,DAL,False,False,19.4,11,2,2,1,0,1,1,3,1,True
SYN0031,Synthetic Player 031,2023-24,2023-24_BOS_035,2023-12-26,BOS,DEN,True,False,21.9,14,3,3,1,0,2,1,2,2,True
SYN0031,Synthetic Player 031,2023-24,2023-24_BOS_036,2023-12-28,BOS,DET,False,True,32.8,14,4,3,1,0,2,2,2,2,True
SYN0031,Synthetic Player 031,2023-24,2023-24_BOS_037,2023-12-30,BOS,GSW,True,False,23.1,16,3,2,1,0,2,1,2,3,True
SYN0031,Synthetic Player 031,2023-24,2023-24_BOS_044,2024-01-17,BOS,MIL,False,True,27.3,15,3,4,1,0,2,2,3,2,True
SYN0031,Synthetic Player 031,2023-24,2023-24_BOS_045,2024-01-18,BOS,MIN,True,False,23.5,16,3,3,1,0,2,2,3,2,True
SYN0031,Synthetic Player 031,2023-24,2023-24_BOS_046,2024-01-21,BOS,NOP,False,True,27.6,11,5,3,1,0,1,2,2,1,True
SYN0031,Synthetic Player 031,2023-24,2023-24_BOS_047,2024-01-23,BOS,NYK,True,False,20.3,7,2,2,1,0,1,1,1,1,True
SYN0031,Synthetic Player 031,2023-24,2023-24_BOS_048,2024-01-24,BOS,OKC,False,False,15.0,8,2,1,1,0,1,1,1,1,True
SYN0031,Synthetic Player 031,2023-24,2023-24_BOS_049,2024-01-26,BOS,ORL,True,False,22.0,7,2,2,1,0,1,1,1,1,True
SYN0031,Synthetic Player 031,2023-24,2023-24_BOS_050,2024-01-28,BOS,PHI,False,False,20.3,11,3,2,1,0,1,1,1,2,True
SYN0031,Synthetic Player 031,2023-24,2023-24_BOS_051,2024-01-30,BOS,PHX,True,False,23.6,17,3,3,1,0,1,1,3,2,True
SYN0031,Synthetic Player 031,2023-24,2023-24_BOS_052,2024-02-01,BOS,POR,False,False,23.9,18,3,2,1,0,1,2,3,3,True
SYN0031,Synthetic Player 031,2023-24,2023-24_BOS_053,2024-02-04,BOS,SAC,True,False,23.3,10,3,2,1,0,1,2,3,1,True
SYN0031,Synthetic Player 031,2023-24,2023-24_BOS_054,2024-02-05,BOS,SAS,False,False,14.7,9,2,2,1,0,1,1,1,1,True
SYN0031,Synthetic Player 031,2023-24,2023-24_BOS_055,2024-02-07,BOS,TOR,True,False,18.8,13,3,2,1,0,1,1,2,2,True
SYN0031,Synthetic Player 031,2023-24,2023-24_BOS_056,2024-02-09,BOS,UTA,False,False,18.8,15,2,2,1,0,1,1,2,2,True
SYN0031,Synthetic Player 031,2023-24,2023-24_BOS_057,2024-02-11,BOS,WAS,True,False,21.2,11,4,3,1,0,1,1,2,1,True
SYN0031,Synthetic Player 031,2023-24,2023-24_BOS_058,2024-02-12,BOS,ATL,False,False,22.1,13,3,2,1,0,2,1,2,1,True
SYN0031,Synthetic Player 031,2023-24,2023-24_BOS_059,2024-02-14,BOS,BOS,True,True,28.1,13,5,2,1,0,2,2,2,2,True
SYN0031,Synthetic Player 031,2023-24,2023-24_BOS_060,2024-02-15,BOS,BKN,False,True,27.3,13,3,2,1,0,2,1,3,2,True
SYN0031,Synthetic Player 031,2023-24,2023-24_BOS_061,2024-02-17,BOS,CHA,True,True,26.1,15,4,3,1,0,1,1,2,3,True
SYN0031,Synthetic Player 031,2023-24,2023-24_BOS_062,2024-02-19,BOS,CHI,False,False,19.2,8,3,2,0,0,1,1,1,1,True
SYN0031,Synthetic Player 031,2023-24,2023-24_BOS_063,2024-02-21,BOS,CLE,True,True,24.7,18,4,2,1,0,2,2,2,2,True
SYN0031,Synthetic Player 031,2023-24,2023-24_BOS_064,2024-02-23,BOS,DAL,False,False,19.7,12,3,2,1,0,1,1,2,2,True
SYN0031,Synthetic Player 031,2023-24,2023-24_BOS_065,2024-02-25,BOS,DEN,True,True,27.2,13,4,4,1,0,1,1,2,2,True
SYN0031,Synthetic Player 031,2023-24,2023-24_BOS_066,2024-02-26,BOS,DET,False,False,20.6,9,3,2,1,0,1,1,1,1,True
SYN0031,Synthetic Player 031,2023-24,2023-24_BOS_067,2024-02-29,BOS,GSW,True,False,17.1,10,3,2,1,0,1,1,2,1,True
SYN0031,Synthetic Player 031,2023-24,2023-24_BOS_070,2024-03-06,BOS,LAC,False,False,19.7,12,2,2,1,0,1,1,3,2,True
SYN0031,Synthetic Player 031,2023-24,2023-24_BOS_071,2024-03-07,BOS,LAL,True,False,21.4,13,3,2,1,0,1,1,2,2,True
SYN0031,Synthetic Player 031,2023-24,2023-24_BOS_072,2024-03-08,BOS,MEM,False,False,18.0,10,2,3,0,0,1,1,2,1,True
SYN0031,Synthetic Player 031,2023-24,2023-24_BOS_073,2024-03-09,BOS,MIA,True,False,21.1,12,3,2,1,0,1,1,2,2,True
SYN0031,Synthetic Player 031,2023-24,2023-24_BOS_074,2024-03-11,BOS,MIL,False,True,27.4,10,4,3,1,0,2,2,2,1,True
SYN0031,Synthetic Player 031,2023-24,2023-24_BOS_075,2024-03-13,BOS,MIN,True,False,23.2,15,3,3,1,0,1,1,2,2,True
SYN0031,Synthetic Player 031,2023-24,2023-24_BOS_076,2024-03-15,BOS,NOP,False,False,19.3,10,3,2,1,0,1,1,2,1,True
SYN0031,Synthetic Player 031,2023-24,2023-24_BOS_077,2024-03-17,BOS,NYK,True,True,26.4,15,3,3,1,0,2,1,3,1,True
SYN0031,Synthetic Player 031,2023-24,2023-24_BOS_078,2024-03-19,BOS,OKC,False,True,26.8,12,3,3,1,0,2,2,2,2,True
SYN0031,Synthetic Player 031,2023-24,2023-24_BOS_079,2024-03-21,BOS,ORL,True,True,26.7,15,3,3,1,0,2,2,3,1,True
SYN0031,Synthetic Player 031,2023-24,2023-24_BOS_080,2024-03-22,BOS,PHI,False,False,22.5,17,2,2,1,0,1,2,2,2,True
SYN0032,Synthetic Player 032,2023-24,2023-24_BKN_000,2023-10-23,BKN,CHA,False,True,26.8,13,3,3,0,0,1,2,2,1,True
SYN0032,Synthetic Player 032,2023-24,2023-24_BKN_007,2023-11-05,BKN,HOU,True,False,22.9,23,3,2,1,1,1,1,2,1,True
SYN0032,Synthetic Player 032,2023-24,2023-24_BKN_008,2023-11-08,BKN,IND,False,False,17.2,4,3,2,1,0,1,1,1,0,True
SYN0032,Synthetic Player 032,2023-24,2023-24_BKN_009,2023-11-09,BKN,LAC,True,True,27.4,24,5,4,1,0,2,2,4,2,True
SYN0032,Synthetic Player 032,2023-24,2023-24_BKN_010,2023-11-12,BKN,LAL,False,True,25.5,9,3,3,1,0,1,2,1,1,True
SYN0032,Synthetic Player 032,2023-24,2023-24_BKN_011,2023-11-13,BKN,MEM,True,False,19.9,7,3,4,0,0,1,2,1,1,True
SYN0032,Synthetic Player 032,2023-24,2023-24_BKN_012,2023-11-14,BKN,MIA,False,False,21.0,9,3,2,0,0,1,2,1,1,True
SYN0032,Synthetic Player 032,2023-24,2023-24_BKN_013,2023-11-15,BKN,MIL,True,False,22.7,8,2,1,1,0,1,2,1,1,True
SYN0032,Synthetic Player 032,2023-24,2023-24_BKN_014,2023-11-17,BKN,MIN,False,False,12.5,6,2,1,0,0,1,1,1,1,True
SYN0032,Synthetic Player 032,2023-24,2023-24_BKN_015,2023-11-18,BKN,NOP,True,True,25.6,18,3,3,1,0,2,1,2,2,True
SYN0032,Synthetic Player 032,2023-24,2023-24_BKN_016,2023-11-19,BKN,NYK,False,True,26.6,11,4,2,0,0,2,2,2,1,True
SYN0032,Synthetic Player 032,2023-24,2023-24_BKN_017,2023-11-21,BKN,OKC,True,True,25.7,6,4,2,0,1,2,2,1,0,True
SYN0032,Synthetic Player 032,2023-24,2023-24_BKN_018,2023-11-24,BKN,ORL,False,True,25.7,16,7,2,1,1,1,2,2,1,True
SYN0032,Synthetic Player 032,2023-24,2023-24_BKN_019,2023-11-26,BKN,PHI,True,True,29.3,18,5,3,1,1,2,2,2,1,True
SYN0032,Synthetic Player 032,2023-24,2023-24_BKN_020,2023-11-28,BKN,PHX,False,False,18.5,7,3,3,1,0,1,1,1,1,True
SYN0032,Synthetic Player 032,2023-24,2023-24_BKN_021,2023-11-30,BKN,POR,True,False,16.8,10,3,1,1,0,1,1,1,1,True
SYN0032,Synthetic Player 032,2023-24,2023-24_BKN_022,2023-12-03,BKN,SAC,False,False,21.0,9,3,2,1,1,1,1,1,1,True
SYN0032,Synthetic Player 032,2023-24,2023-24_BKN_023,2023-12-05,BKN,SAS,True,True,24.1,8,6,4,1,0,1,2,1,1,True
SYN0032,Synthetic Player 032,2023-24,2023-24_BKN_024,2023-12-07,BKN,TOR,False,True,26.2,16,4,3,2,1,1,2,2,2,True
SYN0032,Synthetic Player 032,2023-24,2023-24_BKN_032,2023-12-21,BKN,CLE,False,False,23.2,10,6,3,1,0,1,1,2,1,True
SYN0032,Synthetic Player 032,2023-24,2023-24_BKN_033,2023-12-23,BKN,DAL,True,False,20.8,6,4,3,1,0,1,1,1,1,True
SYN0032,Synthetic Player 032,2023-24,2023-24_BKN_034,2023-12-25,BKN,DEN,False,False,19.3,6,4,1,1,0,1,2,1,1,True
SYN0032,Synthetic Player 032,2023-24,2023-24_BKN_035,2023-12-26,BKN,DET,True,True,26.7,12,2,3,1,0,1,2,4,1,True
SYN0032,Synthetic Player 032,2023-24,2023-24_BKN_036,2023-12-28,BKN,GSW,False,False,20.0,8,4,3,0,1,2,2,1,1,True
SYN0032,Synthetic Player 032,2023-24,2023-24_BKN_037,2023-12-30,BKN,HOU,True,True,26.2,24,4,2,1,1,1,2,3,1,True
SYN0032,Synthetic Player 032,2023-24,2023-24_BKN_038,2024-01-01,BKN,IND,False,False,22.4,7,2,3,1,0,1,1,1,0,True
SYN0032,Synthetic Player 032,2023-24,2023-24_BKN_039,2024-01-02,BKN,LAC,True,True,24.0,9,4,4,1,0,1,2,1,1,True
SYN0032,Synthetic Player 032,2023-24,2023-24_BKN_040,2024-01-04,BKN,LAL,False,False,15.9,11,2,1,1,0,1,1,1,2,True
SYN0032,Synthetic Player 032,2023-24,2023-24_BKN_041,2024-01-07,BKN,MEM,True,True,24.9,10,5,3,1,0,1,2,2,1,True
SYN0032,Synthetic Player 032,2023-24,2023-24_BKN_042,2024-01-09,BKN,MIA,False,False,22.6,12,3,4,1,1,1,1,2,1,True
SYN0032,Synthetic Player 032,2023-24,2023-24_BKN_043,2024-01-12,BKN,MIL,True,False,23.3,6,3,4,1,0,2,1,1,1,True
SYN0032,Synthetic Player 032,2023-24,2023-24_BKN_044,2024-01-14,BKN,MIN,False,False,18.6,15,2,2,1,0,1,1,2,2,True
SYN0032,Synthetic Player 032,2023-24,2023-24_BKN_045,2024-01-15,BKN,NOP,True,False,19.4,11,4,2,0,0,1,2,2,1,True
SYN0032,Synthetic Player 032,2023-24,2023-24_BKN_046,2024-01-17,BKN,NYK,False,True,24.6,18,4,2,1,0,1,2,2,2,True
SYN0032,Synthetic Player 032,2023-24,2023-24_BKN_047,2024-01-19,BKN,OKC,True,False,21.8,9,2,4,1,0,1,1,1,1,True
SYN0032,Synthetic Player 032,2023-24,2023-24_BKN_048,2024-01-21,BKN,ORL,False,True,34.8,11,6,4,1,1,3,3,2,2,True
SYN0032,Synthetic Player 032,2023-24,2023-24_BKN_049,2024-01-23,BKN,PHI,True,False,22.0,6,4,2,0,1,2,1,1,1,True
SYN0032,Synthetic Player 032,2023-24,2023-24_BKN_050,2024-01-25,BKN,PHX,False,True,29.2,8,5,5,1,0,1,2,1,0,True
SYN0032,Synthetic Player 032,2023-24,2023-24_BKN_051,2024-01-27,BKN,POR,True,True,24.8,12,5,3,1,0,2,2,2,1,True
SYN0032,Synthetic Player 032,2023-24,2023-24_BKN_052,2024-01-28,BKN,SAC,False,False,21.5,8,3,2,1,0,2,1,2,2,True
SYN0032,Synthetic Player 032,2023-24,2023-24_BKN_055,2024-02-03,BKN,UTA,True,False,23.4,7,3,2,1,0,2,1,1,1,True
SYN0032,Synthetic Player 032,2023-24,2023-24_BKN_056,2024-02-04,BKN,WAS,False,False,11.3,7,2,1,0,0,1,1,1,1,True
SYN0032,Synthetic Player 032,2023-24,2023-24_BKN_057,2024-02-06,BKN,ATL,True,False,23.1,10,2,1,1,0,1,1,3,2,True
SYN0032,Synthetic Player 032,2023-24,2023-24_BKN_058,2024-02-07,BKN,BOS,False,False,21.4,12,2,3,0,0,1,1,2,1,True
SYN0032,Synthetic Player 032,2023-24,2023-24_BKN_059,2024-02-09,BKN,BKN,True,True,28.2,12,4,2,1,0,1,2,1,1,True
SYN0032,Synthetic Player 032,2023-24,2023-24_BKN_060,2024-02-11,BKN,CHA,False,False,17.9,6,3,2,1,0,1,1,1,0,True
SYN0032,Synthetic Player 032,2023-24,2023-24_BKN_061,2024-02-13,BKN,CHI,True,True,31.4,15,4,5,1,1,2,2,2,1,True
SYN0032,Synthetic Player 032,2023-24,2023-24_BKN_062,2024-02-15,BKN,CLE,False,False,20.1,15,3,2,1,0,1,1,2,3,True
SYN0032,Synthetic Player 032,2023-24,2023-24_BKN_063,2024-02-17,BKN,DAL,True,False,21.7,10,5,1,1,0,1,1,2,1,True
SYN0032,Synthetic Player 032,2023-24,2023-24_BKN_064,2024-02-19,BKN,DEN,False,False,21.9,10,4,2,1,0,1,1,2,1,True
SYN0032,Synthetic Player 032,2023-24,2023-24_BKN_066,2024-02-22,BKN,GSW,False,False,19.1,7,4,2,0,0,1,1,1,1,True
SYN0032,Synthetic Player 032,2023-24,2023-24_BKN_067,2024-02-24,BKN,HOU,True,False,22.2,13,2,3,1,0,1,2,2,2,True
SYN0032,Synthetic Player 032,2023-24,2023-24_BKN_069,2024-02-29,BKN,LAC,True,False,23.5,9,5,4,1,0,1,1,1,1,True
SYN0032,Synthetic Player 032,2023-24,2023-24_BKN_070,2024-03-02,BKN,LAL,False,False,18.7,11,5,3,1,0,1,1,2,1,True
SYN0033,Synthetic Player 033,2023-24,2023-24_CHA_000,2023-10-21,CHA,CHI,False,True,31.9,11,4,4,1,1,1,3,2,1,True
SYN0033,Synthetic Player 033,2023-24,2023-24_CHA_001,2023-10-23,CHA,CLE,True,True,28.9,16,4,4,1,1,2,2,3,1,True
SYN0033,Synthetic Player 033,2023-24,2023-24_CHA_002,2023-10-25,CHA,DAL,False,False,16.7,7,3,1,1,0,1,1,1,0,True
SYN0033,Synthetic Player 033,2023-24,2023-24_CHA_003,2023-10-26,CHA,DEN,True,True,26.2,18,3,3,1,1,1,2,4,1,True
SYN0033,Synthetic Player 033,2023-24,2023-24_CHA_004,2023-10-28,CHA,DET,False,False,18.5,11,4,2,0,0,1,1,2,1,True
SYN0033,Synthetic Player 033,2023-24,2023-24_CHA_005,2023-10-30,CHA,GSW,True,True,24.3,11,4,3,1,1,1,2,1,0,True
SYN0033,Synthetic Player 033,2023-24,2023-24_CHA_006,2023-10-31,CHA,HOU,False,True,27.4,8,5,3,1,1,1,2,2,0,True
SYN0033,Synthetic Player 033,2023-24,2023-24_CHA_007,2023-11-02,CHA,IND,True,True,25.6,8,5,3,1,1,1,2,1,1,True
SYN0033,Synthetic Player 033,2023-24,2023-24_CHA_008,2023-11-04,CHA,LAC,False,True,30.1,10,6,3,1,1,2,2,1,1,True
SYN0033,Synthetic Player 033,2023-24,2023-24_CHA_009,2023-11-06,CHA,LAL,True,True,28.6,26,7,6,1,1,1,2,4,3,True
SYN0033,Synthetic Player 033,2023-24,2023-24_CHA_010,2023-11-08,CHA,MEM,False,False,23.0,8,5,2,1,1,1,2,1,1,True
SYN0033,Synthetic Player 033,2023-24,2023-24_CHA_011,2023-11-10,CHA,MIA,True,True,26.4,19,4,2,1,0,2,2,5,1,True
SYN0033,Synthetic Player 033,2023-24,2023-24_CHA_012,2023-11-13,CHA,MIL,False,False,23.9,11,5,3,1,0,1,2,1,1,True
SYN0033,Synthetic Player 033,2023-24,2023-24_CHA_015,2023-11-20,CHA,NYK,True,False,19.8,7,3,3,1,1,1,2,1,1,True
SYN0033,Synthetic Player 033,2023-24,2023-24_CHA_016,2023-11-22,CHA,OKC,False,True,25.5,6,6,4,1,1,1,2,1,0,True
SYN0033,Synthetic Player 033,2023-24,2023-24_CHA_017,2023-11-24,CHA,ORL,True,True,26.9,14,4,3,1,1,2,2,3,1,True
SYN0033,Synthetic Player 033,2023-24,2023-24_CHA_018,2023-11-27,CHA,PHI,False,True,35.7,7,6,2,1,1,2,2,1,1,True
SYN0033,Synthetic Player 033,2023-24,2023-24_CHA_019,2023-11-28,CHA,PHX,True,True,27.2,13,7,3,1,1,1,2,2,1,True
SYN0033,Synthetic Player 033,2023-24,2023-24_CHA_020,2023-11-30,CHA,POR,False,True,26.1,12,6,2,1,1,1,2,1,1,True
SYN0033,Synthetic Player 033,2023-24,2023-24_CHA_021,2023-12-01,CHA,SAC,True,True,28.0,12,7,3,1,1,1,2,1,1,True
SYN0033,Synthetic Player 033,2023-24,2023-24_CHA_022,2023-12-03,CHA,SAS,False,True,28.1,7,5,3,1,2,1,2,1,0,True
SYN0033,Synthetic Player 033,2023-24,2023-24_CHA_023,2023-12-05,CHA,TOR,True,True,30.0,22,6,3,0,1,2,3,3,1,True
SYN0033,Synthetic Player 033,2023-24,2023-24_CHA_024,2023-12-06,CHA,UTA,False,True,29.5,16,7,3,1,1,1,2,2,2,True
SYN0033,Synthetic Player 033,2023-24,2023-24_CHA_025,2023-12-07,CHA,WAS,True,True,26.6,10,3,3,1,1,2,2,2,1,True
SYN0033,Synthetic Player 033,2023-24,2023-24_CHA_026,2023-12-09,CHA,ATL,False,True,29.3,14,6,5,1,1,1,3,2,1,True
SYN0033,Synthetic Player 033,2023-24,2023-24_CHA_027,2023-12-12,CHA,BOS,True,True,31.2,14,6,5,1,1,2,2,2,1,True
SYN0033,Synthetic Player 033,2023-24,2023-24_CHA_028,2023-12-13,CHA,BKN,False,True,28.0,10,9,3,1,1,1,2,2,1,True
SYN0033,Synthetic Player 033,2023-24,2023-24_CHA_029,2023-12-16,CHA,CHA,True,False,22.2,8,3,2,1,1,1,2,1,1,True
SYN0033,Synthetic Player 033,2023-24,2023-24_CHA_030,2023-12-18,CHA,CHI,False,False,22.6,7,4,3,1,1,1,2,1,0,True
SYN0033,Synthetic Player 033,2023-24,2023-24_CHA_031,2023-12-20,CHA,CLE,True,True,27.9,20,5,3,1,1,1,2,3,1,True
SYN0033,Synthetic Player 033,2023-24,2023-24_CHA_032,2023-12-23,CHA,DAL,False,True,27.1,10,4,3,1,1,2,2,2,0,True
SYN0033,Synthetic Player 033,2023-24,2023-24_CHA_033,2023-12-25,CHA,DEN,True,True,37.2,9,8,3,1,1,2,3,1,1,True
SYN0033,Synthetic Player 033,2023-24,2023-24_CHA_034,2023-12-26,CHA,DET,False,True,26.3,9,5,2,1,1,2,1,2,1,True
SYN0033,Synthetic Player 033,2023-24,2023-24_CHA_035,2023-12-28,CHA,GSW,True,True,31.0,5,6,3,1,1,2,2,1,0,True
SYN0033,Synthetic Player 033,2023-24,2023-24_CHA_036,2023-12-29,CHA,HOU,False,False,22.7,14,6,2,1,0,1,2,2,1,True
SYN0033,Synthetic Player 033,2023-24,2023-24_CHA_037,2023-12-31,CHA,IND,True,True,24.0,7,5,3,1,1,1,2,1,0,True
SYN0033,Synthetic Player 033,2023-24,2023-24_CHA_038,2024-01-01,CHA,LAC,False,False,20.2,6,3,2,1,0,1,1,1,0,True
SYN0033,Synthetic Player 033,2023-24,2023-24_CHA_039,2024-01-03,CHA,LAL,True,False,19.9,6,3,1,1,1,1,1,1,0,True
SYN0033,Synthetic Player 033,2023-24,2023-24_CHA_040,2024-01-04,CHA,MEM,False,False,21.5,11,4,3,0,1,1,1,2,0,True
SYN0033,Synthetic Player 033,2023-24,2023-24_CHA_041,2024-01-06,CHA,MIA,True,True,28.8,13,6,4,0,1,2,2,2,1,True
SYN0033,Synthetic Player 033,2023-24,2023-24_CHA_042,2024-01-08,CHA,MIL,False,True,33.6,20,5,3,1,1,2,3,4,1,True
SYN0033,Synthetic Player 033,2023-24,2023-24_CHA_043,2024-01-09,CHA,MIN,True,True,28.0,12,3,4,1,1,2,2,2,1,True
SYN0033,Synthetic Player 033,2023-24,2023-24_CHA_044,2024-01-11,CHA,NOP,False,True,28.9,13,7,3,1,1,2,2,1,1,True
SYN0033,Synthetic Player 033,2023-24,2023-24_CHA_045,2024-01-12,CHA,NYK,True,False,22.9,9,7,2,1,1,1,2,2,1,True
SYN0033,Synthetic Player 033,2023-24,2023-24_CHA_046,2024-01-14,CHA,OKC,False,True,31.7,19,6,5,1,1,2,3,3,2,True
SYN0033,Synthetic Player 033,2023-24,2023-24_CHA_047,2024-01-17,CHA,ORL,True,True,25.8,15,5,1,1,1,2,2,2,1,True
SYN0033,Synthetic Player 033,2023-24,2023-24_CHA_048,2024-01-19,CHA,PHI,False,True,28.4,10,5,3,1,1,1,2,2,1,True
SYN0033,Synthetic Player 033,2023-24,2023-24_CHA_049,2024-01-22,CHA,PHX,True,True,28.4,9,7,2,0,1,1,2,2,1,True
SYN0033,Synthetic Player 033,2023-24,2023-24_CHA_050,2024-01-24,CHA,POR,False,True,33.0,15,6,3,1,2,2,2,2,1,True
SYN0033,Synthetic Player 033,2023-24,2023-24_CHA_051,2024-01-26,CHA,SAC,True,False,23.0,11,6,3,1,1,2,1,1,1,True
SYN0033,Synthetic Player 033,2023-24,2023-24_CHA_053,2024-01-28,CHA,TOR,True,False,19.9,10,4,3,1,1,1,1,1,1,True
SYN0033,Synthetic Player 033,2023-24,2023-24_CHA_054,2024-01-30,CHA,UTA,False,True,24.6,10,5,3,1,1,1,2,1,1,True
SYN0033,Synthetic Player 033,2023-24,2023-24_CHA_055,2024-01-31,CHA,WAS,True,True,30.6,5,3,2,1,2,2,2,1,0,True
SYN0033,Synthetic Player 033,2023-24,2023-24_CHA_056,2024-02-02,CHA,ATL,False,True,24.2,15,6,3,1,1,2,1,2,1,True
SYN0033,Synthetic Player 033,2023-24,2023-24_CHA_057,2024-02-04,CHA,BOS,True,True,28.5,9,4,3,1,1,1,2,1,1,True
SYN0033,Synthetic Player 033,2023-24,2023-24_CHA_058,2024-02-06,CHA,BKN,False,True,24.1,7,4,2,1,1,1,2,1,1,True
SYN0033,Synthetic Player 033,2023-24,2023-24_CHA_059,2024-02-08,CHA,CHA,True,False,23.0,5,5,2,1,1,1,2,1,0,True
SYN0033,Synthetic Player 033,2023-24,2023-24_CHA_060,2024-02-10,CHA,CHI,False,True,29.0,15,5,3,1,1,1,3,2,1,True
SYN0033,Synthetic Player 033,2023-24,2023-24_CHA_062,2024-02-15,CHA,DAL,False,True,31.8,12,7,3,1,1,2,2,4,0,True
SYN0033,Synthetic Player 033,2023-24,2023-24_CHA_063,2024-02-16,CHA,DEN,True,True,28.0,14,9,2,1,1,1,2,1,1,True
SYN0033,Synthetic Player 033,2023-24,2023-24_CHA_076,2024-03-12,CHA,OKC,False,False,22.6,10,4,2,0,1,1,2,2,1,True
SYN0033,Synthetic Player 033,2023-24,2023-24_CHA_077,2024-03-15,CHA,ORL,True,True,29.2,12,7,4,1,1,1,2,2,1,True
SYN0033,Synthetic Player 033,2023-24,2023-24_CHA_080,2024-03-20,CHA,POR,False,True,26.2,11,7,3,1,1,1,1,2,1,True
SYN0033,Synthetic Player 033,2023-24,2023-24_CHA_081,2024-03-23,CHA,SAC,True,True,29.5,10,5,2,1,1,2,2,1,1,True
SYN0034,Synthetic Player 034,2023-24,2023-24_CHI_003,2023-10-28,CHI,DET,True,False,19.9,7,8,1,0,1,1,1,1,0,True
SYN0034,Synthetic Player 034,2023-24,2023-24_CHI_004,2023-10-30,CHI,GSW,False,False,23.1,5,5,2,1,1,2,2,1,0,True
SYN0034,Synthetic Player 034,2023-24,2023-24_CHI_005,2023-11-01,CHI,HOU,True,False,18.2,8,4,1,0,1,1,1,1,0,True
SYN0034,Synthetic Player 034,2023-24,2023-24_CHI_006,2023-11-03,CHI,IND,False,False,20.8,6,5,2,1,1,1,2,1,0,True
SYN0034,Synthetic Player 034,2023-24,2023-24_CHI_007,2023-11-05,CHI,LAC,True,False,13.7,3,4,1,0,1,1,1,0,0,True
SYN0034,Synthetic Player 034,2023-24,2023-24_CHI_008,2023-11-06,CHI,LAL,False,False,19.6,6,6,1,1,1,1,2,1,0,True
SYN0034,Synthetic Player 034,2023-24,2023-24_CHI_009,2023-11-08,CHI,MEM,True,False,10.5,3,2,0,0,0,1,1,1,0,True
SYN0034,Synthetic Player 034,2023-24,2023-24_CHI_010,2023-11-09,CHI,MIA,False,False,12.3,3,5,1,0,1,1,1,1,0,True
SYN0034,Synthetic Player 034,2023-24,2023-24_CHI_011,2023-11-12,CHI,MIL,True,False,19.0,9,5,1,1,1,1,1,2,0,True
SYN0034,Synthetic Player 034,2023-24,2023-24_CHI_012,2023-11-14,CHI,MIN,False,False,13.4,5,4,1,0,1,1,1,1,0,True
SYN0034,Synthetic Player 034,2023-24,2023-24_CHI_013,2023-11-16,CHI,NOP,True,False,23.5,8,6,1,1,1,2,2,2,0,True
SYN0034,Synthetic Player 034,2023-24,2023-24_CHI_014,2023-11-18,CHI,NYK,False,True,24.0,7,6,2,0,2,1,2,1,0,True
SYN0034,Synthetic Player 034,2023-24,2023-24_CHI_015,2023-11-20,CHI,OKC,True,True,24.7,8,5,2,1,1,2,2,1,0,True
SYN0034,Synthetic Player 034,2023-24,2023-24_CHI_016,2023-11-22,CHI,ORL,False,False,21.1,6,5,2,0,1,1,2,1,0,True
SYN0034,Synthetic Player 034,2023-24,2023-24_CHI_017,2023-11-23,CHI,PHI,True,True,30.9,12,6,2,1,1,1,2,1,0,True
SYN0034,Synthetic Player 034,2023-24,2023-24_CHI_018,2023-11-25,CHI,PHX,False,False,18.9,8,6,1,1,1,1,2,1,0,True
SYN0034,Synthetic Player 034,2023-24,2023-24_CHI_019,2023-11-27,CHI,POR,True,False,14.1,4,5,1,1,1,1,1,1,0,True
SYN0034,Synthetic Player 034,2023-24,2023-24_CHI_021,2023-11-30,CHI,SAS,True,False,14.6,7,4,1,0,1,1,1,1,0,True
SYN0034,Synthetic Player 034,2023-24,2023-24_CHI_022,2023-12-02,CHI,TOR,False,False,16.6,5,4,1,0,1,1,2,1,0,True
SYN0034,Synthetic Player 034,2023-24,2023-24_CHI_023,2023-12-04,CHI,UTA,True,True,24.0,7,7,1,1,1,2,2,1,0,True
SYN0034,Synthetic Player 034,2023-24,2023-24_CHI_024,2023-12-06,CHI,WAS,False,False,21.7,6,6,1,0,1,1,2,1,0,True
SYN0034,Synthetic Player 034,2023-24,2023-24_CHI_025,2023-12-07,CHI,ATL,True,False,20.2,6,6,2,0,1,1,2,1,0,True
SYN0034,Synthetic Player 034,2023-24,2023-24_CHI_026,2023-12-09,CHI,BOS,False,True,29.6,11,6,2,0,1,2,3,2,0,True
SYN0034,Synthetic Player 034,2023-24,2023-24_CHI_027,2023-12-12,CHI,BKN,True,False,21.3,7,5,1,1,1,1,2,1,0,True
SYN0034,Synthetic Player 034,2023-24,2023-24_CHI_028,2023-12-13,CHI,CHA,False,False,15.0,6,3,1,0,1,1,1,1,0,True
SYN0034,Synthetic Player 034,2023-24,2023-24_CHI_029,2023-12-14,CHI,CHI,True,True,29.7,12,6,2,0,1,2,2,2,0,True
SYN0034,Synthetic Player 034,2023-24,2023-24_CHI_030,2023-12-16,CHI,CLE,False,False,19.7,9,5,1,0,1,1,1,1,0,True
SYN0034,Synthetic Player 034,2023-24,2023-24_CHI_031,2023-12-18,CHI,DAL,True,False,18.4,5,5,1,0,1,1,2,1,0,True
SYN0034,Synthetic Player 034,2023-24,2023-24_CHI_032,2023-12-20,CHI,DEN,False,True,26.1,10,8,2,0,1,2,2,2,0,True
SYN0034,Synthetic Player 034,2023-24,2023-24_CHI_033,2023-12-22,CHI,DET,True,True,27.3,7,5,2,1,1,1,3,2,0,True
SYN0034,Synthetic Player 034,2023-24,2023-24_CHI_034,2023-12-25,CHI,GSW,False,False,22.7,8,7,2,0,1,1,2,2,0,True
SYN0034,Synthetic Player 034,2023-24,2023-24_CHI_035,2023-12-27,CHI,HOU,True,False,18.3,5,5,1,0,1,1,2,1,0,True
SYN0034,Synthetic Player 034,2023-24,2023-24_CHI_039,2024-01-05,CHI,MEM,True,True,24.1,6,7,2,0,1,1,2,1,0,True
SYN0034,Synthetic Player 034,2023-24,2023-24_CHI_040,2024-01-07,CHI,MIA,False,False,17.0,6,3,1,1,1,1,1,1,0,True
SYN0034,Synthetic Player 034,2023-24,2023-24_CHI_041,2024-01-08,CHI,MIL,True,False,16.6,4,3,1,0,1,1,1,0,0,True
SYN0034,Synthetic Player 034,2023-24,2023-24_CHI_042,2024-01-09,CHI,MIN,False,False,10.9,3,2,1,0,1,1,1,0,0,True
SYN0034,Synthetic Player 034,2023-24,2023-24_CHI_043,2024-01-11,CHI,NOP,True,False,18.8,5,5,2,0,1,1,2,1,0,True
SYN0034,Synthetic Player 034,2023-24,2023-24_CHI_044,2024-01-13,CHI,NYK,False,True,27.8,8,7,2,1,2,2,2,1,0,True
SYN0034,Synthetic Player 034,2023-24,2023-24_CHI_045,2024-01-15,CHI,OKC,True,False,19.2,6,5,1,1,1,1,2,1,0,True
SYN0034,Synthetic Player 034,2023-24,2023-24_CHI_046,2024-01-16,CHI,ORL,False,False,20.1,8,4,1,1,2,1,2,1,0,True
SYN0034,Synthetic Player 034,2023-24,2023-24_CHI_047,2024-01-17,CHI,PHI,True,True,24.4,7,6,2,0,1,1,2,1,0,True
SYN0034,Synthetic Player 034,2023-24,2023-24_CHI_048,2024-01-20,CHI,PHX,False,False,17.7,6,4,1,0,1,1,1,1,0,True
SYN0034,Synthetic Player 034,2023-24,2023-24_CHI_049,2024-01-22,CHI,POR,True,False,23.5,6,5,2,1,1,1,2,1,0,True
SYN0034,Synthetic Player 034,2023-24,2023-24_CHI_050,2024-01-24,CHI,SAC,False,True,26.9,8,7,1,1,1,1,2,1,0,True
SYN0034,Synthetic Player 034,2023-24,2023-24_CHI_051,2024-01-27,CHI,SAS,True,False,15.1,6,3,1,0,0,1,1,1,0,True
SYN0034,Synthetic Player 034,2023-24,2023-24_CHI_052,2024-01-29,CHI,TOR,False,False,18.3,5,5,1,0,1,1,1,1,0,True
SYN0034,Synthetic Player 034,2023-24,2023-24_CHI_053,2024-02-01,CHI,UTA,True,True,26.8,9,7,2,1,1,1,3,1,0,True
SYN0034,Synthetic Player 034,2023-24,2023-24_CHI_054,2024-02-02,CHI,WAS,False,True,25.9,9,5,2,1,1,1,2,2,0,True
SYN0034,Synthetic Player 034,2023-24,2023-24_CHI_055,2024-02-04,CHI,ATL,True,False,21.3,7,6,2,1,1,1,2,1,0,True
SYN0034,Synthetic Player 034,2023-24,2023-24_CHI_057,2024-02-07,CHI,BKN,True,False,15.8,5,5,1,0,1,1,1,1,0,True
SYN0034,Synthetic Player 034,2023-24,2023-24_CHI_058,2024-02-08,CHI,CHA,False,True,26.2,4,7,3,1,2,1,2,1,0,True
SYN0034,Synthetic Player 034,2023-24,2023-24_CHI_059,2024-02-09,CHI,CHI,True,False,9.8,4,3,0,0,1,1,1,1,0,True
SYN0034,Synthetic Player 034,2023-24,2023-24_CHI_060,2024-02-12,CHI,CLE,False,False,23.1,8,5,1,1,1,2,1,2,0,True
SYN0034,Synthetic Player 034,2023-24,2023-24_CHI_061,2024-02-13,CHI,DAL,True,True,26.3,11,7,2,1,2,1,2,1,0,True
SYN0034,Synthetic Player 034,2023-24,2023-24_CHI_062,2024-02-15,CHI,DEN,False,False,17.3,4,4,1,0,1,1,1,1,0,True
SYN0034,Synthetic Player 034,2023-24,2023-24_CHI_063,2024-02-16,CHI,DET,True,True,25.6,12,6,2,1,2,2,2,2,0,True
SYN0034,Synthetic Player 034,2023-24,2023-24_CHI_064,2024-02-19,CHI,GSW,False,False,20.9,9,4,1,0,1,1,1,1,0,True
SYN0034,Synthetic Player 034,2023-24,2023-24_CHI_077,2024-03-12,CHI,PHI,True,False,21.4,5,5,2,0,1,1,1,1,0,True
SYN0034,Synthetic Player 034,2023-24,2023-24_CHI_078,2024-03-15,CHI,PHX,False,False,23.8,11,5,1,1,2,1,2,1,0,True
SYN0034,Synthetic Player 034,2023-24,2023-24_CHI_079,2024-03-17,CHI,POR,True,False,15.1,3,4,1,0,1,1,1,0,0,True
SYN0034,Synthetic Player 034,2023-24,2023-24_CHI_080,2024-03-18,CHI,SAC,False,False,13.0,2,3,1,0,1,0,1,0,0,True
SYN0034,Synthetic Player 034,2023-24,2023-24_CHI_081,2024-03-20,CHI,SAS,True,False,23.0,4,6,2,0,1,1,2,0,0,True
SYN0035,Synthetic Player 035,2023-24,2023-24_CLE_000,2023-10-23,CLE,DAL,False,True,29.2,48,5,6,2,0,3,2,7,4,True
SYN0035,Synthetic Player 035,2023-24,2023-24_CLE_001,2023-10-24,CLE,DEN,True,True,35.3,47,7,8,2,0,7,2,6,4,True
SYN0035,Synthetic Player 035,2023-24,2023-24_CLE_002,2023-10-25,CLE,DET,False,True,35.1,99,4,13,1,0,3,2,30,8,True
SYN0035,Synthetic Player 035,2023-24,2023-24_CLE_003,2023-10-26,CLE,GSW,True,True,40.6,69,7,12,2,0,4,2,16,6,True
SYN0035,Synthetic Player 035,2023-24,2023-24_CLE_004,2023-10-29,CLE,HOU,False,True,37.0,35,4,15,2,0,3,2,4,3,True
SYN0035,Synthetic Player 035,2023-24,2023-24_CLE_005,2023-10-31,CLE,IND,True,True,33.9,29,4,13,1,0,3,2,6,3,True
SYN0035,Synthetic Player 035,2023-24,2023-24_CLE_006,2023-11-02,CLE,LAC,False,True,26.7,12,5,8,2,0,3,1,2,1,True
SYN0035,Synthetic Player 035,2023-24,2023-24_CLE_007,2023-11-05,CLE,LAL,True,True,35.0,35,4,11,2,0,3,2,6,3,True
SYN0035,Synthetic Player 035,2023-24,2023-24_CLE_008,2023-11-06,CLE,MEM,False,True,35.1,46,8,9,4,0,3,2,7,3,True
SYN0035,Synthetic Player 035,2023-24,2023-24_CLE_009,2023-11-08,CLE,MIA,True,True,32.9,48,5,7,2,0,2,2,9,9,True
SYN0035,Synthetic Player 035,2023-24,2023-24_CLE_010,2023-11-10,CLE,MIL,False,True,41.7,27,4,12,1,0,3,2,2,4,True
SYN0035,Synthetic Player 035,2023-24,2023-24_CLE_011,2023-11-12,CLE,MIN,True,True,31.0,14,3,5,1,0,3,2,1,0,True
SYN0035,Synthetic Player 035,2023-24,2023-24_CLE_012,2023-11-14,CLE,NOP,False,True,39.2,29,4,15,2,0,6,2,5,3,True
SYN0035,Synthetic Player 035,2023-24,2023-24_CLE_013,2023-11-16,CLE,NYK,True,True,33.5,37,5,20,1,0,3,2,2,8,True
SYN0035,Synthetic Player 035,2023-24,2023-24_CLE_014,2023-11-18,CLE,OKC,False,True,31.4,22,3,9,2,0,2,2,5,3,True
SYN0035,Synthetic Player 035,2023-24,2023-24_CLE_015,2023-11-20,CLE,ORL,True,True,34.2,20,4,14,1,0,3,2,1,3,True
SYN0035,Synthetic Player 035,2023-24,2023-24_CLE_016,2023-11-21,CLE,PHI,False,True,33.1,30,4,12,1,0,3,2,5,4,True
SYN0035,Synthetic Player 035,2023-24,2023-24_CLE_017,2023-11-22,CLE,PHX,True,True,38.6,49,7,17,2,0,3,2,10,4,True
SYN0035,Synthetic Player 035,2023-24,2023-24_CLE_018,2023-11-25,CLE,POR,False,True,35.7,43,3,21,2,0,3,2,4,5,True
SYN0035,Synthetic Player 035,2023-24,2023-24_CLE_019,2023-11-27,CLE,SAC,True,True,36.2,23,6,15,1,0,4,2,1,1,True
SYN0035,Synthetic Player 035,2023-24,2023-24_CLE_020,2023-11-29,CLE,SAS,False,True,40.1,29,6,16,1,0,5,2,5,4,True
SYN0035,Synthetic Player 035,2023-24,2023-24_CLE_021,2023-12-01,CLE,TOR,True,True,36.1,53,5,10,1,1,6,2,5,3,True
SYN0035,Synthetic Player 035,2023-24,2023-24_CLE_022,2023-12-03,CLE,UTA,False,True,35.2,50,5,14,2,0,4,2,8,5,True
SYN0035,Synthetic Player 035,2023-24,2023-24_CLE_023,2023-12-05,CLE,WAS,True,True,35.4,30,9,16,2,0,2,2,8,5,True
SYN0035,Synthetic Player 035,2023-24,2023-24_CLE_024,2023-12-07,CLE,ATL,False,True,39.6,102,8,14,1,0,4,2,25,11,True
SYN0035,Synthetic Player 035,2023-24,2023-24_CLE_025,2023-12-09,CLE,BOS,True,True,27.8,26,6,10,1,0,2,1,3,3,True
SYN0035,Synthetic Player 035,2023-24,2023-24_CLE_026,2023-12-11,CLE,BKN,False,True,43.4,47,6,18,2,1,5,3,5,2,True
SYN0035,Synthetic Player 035,2023-24,2023-24_CLE_027,2023-12-12,CLE,CHA,True,True,38.5,22,4,17,1,0,5,2,4,4,True
SYN0035,Synthetic Player 035,2023-24,2023-24_CLE_028,2023-12-14,CLE,CHI,False,True,43.5,59,3,12,2,0,4,4,10,6,True
SYN0035,Synthetic Player 035,2023-24,2023-24_CLE_029,2023-12-17,CLE,CLE,True,True,29.1,28,3,13,1,0,1,2,4,2,True
SYN0035,Synthetic Player 035,2023-24,2023-24_CLE_030,2023-12-19,CLE,DAL,False,True,31.4,34,4,11,1,0,6,2,4,2,True
SYN0035,Synthetic Player 035,2023-24,2023-24_CLE_031,2023-12-20,CLE,DEN,True,True,36.0,23,8,14,1,0,3,2,3,4,True
SYN0035,Synthetic Player 035,2023-24,2023-24_CLE_032,2023-12-21,CLE,DET,False,True,31.3,15,5,10,1,1,3,2,2,2,True
SYN0035,Synthetic Player 035,2023-24,2023-24_CLE_033,2023-12-23,CLE,GSW,True,True,41.1,36,8,17,2,0,6,2,7,5,True
SYN0035,Synthetic Player 035,2023-24,2023-24_CLE_034,2023-12-24,CLE,HOU,False,True,26.6,13,4,8,1,0,3,1,1,1,True
SYN0035,Synthetic Player 035,2023-24,2023-24_CLE_035,2023-12-26,CLE,IND,True,True,35.4,20,9,28,1,0,2,1,3,1,True
SYN0035,Synthetic Player 035,2023-24,2023-24_CLE_036,2023-12-28,CLE,LAC,False,True,35.6,39,7,6,1,0,3,2,9,5,True
SYN0035,Synthetic Player 035,2023-24,2023-24_CLE_043,2024-01-10,CLE,NYK,True,True,33.6,28,4,13,2,0,3,2,8,6,True
SYN0035,Synthetic Player 035,2023-24,2023-24_CLE_044,2024-01-12,CLE,OKC,False,True,34.1,54,6,6,2,0,4,3,8,8,True
SYN0035,Synthetic Player 035,2023-24,2023-24_CLE_045,2024-01-13,CLE,ORL,True,True,32.9,48,6,28,1,0,3,2,5,9,True
SYN0035,Synthetic Player 035,2023-24,2023-24_CLE_046,2024-01-15,CLE,PHI,False,True,32.8,35,6,15,1,0,4,2,7,4,True
SYN0035,Synthetic Player 035,2023-24,2023-24_CLE_047,2024-01-17,CLE,PHX,True,True,42.3,38,4,15,1,0,4,3,6,5,True
SYN0035,Synthetic Player 035,2023-24,2023-24_CLE_048,2024-01-18,CLE,POR,False,True,36.7,46,7,11,1,0,3,2,8,6,True
SYN0035,Synthetic Player 035,2023-24,2023-24_CLE_049,2024-01-21,CLE,SAC,True,True,40.2,21,12,15,3,0,4,2,1,2,True
SYN0035,Synthetic Player 035,2023-24,2023-24_CLE_050,2024-01-22,CLE,SAS,False,True,29.9,29,3,9,1,0,2,1,4,4,True
SYN0035,Synthetic Player 035,2023-24,2023-24_CLE_051,2024-01-23,CLE,TOR,True,True,41.5,24,7,19,2,0,3,2,4,4,True
SYN0035,Synthetic Player 035,2023-24,2023-24_CLE_052,2024-01-25,CLE,UTA,False,True,31.1,19,4,12,1,0,2,1,2,1,True
SYN0035,Synthetic Player 035,2023-24,2023-24_CLE_053,2024-01-26,CLE,WAS,True,True,33.8,15,7,5,2,0,2,2,1,2,True
SYN0035,Synthetic Player 035,2023-24,2023-24_CLE_054,2024-01-28,CLE,ATL,False,True,36.1,24,5,20,2,0,4,2,2,3,True
SYN0035,Synthetic Player 035,2023-24,2023-24_CLE_055,2024-01-30,CLE,BOS,True,True,39.3,32,5,22,2,1,4,2,3,3,True
SYN0035,Synthetic Player 035,2023-24,2023-24_CLE_056,2024-02-01,CLE,BKN,False,True,43.0,62,6,13,1,0,5,2,11,10,True
SYN0035,Synthetic Player 035,2023-24,2023-24_CLE_057,2024-02-04,CLE,CHA,True,True,40.8,55,6,14,3,0,4,2,7,8,True
SYN0035,Synthetic Player 035,2023-24,2023-24_CLE_058,2024-02-06,CLE,CHI,False,True,39.5,23,3,9,2,1,6,2,3,4,True
SYN0035,Synthetic Player 035,2023-24,2023-24_CLE_059,2024-02-08,CLE,CLE,True,True,39.0,59,4,7,1,0,4,2,11,3,True
SYN0035,Synthetic Player 035,2023-24,2023-24_CLE_060,2024-02-09,CLE,DAL,False,True,34.2,60,3,9,1,0,5,2,10,2,True
SYN0035,Synthetic Player 035,2023-24,2023-24_CLE_061,2024-02-11,CLE,DEN,True,True,29.2,31,4,4,1,0,3,2,5,2,True
SYN0035,Synthetic Player 035,2023-24,2023-24_CLE_062,2024-02-13,CLE,DET,False,True,36.4,46,7,11,1,1,3,2,10,5,True
SYN0035,Synthetic Player 035,2023-24,2023-24_CLE_063,2024-02-14,CLE,GSW,True,True,35.6,12,5,21,1,1,3,3,2,2,True
SYN0035,Synthetic Player 035,2023-24,2023-24_CLE_064,2024-02-17,CLE,HOU,False,True,34.0,16,9,9,2,0,3,2,2,2,True
SYN0035,Synthetic Player 035,2023-24,2023-24_CLE_065,2024-02-19,CLE,IND,True,True,37.5,19,4,19,1,0,4,2,3,2,True
SYN0035,Synthetic Player 035,2023-24,2023-24_CLE_066,2024-02-20,CLE,LAC,False,True,24.4,28,4,10,2,0,2,2,9,3,True
SYN0035,Synthetic Player 035,2023-24,2023-24_CLE_067,2024-02-21,CLE,LAL,True,True,36.1,61,4,13,1,0,3,2,9,3,True
SYN0035,Synthetic Player 035,2023-24,2023-24_CLE_068,2024-02-23,CLE,MEM,False,True,33.2,19,8,9,1,0,3,2,2,2,True
SYN0035,Synthetic Player 035,2023-24,2023-24_CLE_069,2024-02-25,CLE,MIA,True,True,26.2,48,5,7,1,0,2,2,9,5,True
SYN0035,Synthetic Player 035,2023-24,2023-24_CLE_070,2024-02-27,CLE,MIL,False,True,38.8,26,4,23,1,0,4,1,2,2,True
SYN0035,Synthetic Player 035,2023-24,2023-24_CLE_071,2024-02-29,CLE,MIN,True,True,36.4,28,7,15,2,0,4,3,5,3,True
SYN0035,Synthetic Player 035,2023-24,2023-24_CLE_072,2024-03-01,CLE,NOP,False,True,36.7,33,9,9,1,0,4,2,8,2,True
SYN0035,Synthetic Player 035,2023-24,2023-24_CLE_073,2024-03-03,CLE,NYK,True,True,44.0,50,7,10,2,0,4,2,7,8,True
SYN0035,Synthetic Player 035,2023-24,2023-24_CLE_074,2024-03-04,CLE,OKC,False,True,39.0,27,6,14,2,0,5,1,5,3,True
SYN0035,Synthetic Player 035,2023-24,2023-24_CLE_075,2024-03-06,CLE,ORL,True,True,38.3,54,4,12,1,0,6,2,7,5,True
SYN0035,Synthetic Player 035,2023-24,2023-24_CLE_076,2024-03-08,CLE,PHI,False,True,30.8,11,5,7,2,0,3,2,1,1,True
SYN0035,Synthetic Player 035,2023-24,2023-24_CLE_077,2024-03-10,CLE,PHX,True,True,33.4,25,7,16,3,0,2,2,5,2,True
SYN0035,Synthetic Player 035,2023-24,2023-24_CLE_078,2024-03-11,CLE,POR,False,True,34.6,26,7,20,1,0,4,2,2,4,True
SYN0035,Synthetic Player 035,2023-24,2023-24_CLE_079,2024-03-13,CLE,SAC,True,True,38.4,42,3,13,3,0,3,2,12,3,True
SYN0035,Synthetic Player 035,2023-24,2023-24_CLE_080,2024-03-15,CLE,SAS,False,True,33.6,41,6,16,2,0,3,2,5,4,True
SYN0035,Synthetic Player 035,2023-24,2023-24_CLE_081,2024-03-17,CLE,TOR,True,True,31.9,37,5,19,1,0,2,1,4,3,True
SYN0036,Synthetic Player 036,2023-24,2023-24_DAL_000,2023-10-21,DAL,DEN,False,False,14.6,5,3,1,1,0,1,1,1,0,True
SYN0036,Synthetic Player 036,2023-24,2023-24_DAL_001,2023-10-22,DAL,DET,True,True,24.1,14,3,2,1,0,1,2,2,1,True
SYN0036,Synthetic Player 036,2023-24,2023-24_DAL_002,2023-10-24,DAL,GSW,False,False,19.0,13,2,4,0,0,1,1,3,1,True
SYN0036,Synthetic Player 036,2023-24,2023-24_DAL_003,2023-10-26,DAL,HOU,True,False,22.8,11,3,4,1,0,2,1,2,2,True
SYN0036,Synthetic Player 036,2023-24,2023-24_DAL_004,2023-10-28,DAL,IND,False,False,17.3,6,3,3,0,0,1,1,1,1,True
SYN0036,Synthetic Player 036,2023-24,2023-24_DAL_005,2023-10-29,DAL,LAC,True,False,19.4,14,3,5,1,0,1,1,3,2,True
SYN0036,Synthetic Player 036,2023-24,2023-24_DAL_006,2023-10-31,DAL,LAL,False,True,28.2,19,4,4,1,0,2,2,3,1,True
SYN0036,Synthetic Player 036,2023-24,2023-24_DAL_007,2023-11-02,DAL,MEM,True,False,16.8,9,3,3,1,0,1,1,2,1,True
SYN0036,Synthetic Player 036,2023-24,2023-24_DAL_008,2023-11-04,DAL,MIA,False,False,16.1,5,2,3,0,0,1,1,1,1,True
SYN0036,Synthetic Player 036,2023-24,2023-24_DAL_009,2023-11-06,DAL,MIL,True,True,24.9,24,2,2,1,0,2,1,4,3,True
SYN0036,Synthetic Player 036,2023-24,2023-24_DAL_010,2023-11-09,DAL,MIN,False,False,21.4,12,4,3,1,0,2,1,2,2,True
SYN0036,Synthetic Player 036,2023-24,2023-24_DAL_011,2023-11-11,DAL,NOP,True,True,24.4,11,3,3,1,0,1,2,3,1,True
SYN0036,Synthetic Player 036,2023-24,2023-24_DAL_012,2023-11-13,DAL,NYK,False,False,15.2,15,2,2,0,0,1,1,2,1,True
SYN0036,Synthetic Player 036,2023-24,2023-24_DAL_013,2023-11-14,DAL,OKC,True,True,27.3,14,3,3,1,1,1,2,2,2,True
SYN0036,Synthetic Player 036,2023-24,2023-24_DAL_014,2023-11-16,DAL,ORL,False,False,23.7,14,3,3,1,0,1,2,2,2,True
SYN0036,Synthetic Player 036,2023-24,2023-24_DAL_015,2023-11-17,DAL,PHI,True,False,18.2,9,3,2,1,0,1,1,1,1,True
SYN0036,Synthetic Player 036,2023-24,2023-24_DAL_016,2023-11-19,DAL,PHX,False,True,25.5,13,5,4,1,0,2,2,2,2,True
SYN0036,Synthetic Player 036,2023-24,2023-24_DAL_017,2023-11-20,DAL,POR,True,False,20.0,14,3,2,1,0,1,1,2,2,True
SYN0036,Synthetic Player 036,2023-24,2023-24_DAL_018,2023-11-22,DAL,SAC,False,False,21.0,14,2,3,0,0,2,2,2,3,True
SYN0036,Synthetic Player 036,2023-24,2023-24_DAL_019,2023-11-24,DAL,SAS,True,False,22.7,14,4,4,1,0,2,1,2,1,True
SYN0036,Synthetic Player 036,2023-24,2023-24_DAL_020,2023-11-25,DAL,TOR,False,False,21.6,13,2,2,0,0,2,1,4,2,True
SYN0036,Synthetic Player 036,2023-24,2023-24_DAL_024,2023-12-01,DAL,BOS,False,False,19.6,17,2,3,0,0,1,1,4,3,True
SYN0036,Synthetic Player 036,2023-24,2023-24_DAL_025,2023-12-02,DAL,BKN,True,False,13.0,14,2,2,0,0,1,1,2,1,True
SYN0036,Synthetic Player 036,2023-24,2023-24_DAL_026,2023-12-04,DAL,CHA,False,False,21.1,14,2,4,1,0,1,1,2,2,True
SYN0036,Synthetic Player 036,2023-24,2023-24_DAL_028,2023-12-08,DAL,CLE,False,False,15.2,9,3,1,0,0,1,1,1,1,True
SYN0036,Synthetic Player 036,2023-24,2023-24_DAL_029,2023-12-10,DAL,DAL,True,False,15.1,8,2,2,1,0,1,1,2,1,True
SYN0036,Synthetic Player 036,2023-24,2023-24_DAL_030,2023-12-11,DAL,DEN,False,False,20.8,9,3,2,0,0,1,1,1,2,True
SYN0036,Synthetic Player 036,2023-24,2023-24_DAL_032,2023-12-14,DAL,GSW,False,False,19.9,5,4,1,1,0,1,1,1,1,True
SYN0036,Synthetic Player 036,2023-24,2023-24_DAL_033,2023-12-16,DAL,HOU,True,False,19.5,7,5,1,1,0,1,1,1,1,True
SYN0036,Synthetic Player 036,2023-24,2023-24_DAL_034,2023-12-19,DAL,IND,False,False,16.6,11,3,1,1,0,1,1,2,3,True
SYN0036,Synthetic Player 036,2023-24,2023-24_DAL_037,2023-12-23,DAL,MEM,True,False,20.5,18,4,2,0,0,2,1,5,2,True
SYN0036,Synthetic Player 036,2023-24,2023-24_DAL_038,2023-12-26,DAL,MIA,False,True,26.5,18,4,2,1,0,3,2,5,2,True
SYN0036,Synthetic Player 036,2023-24,2023-24_DAL_039,2023-12-27,DAL,MIL,True,False,23.5,11,1,2,1,0,1,2,2,2,True
SYN0036,Synthetic Player 036,2023-24,2023-24_DAL_040,2023-12-29,DAL,MIN,False,False,20.1,14,3,3,0,0,1,1,1,2,True
SYN0036,Synthetic Player 036,2023-24,2023-24_DAL_041,2023-12-31,DAL,NOP,True,True,26.7,10,4,2,1,0,2,2,2,2,True
SYN0036,Synthetic Player 036,2023-24,2023-24_DAL_042,2024-01-01,DAL,NYK,False,True,24.3,17,4,4,1,0,1,2,3,2,True
SYN0036,Synthetic Player 036,2023-24,2023-24_DAL_043,2024-01-03,DAL,OKC,True,False,22.1,16,4,3,1,0,1,2,2,2,True
SYN0036,Synthetic Player 036,2023-24,2023-24_DAL_044,2024-01-05,DAL,ORL,False,False,23.7,25,3,3,1,0,1,1,5,4,True
SYN0036,Synthetic Player 036,2023-24,2023-24_DAL_045,2024-01-07,DAL,PHI,True,False,21.8,14,3,3,0,0,1,2,3,1,True
SYN0036,Synthetic Player 036,2023-24,2023-24_DAL_046,2024-01-09,DAL,PHX,False,False,12.3,6,3,1,0,0,1,1,1,0,True
SYN0036,Synthetic Player 036,2023-24,2023-24_DAL_047,2024-01-11,DAL,POR,True,False,17.9,16,1,2,0,0,1,1,2,2,True
SYN0036,Synthetic Player 036,2023-24,2023-24_DAL_048,2024-01-13,DAL,SAC,False,False,22.5,21,4,3,1,0,1,2,3,3,True
SYN0036,Synthetic Player 036,2023-24,2023-24_DAL_049,2024-01-14,DAL,SAS,True,False,18.1,17,2,3,1,0,1,1,4,1,True
SYN0036,Synthetic Player 036,2023-24,2023-24_DAL_050,2024-01-16,DAL,TOR,False,True,29.4,14,3,4,1,0,2,2,2,2,True
SYN0036,Synthetic Player 036,2023-24,2023-24_DAL_051,2024-01-18,DAL,UTA,True,False,19.4,21,2,2,1,0,1,1,5,1,True
SYN0036,Synthetic Player 036,2023-24,2023-24_DAL_052,2024-01-20,DAL,WAS,False,False,18.4,14,2,2,0,0,1,1,3,3,True
SYN0036,Synthetic Player 036,2023-24,2023-24_DAL_053,2024-01-22,DAL,ATL,True,False,18.8,10,4,3,1,0,1,1,1,1,True
SYN0036,Synthetic Player 036,2023-24,2023-24_DAL_054,2024-01-23,DAL,BOS,False,False,16.5,13,2,3,1,0,1,1,3,2,True
SYN0036,Synthetic Player 036,2023-24,2023-24_DAL_055,2024-01-25,DAL,BKN,True,False,21.9,15,3,3,1,0,1,1,3,2,True
SYN0036,Synthetic Player 036,2023-24,2023-24_DAL_056,2024-01-26,DAL,CHA,False,False,20.9,10,2,2,0,0,2,1,1,1,True
SYN0036,Synthetic Player 036,2023-24,2023-24_DAL_057,2024-01-28,DAL,CHI,True,True,32.8,40,3,6,1,0,2,2,4,4,True
SYN0036,Synthetic Player 036,2023-24,2023-24_DAL_058,2024-01-29,DAL,CLE,False,False,11.8,8,2,1,1,0,1,1,2,1,True
SYN0036,Synthetic Player 036,2023-24,2023-24_DAL_059,2024-01-31,DAL,DAL,True,True,27.1,10,4,4,0,0,2,2,2,1,True
SYN0036,Synthetic Player 036,2023-24,2023-24_DAL_060,2024-02-02,DAL,DEN,False,True,24.1,11,4,4,1,0,2,1,1,1,True
SYN0036,Synthetic Player 036,2023-24,2023-24_DAL_061,2024-02-04,DAL,DET,True,True,24.3,19,3,4,1,0,2,2,3,3,True
SYN0036,Synthetic Player 036,2023-24,2023-24_DAL_065,2024-02-14,DAL,LAC,True,True,29.4,11,4,4,1,0,2,2,2,3,True
SYN0036,Synthetic Player 036,2023-24,2023-24_DAL_066,2024-02-15,DAL,LAL,False,False,13.5,8,2,1,0,0,1,1,1,1,True
SYN0036,Synthetic Player 036,2023-24,2023-24_DAL_073,2024-02-24,DAL,OKC,True,False,19.2,9,3,1,1,0,1,1,1,1,True
SYN0036,Synthetic Player 036,2023-24,2023-24_DAL_074,2024-02-26,DAL,ORL,False,False,23.6,20,4,3,1,0,1,1,2,2,True
SYN0036,Synthetic Player 036,2023-24,2023-24_DAL_075,2024-02-28,DAL,PHI,True,False,16.4,12,2,1,1,0,1,1,1,2,True
SYN0036,Synthetic Player 036,2023-24,2023-24_DAL_076,2024-02-29,DAL,PHX,False,True,28.8,21,5,4,1,0,1,1,4,1,True
SYN0036,Synthetic Player 036,2023-24,2023-24_DAL_077,2024-03-02,DAL,POR,True,False,12.7,10,2,2,0,0,1,1,2,1,True
SYN0036,Synthetic Player 036,2023-24,2023-24_DAL_078,2024-03-04,DAL,SAC,False,False,22.6,9,4,5,1,0,1,1,2,1,True
SYN0036,Synthetic Player 036,2023-24,2023-24_DAL_080,2024-03-07,DAL,TOR,False,True,29.7,26,2,5,1,0,2,2,3,3,True
SYN0037,Synthetic Player 037,2023-24,2023-24_DEN_000,2023-10-22,DEN,DET,False,True,29.2,22,8,4,2,1,2,2,3,2,True
SYN0037,Synthetic Player 037,2023-24,2023-24_DEN_001,2023-10-24,DEN,GSW,True,True,25.6,11,4,3,1,0,2,2,2,2,True
SYN0037,Synthetic Player 037,2023-24,2023-24_DEN_002,2023-10-25,DEN,HOU,False,False,23.5,16,2,4,1,0,1,1,3,1,True
SYN0037,Synthetic Player 037,2023-24,2023-24_DEN_003,2023-10-27,DEN,IND,True,True,28.5,15,6,5,1,0,2,2,3,2,True
SYN0037,Synthetic Player 037,2023-24,2023-24_DEN_004,2023-10-28,DEN,LAC,False,True,32.4,34,9,5,1,1,2,2,6,3,True
SYN0037,Synthetic Player 037,2023-24,2023-24_DEN_005,2023-10-31,DEN,LAL,True,True,29.3,22,6,9,1,0,2,2,4,2,True
SYN0037,Synthetic Player 037,2023-24,2023-24_DEN_006,2023-11-01,DEN,MEM,False,True,30.8,7,6,4,1,0,2,2,1,1,True
SYN0037,Synthetic Player 037,2023-24,2023-24_DEN_007,2023-11-02,DEN,MIA,True,True,31.1,19,4,5,1,1,1,2,3,2,True
SYN0037,Synthetic Player 037,2023-24,2023-24_DEN_008,2023-11-03,DEN,MIL,False,False,23.7,18,3,2,1,0,1,2,3,2,True
SYN0037,Synthetic Player 037,2023-24,2023-24_DEN_009,2023-11-05,DEN,MIN,True,True,28.1,20,6,4,1,1,1,2,4,2,True
SYN0037,Synthetic Player 037,2023-24,2023-24_DEN_010,2023-11-07,DEN,NOP,False,True,26.1,14,5,3,1,1,2,2,3,1,True
SYN0037,Synthetic Player 037,2023-24,2023-24_DEN_011,2023-11-09,DEN,NYK,True,True,25.2,17,4,4,1,1,1,2,2,2,True
SYN0037,Synthetic Player 037,2023-24,2023-24_DEN_012,2023-11-11,DEN,OKC,False,True,30.5,11,7,5,1,0,3,2,2,1,True
SYN0037,Synthetic Player 037,2023-24,2023-24_DEN_013,2023-11-13,DEN,ORL,True,True,30.2,16,5,5,0,0,2,2,2,2,True
SYN0037,Synthetic Player 037,2023-24,2023-24_DEN_014,2023-11-14,DEN,PHI,False,False,21.2,16,5,3,1,0,2,1,3,2,True
SYN0037,Synthetic Player 037,2023-24,2023-24_DEN_015,2023-11-16,DEN,PHX,True,False,21.6,23,3,2,1,0,1,2,4,1,True
SYN0037,Synthetic Player 037,2023-24,2023-24_DEN_016,2023-11-18,DEN,POR,False,False,23.9,15,4,4,1,0,2,2,2,2,True
SYN0037,Synthetic Player 037,2023-24,2023-24_DEN_017,2023-11-20,DEN,SAC,True,True,26.2,21,6,4,1,0,2,2,3,3,True
SYN0037,Synthetic Player 037,2023-24,2023-24_DEN_018,2023-11-21,DEN,SAS,False,True,33.8,8,5,5,1,0,2,2,1,1,True
SYN0037,Synthetic Player 037,2023-24,2023-24_DEN_019,2023-11-23,DEN,TOR,True,True,26.7,29,4,5,1,0,1,2,5,3,True
SYN0037,Synthetic Player 037,2023-24,2023-24_DEN_020,2023-11-25,DEN,UTA,False,True,33.2,31,7,2,1,0,2,1,4,5,True
SYN0037,Synthetic Player 037,2023-24,2023-24_DEN_021,2023-11-27,DEN,WAS,True,True,32.3,26,7,4,1,1,2,3,3,3,True
SYN0037,Synthetic Player 037,2023-24,2023-24_DEN_022,2023-11-29,DEN,ATL,False,False,17.9,12,3,1,1,0,1,1,2,1,True
SYN0037,Synthetic Player 037,2023-24,2023-24_DEN_023,2023-12-01,DEN,BOS,True,True,32.8,20,4,5,0,1,2,2,3,2,True
SYN0037,Synthetic Player 037,2023-24,2023-24_DEN_024,2023-12-04,DEN,BKN,False,True,24.1,11,7,5,1,0,1,1,1,1,True
SYN0037,Synthetic Player 037,2023-24,2023-24_DEN_025,2023-12-06,DEN,CHA,True,True,32.5,21,6,6,2,0,3,2,2,3,True
SYN0037,Synthetic Player 037,2023-24,2023-24_DEN_026,2023-12-08,DEN,CHI,False,True,27.0,13,4,4,1,0,2,2,1,1,True
SYN0037,Synthetic Player 037,2023-24,2023-24_DEN_027,2023-12-10,DEN,CLE,True,False,23.7,11,8,4,1,1,2,2,2,1,True
SYN0037,Synthetic Player 037,2023-24,2023-24_DEN_028,2023-12-11,DEN,DAL,False,False,23.7,28,5,5,1,1,2,1,4,3,True
SYN0037,Synthetic Player 037,2023-24,2023-24_DEN_029,2023-12-14,DEN,DEN,True,True,29.0,17,4,3,1,0,2,2,4,1,True
SYN0037,Synthetic Player 037,2023-24,2023-24_DEN_030,2023-12-16,DEN,DET,False,True,25.8,29,6,4,1,0,2,2,6,4,True
SYN0037,Synthetic Player 037,2023-24,2023-24_DEN_031,2023-12-18,DEN,GSW,True,False,22.6,10,4,3,1,0,1,1,2,1,True
SYN0037,Synthetic Player 037,2023-24,2023-24_DEN_032,2023-12-19,DEN,HOU,False,False,22.0,14,7,2,0,1,1,1,1,2,True
SYN0037,Synthetic Player 037,2023-24,2023-24_DEN_033,2023-12-22,DEN,IND,True,True,24.3,16,5,2,1,0,1,2,3,1,True
SYN0037,Synthetic Player 037,2023-24,2023-24_DEN_034,2023-12-23,DEN,LAC,False,True,26.5,11,5,3,1,0,1,2,1,1,True
SYN0037,Synthetic Player 037,2023-24,2023-24_DEN_035,2023-12-25,DEN,LAL,True,True,25.4,17,6,5,1,0,2,2,2,1,True
SYN0037,Synthetic Player 037,2023-24,2023-24_DEN_036,2023-12-26,DEN,MEM,False,True,30.6,12,4,4,2,0,2,2,2,2,True
SYN0037,Synthetic Player 037,2023-24,2023-24_DEN_037,2023-12-28,DEN,MIA,True,True,28.2,13,5,4,1,0,1,2,2,2,True
SYN0037,Synthetic Player 037,2023-24,2023-24_DEN_038,2023-12-30,DEN,MIL,False,False,23.5,10,6,5,1,1,2,1,2,1,True
SYN0037,Synthetic Player 037,2023-24,2023-24_DEN_039,2024-01-01,DEN,MIN,True,True,29.8,25,5,3,1,0,2,2,5,2,True
SYN0037,Synthetic Player 037,2023-24,2023-24_DEN_040,2024-01-03,DEN,NOP,False,True,30.7,19,5,4,1,1,2,2,3,3,True
SYN0037,Synthetic Player 037,2023-24,2023-24_DEN_043,2024-01-08,DEN,ORL,True,True,31.5,24,5,5,1,0,2,1,3,3,True
SYN0037,Synthetic Player 037,2023-24,2023-24_DEN_044,2024-01-11,DEN,PHI,False,True,30.9,25,8,3,1,1,3,2,3,2,True
SYN0037,Synthetic Player 037,2023-24,2023-24_DEN_045,2024-01-13,DEN,PHX,True,True,27.3,22,5,5,1,0,2,2,5,3,True
SYN0037,Synthetic Player 037,2023-24,2023-24_DEN_046,2024-01-14,DEN,POR,False,True,27.1,17,4,4,1,0,2,2,2,1,True
SYN0037,Synthetic Player 037,2023-24,2023-24_DEN_047,2024-01-16,DEN,SAC,True,False,22.1,18,4,3,1,0,2,1,3,1,True
SYN0037,Synthetic Player 037,2023-24,2023-24_DEN_048,2024-01-18,DEN,SAS,False,False,22.5,14,4,3,1,0,1,1,2,1,True
SYN0037,Synthetic Player 037,2023-24,2023-24_DEN_050,2024-01-22,DEN,UTA,False,True,25.8,22,5,4,1,0,2,2,3,2,True
SYN0037,Synthetic Player 037,2023-24,2023-24_DEN_051,2024-01-24,DEN,WAS,True,True,31.9,45,10,6,1,0,3,2,8,8,True
SYN0037,Synthetic Player 037,2023-24,2023-24_DEN_052,2024-01-25,DEN,ATL,False,False,21.7,18,4,3,1,0,2,2,4,2,True
SYN0037,Synthetic Player 037,2023-24,2023-24_DEN_053,2024-01-28,DEN,BOS,True,True,26.9,24,6,2,1,0,2,2,3,3,True
SYN0037,Synthetic Player 037,2023-24,2023-24_DEN_054,2024-01-30,DEN,BKN,False,True,34.2,16,6,4,1,1,2,3,2,2,True
SYN0037,Synthetic Player 037,2023-24,2023-24_DEN_055,2024-01-31,DEN,CHA,True,True,33.9,23,5,4,1,1,2,3,4,2,True
SYN0037,Synthetic Player 037,2023-24,2023-24_DEN_056,2024-02-01,DEN,CHI,False,True,32.3,25,7,4,0,0,1,2,3,3,True
SYN0037,Synthetic Player 037,2023-24,2023-24_DEN_057,2024-02-03,DEN,CLE,True,False,23.0,24,4,5,1,0,1,1,4,2,True
SYN0037,Synthetic Player 037,2023-24,2023-24_DEN_058,2024-02-05,DEN,DAL,False,True,26.9,23,3,4,1,0,3,2,4,2,True
SYN0037,Synthetic Player 037,2023-24,2023-24_DEN_059,2024-02-07,DEN,DEN,True,False,21.8,8,4,3,1,0,2,2,1,1,True
SYN0037,Synthetic Player 037,2023-24,2023-24_DEN_060,2024-02-10,DEN,DET,False,True,32.5,13,6,3,1,1,2,1,3,2,True
SYN0037,Synthetic Player 037,2023-24,2023-24_DEN_061,2024-02-12,DEN,GSW,True,False,21.6,13,4,2,1,0,2,1,2,2,True
SYN0037,Synthetic Player 037,2023-24,2023-24_DEN_062,2024-02-13,DEN,HOU,False,True,26.6,21,3,4,1,0,2,1,3,2,True
SYN0037,Synthetic Player 037,2023-24,2023-24_DEN_063,2024-02-16,DEN,IND,True,True,31.4,24,7,5,1,1,2,3,3,4,True
SYN0037,Synthetic Player 037,2023-24,2023-24_DEN_064,2024-02-18,DEN,LAC,False,True,26.8,29,6,3,1,1,2,2,4,5,True
SYN0037,Synthetic Player 037,2023-24,2023-24_DEN_065,2024-02-20,DEN,LAL,True,True,25.9,15,4,3,1,0,1,1,2,2,True
SYN0037,Synthetic Player 037,2023-24,2023-24_DEN_066,2024-02-22,DEN,MEM,False,True,29.2,14,6,5,1,1,2,2,3,1,True
SYN0037,Synthetic Player 037,2023-24,2023-24_DEN_067,2024-02-24,DEN,MIA,True,True,31.9,26,9,3,1,1,2,2,4,2,True
SYN0037,Synthetic Player 037,2023-24,2023-24_DEN_071,2024-03-02,DEN,NYK,True,False,21.2,14,5,2,1,0,1,1,2,1,True
SYN0037,Synthetic Player 037,2023-24,2023-24_DEN_072,2024-03-05,DEN,OKC,False,True,32.4,8,5,4,1,1,2,2,1,1,True
SYN0037,Synthetic Player 037,2023-24,2023-24_DEN_073,2024-03-07,DEN,ORL,True,True,34.5,23,7,7,0,0,3,2,3,2,True
SYN0037,Synthetic Player 037,2023-24,2023-24_DEN_074,2024-03-09,DEN,PHI,False,True,33.8,27,6,6,1,0,2,2,4,4,True
SYN0037,Synthetic Player 037,2023-24,2023-24_DEN_075,2024-03-12,DEN,PHX,True,True,34.1,15,6,3,2,0,2,2,4,2,True
SYN0037,Synthetic Player 037,2023-24,2023-24_DEN_076,2024-03-14,DEN,POR,False,True,35.2,28,8,4,2,1,3,2,6,3,True
SYN0037,Synthetic Player 037,2023-24,2023-24_DEN_077,2024-03-16,DEN,SAC,True,True,34.1,28,4,7,2,0,3,2,5,4,True
SYN0037,Synthetic Player 037,2023-24,2023-24_DEN_078,2024-03-18,DEN,SAS,False,True,28.6,19,6,3,2,1,2,2,4,2,True
SYN0037,Synthetic Player 037,2023-24,2023-24_DEN_079,2024-03-20,DEN,TOR,True,False,20.6,9,4,1,0,1,1,1,1,1,True
SYN0037,Synthetic Player 037,2023-24,2023-24_DEN_080,2024-03-22,DEN,UTA,False,False,22.9,19,4,3,1,0,2,1,3,3,True
SYN0037,Synthetic Player 037,2023-24,2023-24_DEN_081,2024-03-23,DEN,WAS,True,False,17.6,17,4,2,0,0,2,1,2,2,True
SYN0038,Synthetic Player 038,2023-24,2023-24_DET_000,2023-10-23,DET,GSW,False,True,25.9,12,6,3,1,1,2,2,2,1,True
SYN0038,Synthetic Player 038,2023-24,2023-24_DET_001,2023-10-25,DET,HOU,True,False,17.1,7,2,2,0,0,1,1,1,0,True
SYN0038,Synthetic Player 038,2023-24,2023-24_DET_002,2023-10-27,DET,IND,False,True,27.4,18,5,3,1,1,1,2,3,1,True
SYN0038,Synthetic Player 038,2023-24,2023-24_DET_003,2023-10-29,DET,LAC,True,True,29.7,16,4,2,1,2,1,2,2,1,True
SYN0038,Synthetic Player 038,2023-24,2023-24_DET_004,2023-10-31,DET,LAL,False,False,21.4,16,4,1,0,1,1,2,2,1,True
SYN0038,Synthetic Player 038,2023-24,2023-24_DET_005,2023-11-01,DET,MEM,True,True,30.5,14,6,3,1,1,2,2,2,1,True
SYN0038,Synthetic Player 038,2023-24,2023-24_DET_006,2023-11-03,DET,MIA,False,True,30.4,8,7,2,1,1,2,2,1,1,True
SYN0038,Synthetic Player 038,2023-24,2023-24_DET_010,2023-11-08,DET,NYK,False,False,19.9,9,3,1,1,1,1,1,2,1,True
SYN0038,Synthetic Player 038,2023-24,2023-24_DET_011,2023-11-10,DET,OKC,True,False,21.0,9,4,2,0,1,1,2,1,1,True
SYN0038,Synthetic Player 038,2023-24,2023-24_DET_012,2023-11-13,DET,ORL,False,False,20.2,10,4,2,0,0,1,1,1,1,True
SYN0038,Synthetic Player 038,2023-24,2023-24_DET_014,2023-11-16,DET,PHX,False,False,22.6,11,4,2,1,0,1,2,2,1,True
SYN0038,Synthetic Player 038,2023-24,2023-24_DET_015,2023-11-18,DET,POR,True,True,28.9,18,5,2,1,1,1,2,3,1,True
SYN0038,Synthetic Player 038,2023-24,2023-24_DET_016,2023-11-20,DET,SAC,False,False,17.0,8,5,1,0,1,1,1,1,1,True
SYN0038,Synthetic Player 038,2023-24,2023-24_DET_018,2023-11-24,DET,TOR,False,False,23.4,8,5,2,1,1,1,2,1,1,True
SYN0038,Synthetic Player 038,2023-24,2023-24_DET_019,2023-11-26,DET,UTA,True,False,23.2,13,4,2,1,1,1,2,2,1,True
SYN0038,Synthetic Player 038,2023-24,2023-24_DET_020,2023-11-27,DET,WAS,False,False,19.1,4,4,2,1,0,1,2,0,0,True
SYN0038,Synthetic Player 038,2023-24,2023-24_DET_021,2023-11-29,DET,ATL,True,True,25.5,13,7,2,1,1,1,2,1,1,True
SYN0038,Synthetic Player 038,2023-24,2023-24_DET_023,2023-12-04,DET,BKN,True,False,18.4,6,4,1,1,1,1,1,1,0,True
SYN0038,Synthetic Player 038,2023-24,2023-24_DET_028,2023-12-11,DET,DEN,False,False,19.6,7,3,3,1,0,1,1,1,0,True
SYN0038,Synthetic Player 038,2023-24,2023-24_DET_029,2023-12-14,DET,DET,True,False,20.7,9,5,2,1,1,1,2,2,0,True
SYN0038,Synthetic Player 038,2023-24,2023-24_DET_036,2023-12-30,DET,MIA,False,False,20.4,8,4,1,1,1,1,2,1,1,True
SYN0038,Synthetic Player 038,2023-24,2023-24_DET_037,2024-01-01,DET,MIL,True,False,21.7,6,4,2,1,1,1,1,1,0,True
SYN0038,Synthetic Player 038,2023-24,2023-24_DET_038,2024-01-03,DET,MIN,False,True,30.4,11,8,2,1,1,2,2,1,1,True
SYN0038,Synthetic Player 038,2023-24,2023-24_DET_039,2024-01-05,DET,NOP,True,True,30.0,16,5,2,1,1,2,2,2,1,True
SYN0038,Synthetic Player 038,2023-24,2023-24_DET_041,2024-01-07,DET,OKC,True,False,14.0,7,3,2,0,0,1,1,1,0,True
SYN0038,Synthetic Player 038,2023-24,2023-24_DET_042,2024-01-09,DET,ORL,False,True,27.0,14,5,3,0,1,1,2,2,1,True
SYN0038,Synthetic Player 038,2023-24,2023-24_DET_043,2024-01-10,DET,PHI,True,True,30.0,20,5,3,1,1,1,2,3,1,True
SYN0038,Synthetic Player 038,2023-24,2023-24_DET_044,2024-01-12,DET,PHX,False,False,17.8,8,3,2,0,0,1,1,1,0,True
SYN0038,Synthetic Player 038,2023-24,2023-24_DET_045,2024-01-14,DET,POR,True,False,19.6,11,3,2,1,1,1,2,1,1,True
SYN0038,Synthetic Player 038,2023-24,2023-24_DET_046,2024-01-15,DET,SAC,False,True,27.4,9,7,2,1,1,1,2,1,0,True
SYN0038,Synthetic Player 038,2023-24,2023-24_DET_047,2024-01-17,DET,SAS,True,True,25.1,9,8,4,0,1,2,2,1,1,True
SYN0038,Synthetic Player 038,2023-24,2023-24_DET_048,2024-01-18,DET,TOR,False,True,26.0,14,5,2,1,1,1,2,2,2,True
SYN0038,Synthetic Player 038,2023-24,2023-24_DET_049,2024-01-20,DET,UTA,True,True,30.7,13,10,2,1,1,1,2,2,1,True
SYN0038,Synthetic Player 038,2023-24,2023-24_DET_050,2024-01-22,DET,WAS,False,False,18.7,8,4,2,0,1,1,1,1,1,True
SYN0038,Synthetic Player 038,2023-24,2023-24_DET_051,2024-01-23,DET,ATL,True,True,26.5,14,5,2,0,1,1,2,3,1,True
SYN0038,Synthetic Player 038,2023-24,2023-24_DET_052,2024-01-24,DET,BOS,False,False,20.2,10,4,2,1,1,1,2,1,1,True
SYN0038,Synthetic Player 038,2023-24,2023-24_DET_053,2024-01-25,DET,BKN,True,False,19.2,6,4,2,0,1,1,1,1,0,True
SYN0038,Synthetic Player 038,2023-24,2023-24_DET_054,2024-01-26,DET,CHA,False,False,21.9,7,5,1,1,1,1,2,1,1,True
SYN0038,Synthetic Player 038,2023-24,2023-24_DET_055,2024-01-27,DET,CHI,True,False,16.6,7,4,1,1,1,1,1,1,0,True
SYN0038,Synthetic Player 038,2023-24,2023-24_DET_056,2024-01-29,DET,CLE,False,False,23.4,9,5,2,1,1,1,2,1,1,True
SYN0038,Synthetic Player 038,2023-24,2023-24_DET_057,2024-01-31,DET,DAL,True,True,29.7,6,9,3,1,1,2,3,1,0,True
SYN0038,Synthetic Player 038,2023-24,2023-24_DET_058,2024-02-02,DET,DEN,False,True,24.3,7,4,3,1,1,2,2,1,0,True
SYN0038,Synthetic Player 038,2023-24,2023-24_DET_059,2024-02-03,DET,DET,True,False,19.9,9,5,2,1,0,1,1,1,1,True
SYN0038,Synthetic Player 038,2023-24,2023-24_DET_060,2024-02-05,DET,GSW,False,False,14.5,8,4,1,1,1,1,1,1,0,True
SYN0038,Synthetic Player 038,2023-24,2023-24_DET_063,2024-02-11,DET,LAC,True,False,13.5,4,4,1,0,0,1,1,1,0,True
SYN0038,Synthetic Player 038,2023-24,2023-24_DET_064,2024-02-12,DET,LAL,False,True,25.9,19,5,2,1,1,1,2,2,1,True
SYN0038,Synthetic Player 038,2023-24,2023-24_DET_067,2024-02-16,DET,MIL,True,False,14.7,6,4,1,0,0,1,1,1,1,True
SYN0038,Synthetic Player 038,2023-24,2023-24_DET_068,2024-02-18,DET,MIN,False,True,25.3,16,4,2,1,1,2,2,2,1,True
SYN0038,Synthetic Player 038,2023-24,2023-24_DET_069,2024-02-20,DET,NOP,True,True,25.3,10,5,3,0,1,1,2,1,1,True
SYN0038,Synthetic Player 038,2023-24,2023-24_DET_070,2024-02-23,DET,NYK,False,True,25.5,8,6,3,1,1,2,1,2,1,True
SYN0038,Synthetic Player 038,2023-24,2023-24_DET_071,2024-02-25,DET,OKC,True,True,25.7,15,5,2,1,1,1,2,3,1,True
SYN0039,Synthetic Player 039,2023-24,2023-24_GSW_000,2023-10-21,GSW,HOU,False,True,34.4,28,12,5,0,1,2,4,5,1,True
SYN0039,Synthetic Player 039,2023-24,2023-24_GSW_013,2023-11-13,GSW,PHX,True,True,29.7,25,7,3,1,2,1,2,4,1,True
SYN0039,Synthetic Player 039,2023-24,2023-24_GSW_014,2023-11-15,GSW,POR,False,True,34.3,20,16,4,0,2,2,3,4,1,True
SYN0039,Synthetic Player 039,2023-24,2023-24_GSW_015,2023-11-16,GSW,SAC,True,True,34.0,24,12,3,0,1,2,3,3,1,True
SYN0039,Synthetic Player 039,2023-24,2023-24_GSW_016,2023-11-18,GSW,SAS,False,True,34.3,24,12,3,1,2,2,3,3,1,True
SYN0039,Synthetic Player 039,2023-24,2023-24_GSW_017,2023-11-20,GSW,TOR,True,True,24.5,10,8,3,1,1,1,2,1,0,True
SYN0039,Synthetic Player 039,2023-24,2023-24_GSW_020,2023-11-27,GSW,ATL,False,True,27.9,16,10,3,1,1,2,2,4,1,True
SYN0039,Synthetic Player 039,2023-24,2023-24_GSW_021,2023-11-29,GSW,BOS,True,True,28.3,12,9,3,1,1,2,3,2,0,True
SYN0039,Synthetic Player 039,2023-24,2023-24_GSW_022,2023-12-01,GSW,BKN,False,True,33.2,25,14,4,1,2,2,3,4,1,True
SYN0039,Synthetic Player 039,2023-24,2023-24_GSW_023,2023-12-02,GSW,CHA,True,True,30.9,30,11,3,1,1,2,3,5,1,True
SYN0039,Synthetic Player 039,2023-24,2023-24_GSW_024,2023-12-03,GSW,CHI,False,True,31.0,22,11,6,1,1,2,3,3,1,True
SYN0039,Synthetic Player 039,2023-24,2023-24_GSW_025,2023-12-04,GSW,CLE,True,True,27.5,14,8,2,1,1,2,2,2,0,True
SYN0039,Synthetic Player 039,2023-24,2023-24_GSW_027,2023-12-08,GSW,DEN,True,True,29.5,16,11,4,1,1,2,2,3,0,True
SYN0039,Synthetic Player 039,2023-24,2023-24_GSW_028,2023-12-09,GSW,DET,False,True,27.3,16,9,4,1,1,2,2,3,1,True
SYN0039,Synthetic Player 039,2023-24,2023-24_GSW_029,2023-12-11,GSW,GSW,True,True,27.2,14,9,4,0,1,2,2,2,0,True
SYN0039,Synthetic Player 039,2023-24,2023-24_GSW_030,2023-12-14,GSW,HOU,False,True,27.1,13,9,3,1,1,1,2,2,0,True
SYN0039,Synthetic Player 039,2023-24,2023-24_GSW_031,2023-12-15,GSW,IND,True,True,31.6,28,10,3,1,1,2,2,6,1,True
SYN0039,Synthetic Player 039,2023-24,2023-24_GSW_032,2023-12-17,GSW,LAC,False,True,27.3,15,7,5,1,1,2,2,3,0,True
SYN0039,Synthetic Player 039,2023-24,2023-24_GSW_033,2023-12-18,GSW,LAL,True,True,28.6,18,7,4,1,1,2,2,2,0,True
SYN0039,Synthetic Player 039,2023-24,2023-24_GSW_034,2023-12-19,GSW,MEM,False,True,25.6,14,9,3,1,2,1,2,2,0,True
SYN0039,Synthetic Player 039,2023-24,2023-24_GSW_035,2023-12-21,GSW,MIA,True,True,33.7,13,11,5,1,1,3,3,2,0,True
SYN0039,Synthetic Player 039,2023-24,2023-24_GSW_037,2023-12-25,GSW,MIN,True,True,31.3,21,12,3,1,1,2,3,3,1,True
SYN0039,Synthetic Player 039,2023-24,2023-24_GSW_038,2023-12-27,GSW,NOP,False,True,28.4,16,7,3,1,2,2,2,2,0,True
SYN0039,Synthetic Player 039,2023-24,2023-24_GSW_039,2023-12-29,GSW,NYK,True,True,30.8,16,10,4,1,1,2,3,3,0,True
SYN0039,Synthetic Player 039,2023-24,2023-24_GSW_040,2023-12-30,GSW,OKC,False,True,34.8,18,16,4,0,1,2,3,4,0,True
SYN0039,Synthetic Player 039,2023-24,2023-24_GSW_041,2024-01-02,GSW,ORL,True,True,29.7,13,7,3,1,1,2,2,2,0,True
SYN0039,Synthetic Player 039,2023-24,2023-24_GSW_042,2024-01-04,GSW,PHI,False,True,30.7,20,7,5,1,1,3,2,3,1,True
SYN0039,Synthetic Player 039,2023-24,2023-24_GSW_043,2024-01-05,GSW,PHX,True,False,21.4,12,5,3,1,1,1,2,2,0,True
SYN0039,Synthetic Player 039,2023-24,2023-24_GSW_044,2024-01-06,GSW,POR,False,True,33.4,15,7,5,1,2,2,2,2,1,True
SYN0039,Synthetic Player 039,2023-24,2023-24_GSW_045,2024-01-08,GSW,SAC,True,True,29.1,16,8,5,1,1,2,2,3,0,True
SYN0039,Synthetic Player 039,2023-24,2023-24_GSW_046,2024-01-09,GSW,SAS,False,True,28.5,18,9,3,1,2,1,3,2,1,True
SYN0039,Synthetic Player 039,2023-24,2023-24_GSW_047,2024-01-11,GSW,TOR,True,True,34.9,17,11,4,1,2,2,3,3,1,True
SYN0039,Synthetic Player 039,2023-24,2023-24_GSW_048,2024-01-13,GSW,UTA,False,True,28.4,12,9,3,1,1,2,2,2,0,True
SYN0039,Synthetic Player 039,2023-24,2023-24_GSW_049,2024-01-15,GSW,WAS,True,True,32.2,21,12,4,1,2,2,2,3,1,True
SYN0039,Synthetic Player 039,2023-24,2023-24_GSW_050,2024-01-16,GSW,ATL,False,True,36.7,22,11,4,1,2,2,3,2,1,True
SYN0039,Synthetic Player 039,2023-24,2023-24_GSW_051,2024-01-18,GSW,BOS,True,False,20.0,11,7,3,1,1,1,1,2,0,True
SYN0039,Synthetic Player 039,2023-24,2023-24_GSW_055,2024-01-26,GSW,CLE,True,True,39.2,17,12,3,1,2,2,3,2,1,True
SYN0039,Synthetic Player 039,2023-24,2023-24_GSW_069,2024-02-21,GSW,NYK,True,True,29.0,17,12,3,1,2,2,2,2,0,True
SYN0039,Synthetic Player 039,2023-24,2023-24_GSW_070,2024-02-24,GSW,OKC,False,True,31.1,21,10,3,1,2,2,3,3,1,True
SYN0039,Synthetic Player 039,2023-24,2023-24_GSW_071,2024-02-26,GSW,ORL,True,True,32.8,33,13,5,1,1,3,2,5,1,True
SYN0039,Synthetic Player 039,2023-24,2023-24_GSW_072,2024-02-27,GSW,PHI,False,True,28.7,27,7,3,1,1,2,2,4,1,True
SYN0039,Synthetic Player 039,2023-24,2023-24_GSW_073,2024-02-29,GSW,PHX,True,True,28.9,18,9,3,1,2,2,2,3,0,True
SYN0039,Synthetic Player 039,2023-24,2023-24_GSW_074,2024-03-02,GSW,POR,False,True,33.2,23,6,3,0,1,2,3,4,1,True
SYN0039,Synthetic Player 039,2023-24,2023-24_GSW_075,2024-03-03,GSW,SAC,True,True,32.7,21,12,2,1,1,2,3,3,1,True
SYN0039,Synthetic Player 039,2023-24,2023-24_GSW_076,2024-03-05,GSW,SAS,False,True,31.7,19,11,5,1,2,2,2,4,1,True
SYN0039,Synthetic Player 039,2023-24,2023-24_GSW_077,2024-03-06,GSW,TOR,True,True,29.8,11,10,3,0,2,2,2,2,0,True
SYN0039,Synthetic Player 039,2023-24,2023-24_GSW_078,2024-03-08,GSW,UTA,False,True,29.4,17,11,4,1,2,2,2,3,1,True
SYN0039,Synthetic Player 039,2023-24,2023-24_GSW_079,2024-03-10,GSW,WAS,True,True,28.3,22,10,3,1,1,2,2,4,1,True
SYN0039,Synthetic Player 039,2023-24,2023-24_GSW_080,2024-03-12,GSW,ATL,False,True,30.5,20,8,4,1,2,2,2,4,1,True
SYN0039,Synthetic Player 039,2023-24,2023-24_GSW_081,2024-03-14,GSW,BOS,True,True,36.5,23,11,4,0,1,2,3,5,1,True
