player_id,player_name,season,game_id,game_date,team,opponent,home,started,minutes,points,rebounds,assists,steals,blocks,turnovers,personal_fouls,free_throws_made,three_pointers_made,is_synthetic
SYN0000,Synthetic Player 000,2024-25,2024-25_ATL_000,2024-10-21,ATL,BOS,False,False,20.5,12,3,5,1,0,1,1,2,1,True
SYN0000,Synthetic Player 000,2024-25,2024-25_ATL_001,2024-10-23,ATL,BKN,True,False,21.3,11,3,3,1,0,2,1,2,1,True
SYN0000,Synthetic Player 000,2024-25,2024-25_ATL_002,2024-10-24,ATL,CHA,False,False,17.7,7,2,3,1,0,1,1,1,1,True
SYN0000,Synthetic Player 000,2024-25,2024-25_ATL_003,2024-10-26,ATL,CHI,True,False,16.8,9,2,3,1,0,1,1,2,1,True
SYN0000,Synthetic Player 000,2024-25,2024-25_ATL_004,2024-10-28,ATL,CLE,False,False,12.0,4,1,2,1,0,1,1,1,0,True
SYN0000,Synthetic Player 000,2024-25,2024-25_ATL_006,2024-10-31,ATL,DEN,False,False,14.4,9,2,2,0,0,1,1,2,1,True
SYN0000,Synthetic Player 000,2024-25,2024-25_ATL_007,2024-11-01,ATL,DET,True,True,24.7,17,3,5,1,0,2,1,2,2,True
SYN0000,Synthetic Player 000,2024-25,2024-25_ATL_008,2024-11-03,ATL,GSW,False,False,14.7,9,2,3,1,0,1,1,2,1,True
SYN0000,Synthetic Player 000,2024-25,2024-25_ATL_009,2024-11-04,ATL,HOU,True,False,21.6,7,4,4,1,0,2,1,1,1,True
SYN0000,Synthetic Player 000,2024-25,2024-25_ATL_010,2024-11-06,ATL,IND,False,True,26.5,16,3,6,1,0,2,2,2,2,True
SYN0000,Synthetic Player 000,2024-25,2024-25_ATL_011,2024-11-08,ATL,LAC,True,False,17.3,7,2,2,1,0,1,1,1,1,True
SYN0000,Synthetic Player 000,2024-25,2024-25_ATL_012,2024-11-10,ATL,LAL,False,False,13.7,7,2,3,1,0,1,1,1,1,True
SYN0000,Synthetic Player 000,2024-25,2024-25_ATL_013,2024-11-12,ATL,MEM,True,False,16.4,8,1,3,1,0,1,1,1,1,True
SYN0000,Synthetic Player 000,2024-25,2024-25_ATL_014,2024-11-14,ATL,MIA,False,False,18.8,10,2,5,1,0,1,1,2,1,True
SYN0000,Synthetic Player 000,2024-25,2024-25_ATL_015,2024-11-16,ATL,MIL,True,False,20.6,7,2,3,1,0,2,1,2,1,True
SYN0000,Synthetic Player 000,2024-25,2024-25_ATL_016,2024-11-19,ATL,MIN,False,False,17.9,15,2,3,1,0,2,1,2,2,True
SYN0000,Synthetic Player 000,2024-25,2024-25_ATL_017,2024-11-20,ATL,NOP,True,False,17.7,8,2,4,1,0,1,1,1,1,True
SYN0000,Synthetic Player 000,2024-25,2024-25_ATL_018,2024-11-21,ATL,NYK,False,True,25.0,16,4,3,1,0,2,2,3,2,True
SYN0000,Synthetic Player 000,2024-25,2024-25_ATL_019,2024-11-23,ATL,OKC,True,False,20.0,11,3,4,1,0,2,1,2,2,True
SYN0000,Synthetic Player 000,2024-25,2024-25_ATL_020,2024-11-24,ATL,ORL,False,False,20.8,9,2,4,1,0,1,1,2,1,True
SYN0000,Synthetic Player 000,2024-25,2024-25_ATL_021,2024-11-26,ATL,PHI,True,False,17.7,8,3,4,1,0,2,1,1,1,True
SYN0000,Synthetic Player 000,2024-25,2024-25_ATL_022,2024-11-27,ATL,PHX,False,False,13.3,7,2,3,1,0,1,1,1,1,True
SYN0000,Synthetic Player 000,2024-25,2024-25_ATL_023,2024-11-28,ATL,POR,True,True,25.5,16,3,5,1,0,2,1,2,2,True
SYN0000,Synthetic Player 000,2024-25,2024-25_ATL_024,2024-11-29,ATL,SAC,False,False,18.3,10,2,3,1,0,1,1,2,1,True
SYN0000,Synthetic Player 000,2024-25,2024-25_ATL_025,2024-12-01,ATL,SAS,True,False,18.0,11,2,3,1,0,2,1,2,1,True
SYN0000,Synthetic Player 000,2024-25,2024-25_ATL_026,2024-12-03,ATL,TOR,False,False,18.2,10,2,3,1,0,2,1,2,1,True
SYN0000,Synthetic Player 000,2024-25,2024-25_ATL_027,2024-12-05,ATL,UTA,True,False,18.8,8,2,4,1,0,2,1,1,1,True
SYN0000,Synthetic Player 000,2024-25,2024-25_ATL_029,2024-12-08,ATL,ATL,True,False,20.9,13,3,4,1,0,2,1,2,1,True
SYN0000,Synthetic Player 000,2024-25,2024-25_ATL_030,2024-12-09,ATL,BOS,False,False,19.4,8,3,4,1,0,2,1,1,1,True
SYN0000,Synthetic Player 000,2024-25,2024-25_ATL_031,2024-12-11,ATL,BKN,True,True,24.8,9,3,5,1,0,2,1,1,1,True
SYN0000,Synthetic Player 000,2024-25,2024-25_ATL_032,2024-12-12,ATL,CHA,False,False,23.5,10,2,6,1,0,2,1,2,1,True
SYN0000,Synthetic Player 000,2024-25,2024-25_ATL_046,2025-01-04,ATL,MIN,False,False,19.8,9,3,4,1,0,2,1,2,1,True
SYN0000,Synthetic Player 000,2024-25,2024-25_ATL_047,2025-01-06,ATL,NOP,True,False,19.1,9,2,4,1,0,1,1,2,1,True
SYN0000,Synthetic Player 000,2024-25,2024-25_ATL_051,2025-01-15,ATL,PHI,True,False,14.4,8,2,3,1,0,1,1,1,1,True
SYN0000,Synthetic Player 000,2024-25,2024-25_ATL_054,2025-01-21,ATL,SAC,False,False,21.3,11,3,6,1,0,1,1,2,1,True
SYN0000,Synthetic Player 000,2024-25,2024-25_ATL_055,2025-01-23,ATL,SAS,True,False,16.2,7,2,3,1,0,1,1,1,1,True
SYN0000,Synthetic Player 000,2024-25,2024-25_ATL_056,2025-01-24,ATL,TOR,False,False,17.3,10,2,4,1,0,1,1,1,1,True
SYN0000,Synthetic Player 000,2024-25,2024-25_ATL_057,2025-01-25,ATL,UTA,True,False,17.9,10,3,4,0,0,1,1,2,1,True
SYN0000,Synthetic Player 000,2024-25,2024-25_ATL_058,2025-01-26,ATL,WAS,False,False,18.7,8,2,3,1,0,2,1,2,1,True
SYN0000,Synthetic Player 000,2024-25,2024-25_ATL_059,2025-01-28,ATL,ATL,True,False,15.4,6,2,2,1,0,1,1,1,1,True
SYN0000,Synthetic Player 000,2024-25,2024-25_ATL_060,2025-01-29,ATL,BOS,False,False,18.7,10,2,3,1,0,1,1,1,1,True
SYN0000,Synthetic Player 000,2024-25,2024-25_ATL_061,2025-01-31,ATL,BKN,True,False,18.8,9,3,4,1,0,2,1,2,1,True
SYN0000,Synthetic Player 000,2024-25,2024-25_ATL_062,2025-02-02,ATL,CHA,False,False,15.8,8,2,3,1,0,1,1,2,1,True
SYN0000,Synthetic Player 000,2024-25,2024-25_ATL_063,2025-02-04,ATL,CHI,True,False,19.3,11,3,4,1,0,2,1,1,1,True
SYN0000,Synthetic Player 000,2024-25,2024-25_ATL_064,2025-02-06,ATL,CLE,False,False,22.0,10,2,6,1,0,2,1,2,1,True
SYN0000,Synthetic Player 000,2024-25,2024-25_ATL_065,2025-02-07,ATL,DAL,True,False,17.3,7,3,5,1,0,1,1,1,1,True
SYN0000,Synthetic Player 000,2024-25,2024-25_ATL_067,2025-02-09,ATL,DET,True,False,23.7,7,2,3,1,0,2,1,1,1,True
SYN0000,Synthetic Player 000,2024-25,2024-25_ATL_069,2025-02-12,ATL,HOU,True,False,14.0,9,1,3,1,0,1,1,2,1,True
SYN0000,Synthetic Player 000,2024-25,2024-25_ATL_070,2025-02-14,ATL,IND,False,False,18.6,9,3,4,1,0,1,1,1,1,True
SYN0000,Synthetic Player 000,2024-25,2024-25_ATL_071,2025-02-17,ATL,LAC,True,False,21.3,11,2,5,1,0,2,1,2,1,True
SYN0000,Synthetic Player 000,2024-25,2024-25_ATL_072,2025-02-19,ATL,LAL,False,False,18.9,8,3,4,1,0,2,1,1,1,True
SYN0001,Synthetic Player 001,2024-25,2024-25_BOS_000,2024-10-22,BOS,BKN,False,True,24.0,17,2,2,0,0,1,1,2,2,True
SYN0001,Synthetic Player 001,2024-25,2024-25_BOS_001,2024-10-23,BOS,CHA,True,False,17.3,10,3,2,1,0,1,1,1,1,True
SYN0001,Synthetic Player 001,2024-25,2024-25_BOS_002,2024-10-24,BOS,CHI,False,False,19.6,10,3,2,1,0,2,1,1,2,True
SYN0001,Synthetic Player 001,2024-25,2024-25_BOS_003,2024-10-26,BOS,CLE,True,False,20.1,11,4,2,0,0,2,1,2,1,True
SYN0001,Synthetic Player 001,2024-25,2024-25_BOS_004,2024-10-27,BOS,DAL,False,False,20.6,6,3,2,1,0,1,1,1,1,True
SYN0001,Synthetic Player 001,2024-25,2024-25_BOS_005,2024-10-29,BOS,DEN,True,False,11.6,9,1,1,0,0,1,1,1,1,True
SYN0001,Synthetic Player 001,2024-25,2024-25_BOS_006,2024-10-31,BOS,DET,False,False,23.4,17,3,5,1,0,2,2,4,2,True
SYN0001,Synthetic Player 001,2024-25,2024-25_BOS_007,2024-11-02,BOS,GSW,True,False,18.5,14,2,2,1,0,1,1,2,2,True
SYN0001,Synthetic Player 001,2024-25,2024-25_BOS_009,2024-11-05,BOS,IND,True,False,20.4,14,3,3,1,0,1,1,2,2,True
SYN0001,Synthetic Player 001,2024-25,2024-25_BOS_010,2024-11-06,BOS,LAC,False,False,18.6,11,3,3,0,0,1,1,2,1,True
SYN0001,Synthetic Player 001,2024-25,2024-25_BOS_011,2024-11-07,BOS,LAL,True,False,23.6,14,3,4,1,0,2,2,2,1,True
SYN0001,Synthetic Player 001,2024-25,2024-25_BOS_012,2024-11-09,BOS,MEM,False,False,14.4,14,2,2,1,0,1,1,3,2,True
SYN0001,Synthetic Player 001,2024-25,2024-25_BOS_013,2024-11-11,BOS,MIA,True,False,15.6,7,2,1,0,0,1,1,1,1,True
SYN0001,Synthetic Player 001,2024-25,2024-25_BOS_014,2024-11-12,BOS,MIL,False,True,25.7,21,4,3,1,0,2,2,3,3,True
SYN0001,Synthetic Player 001,2024-25,2024-25_BOS_016,2024-11-16,BOS,NOP,False,False,21.5,12,3,2,1,0,1,1,2,1,True
SYN0001,Synthetic Player 001,2024-25,2024-25_BOS_017,2024-11-18,BOS,NYK,True,False,19.7,10,2,3,1,0,1,1,2,1,True
SYN0001,Synthetic Player 001,2024-25,2024-25_BOS_018,2024-11-20,BOS,OKC,False,False,23.9,13,3,5,1,0,1,1,3,2,True
SYN0001,Synthetic Player 001,2024-25,2024-25_BOS_019,2024-11-21,BOS,ORL,True,False,21.0,21,4,4,1,0,2,1,4,2,True
SYN0001,Synthetic Player 001,2024-25,2024-25_BOS_020,2024-11-22,BOS,PHI,False,True,24.6,17,5,5,1,0,2,1,3,2,True
SYN0001,Synthetic Player 001,2024-25,2024-25_BOS_021,2024-11-23,BOS,PHX,True,False,15.0,11,2,1,0,0,1,1,2,1,True
SYN0001,Synthetic Player 001,2024-25,2024-25_BOS_022,2024-11-24,BOS,POR,False,True,25.7,15,3,3,1,0,2,2,3,2,True
SYN0001,Synthetic Player 001,2024-25,2024-25_BOS_023,2024-11-26,BOS,SAC,True,False,20.4,11,3,2,1,0,2,1,1,1,True
SYN0001,Synthetic Player 001,2024-25,2024-25_BOS_024,2024-11-27,BOS,SAS,False,False,18.0,9,2,2,1,0,1,1,1,1,True
SYN0001,Synthetic Player 001,2024-25,2024-25_BOS_025,2024-11-28,BOS,TOR,True,False,19.0,20,2,2,0,0,1,1,4,2,True
SYN0001,Synthetic Player 001,2024-25,2024-25_BOS_026,2024-11-30,BOS,UTA,False,True,27.6,17,2,4,1,0,3,2,3,4,True
SYN0001,Synthetic Player 001,2024-25,2024-25_BOS_027,2024-12-02,BOS,WAS,True,True,25.4,24,2,3,1,0,1,2,2,3,True
SYN0001,Synthetic Player 001,2024-25,2024-25_BOS_028,2024-12-03,BOS,ATL,False,True,26.8,21,3,5,1,1,2,2,3,2,True
SYN0001,Synthetic Player 001,2024-25,2024-25_BOS_029,2024-12-05,BOS,BOS,True,True,27.4,21,4,4,1,0,2,2,3,3,True
SYN0001,Synthetic Player 001,2024-25,2024-25_BOS_030,2024-12-07,BOS,BKN,False,True,24.4,20,3,4,1,0,1,2,3,3,True
SYN0001,Synthetic Player 001,2024-25,2024-25_BOS_031,2024-12-10,BOS,CHA,True,False,19.9,15,2,3,1,0,1,1,2,2,True
SYN0001,Synthetic Player 001,2024-25,2024-25_BOS_032,2024-12-13,BOS,CHI,False,False,18.6,23,3,2,1,0,1,1,4,3,True
SYN0001,Synthetic Player 001,2024-25,2024-25_BOS_033,2024-12-15,BOS,CLE,True,True,25.5,18,3,4,1,0,2,2,3,3,True
SYN0001,Synthetic Player 001,2024-25,2024-25_BOS_034,2024-12-17,BOS,DAL,False,False,23.7,14,2,3,1,0,1,2,2,1,True
SYN0001,Synthetic Player 001,2024-25,2024-25_BOS_035,2024-12-18,BOS,DEN,True,True,31.1,13,4,2,1,0,2,2,2,2,True
SYN0001,Synthetic Player 001,2024-25,2024-25_BOS_036,2024-12-19,BOS,DET,False,True,27.8,18,3,4,1,0,1,2,3,2,True
SYN0001,Synthetic Player 001,2024-25,2024-25_BOS_037,2024-12-22,BOS,GSW,True,True,24.7,10,3,2,1,0,1,1,2,1,True
SYN0001,Synthetic Player 001,2024-25,2024-25_BOS_038,2024-12-24,BOS,HOU,False,False,22.7,14,3,1,1,0,2,1,2,2,True
SYN0001,Synthetic Player 001,2024-25,2024-25_BOS_039,2024-12-26,BOS,IND,True,False,22.9,15,2,5,1,0,2,1,2,1,True
SYN0001,Synthetic Player 001,2024-25,2024-25_BOS_040,2024-12-27,BOS,LAC,False,True,27.1,19,3,2,1,0,1,2,4,3,True
SYN0001,Synthetic Player 001,2024-25,2024-25_BOS_041,2024-12-28,BOS,LAL,True,False,23.0,15,3,3,1,0,2,2,2,2,True
SYN0001,Synthetic Player 001,2024-25,2024-25_BOS_043,2024-12-31,BOS,MIA,True,False,17.7,9,2,2,0,0,1,1,2,1,True
SYN0001,Synthetic Player 001,2024-25,2024-25_BOS_044,2025-01-01,BOS,MIL,False,True,24.1,20,4,3,1,0,2,1,3,3,True
SYN0001,Synthetic Player 001,2024-25,2024-25_BOS_045,2025-01-03,BOS,MIN,True,True,25.3,25,2,4,1,0,2,2,4,3,True
SYN0001,Synthetic Player 001,2024-25,2024-25_BOS_046,2025-01-04,BOS,NOP,False,False,19.3,6,3,3,1,0,1,1,1,1,True
SYN0001,Synthetic Player 001,2024-25,2024-25_BOS_047,2025-01-06,BOS,NYK,True,False,22.5,16,2,3,1,0,1,1,2,3,True
SYN0001,Synthetic Player 001,2024-25,2024-25_BOS_048,2025-01-08,BOS,OKC,False,False,19.8,13,4,4,1,0,1,1,3,2,True
SYN0001,Synthetic Player 001,2024-25,2024-25_BOS_049,2025-01-09,BOS,ORL,True,False,21.8,12,4,3,1,0,2,1,2,2,True
SYN0001,Synthetic Player 001,2024-25,2024-25_BOS_050,2025-01-11,BOS,PHI,False,True,30.7,25,4,3,1,0,2,2,4,3,True
SYN0001,Synthetic Player 001,2024-25,2024-25_BOS_051,2025-01-12,BOS,PHX,True,False,13.6,6,2,1,1,0,1,1,1,1,True
SYN0001,Synthetic Player 001,2024-25,2024-25_BOS_052,2025-01-15,BOS,POR,False,False,21.2,18,3,4,1,0,2,1,2,2,True
SYN0001,Synthetic Player 001,2024-25,2024-25_BOS_053,2025-01-16,BOS,SAC,True,True,29.0,13,3,3,1,0,2,2,2,2,True
SYN0001,Synthetic Player 001,2024-25,2024-25_BOS_054,2025-01-18,BOS,SAS,False,False,19.6,11,3,4,1,0,1,1,1,2,True
SYN0001,Synthetic Player 001,2024-25,2024-25_BOS_055,2025-01-20,BOS,TOR,True,False,16.7,13,2,2,0,0,1,1,2,1,True
SYN0001,Synthetic Player 001,2024-25,2024-25_BOS_056,2025-01-21,BOS,UTA,False,True,25.2,12,3,3,1,0,2,2,2,1,True
SYN0001,Synthetic Player 001,2024-25,2024-25_BOS_057,2025-01-23,BOS,WAS,True,False,18.3,10,1,2,1,0,2,1,1,2,True
SYN0001,Synthetic Player 001,2024-25,2024-25_BOS_058,2025-01-25,BOS,ATL,False,False,19.5,23,2,2,1,0,1,1,5,4,True
SYN0001,Synthetic Player 001,2024-25,2024-25_BOS_059,2025-01-26,BOS,BOS,True,False,16.4,12,3,3,1,0,1,1,2,2,True
SYN0001,Synthetic Player 001,2024-25,2024-25_BOS_060,2025-01-28,BOS,BKN,False,False,16.2,13,2,1,1,0,1,1,3,1,True
SYN0001,Synthetic Player 001,2024-25,2024-25_BOS_061,2025-01-29,BOS,CHA,True,True,25.6,21,4,4,1,0,2,1,4,2,True
SYN0001,Synthetic Player 001,2024-25,2024-25_BOS_062,2025-01-30,BOS,CHI,False,True,24.6,11,3,3,1,0,1,1,1,2,True
SYN0001,Synthetic Player 001,2024-25,2024-25_BOS_063,2025-02-01,BOS,CLE,True,False,20.5,16,2,3,1,0,1,1,2,2,True
SYN0001,Synthetic Player 001,2024-25,2024-25_BOS_064,2025-02-03,BOS,DAL,False,True,27.6,24,3,4,1,0,3,2,5,3,True
SYN0001,Synthetic Player 001,2024-25,2024-25_BOS_068,2025-02-10,BOS,HOU,False,True,32.9,23,3,3,1,0,2,2,4,4,True
SYN0001,Synthetic Player 001,2024-25,2024-25_BOS_069,2025-02-12,BOS,IND,True,False,22.3,15,4,3,1,0,1,2,3,2,True
SYN0001,Synthetic Player 001,2024-25,2024-25_BOS_070,2025-02-14,BOS,LAC,False,False,15.4,11,2,2,0,0,1,1,2,1,True
SYN0001,Synthetic Player 001,2024-25,2024-25_BOS_071,2025-02-16,BOS,LAL,True,True,30.9,26,3,5,1,0,2,2,6,3,True
SYN0001,Synthetic Player 001,2024-25,2024-25_BOS_072,2025-02-19,BOS,MEM,False,True,25.7,22,4,3,1,0,2,1,4,3,True
SYN0001,Synthetic Player 001,2024-25,2024-25_BOS_073,2025-02-22,BOS,MIA,True,False,21.2,18,3,2,1,0,2,1,2,2,True
SYN0001,Synthetic Player 001,2024-25,2024-25_BOS_074,2025-02-24,BOS,MIL,False,False,20.4,16,3,3,0,0,1,2,3,2,True
SYN0001,Synthetic Player 001,2024-25,2024-25_BOS_075,2025-02-27,BOS,MIN,True,True,26.4,22,3,4,1,0,2,1,4,3,True
SYN0001,Synthetic Player 001,2024-25,2024-25_BOS_076,2025-02-28,BOS,NOP,False,False,20.5,12,3,3,1,0,1,1,3,2,True
SYN0001,Synthetic Player 001,2024-25,2024-25_BOS_077,2025-03-02,BOS,NYK,True,True,24.7,22,4,4,1,0,2,1,4,3,True
SYN0001,Synthetic Player 001,2024-25,2024-25_BOS_078,2025-03-04,BOS,OKC,False,True,28.3,26,4,3,1,0,2,2,5,2,True
SYN0001,Synthetic Player 001,2024-25,2024-25_BOS_079,2025-03-05,BOS,ORL,True,False,12.6,6,1,2,0,0,1,1,1,1,True
SYN0001,Synthetic Player 001,2024-25,2024-25_BOS_080,2025-03-06,BOS,PHI,False,True,32.0,19,5,3,1,0,3,2,4,3,True
SYN0001,Synthetic Player 001,2024-25,2024-25_BOS_081,2025-03-08,BOS,PHX,True,True,24.7,15,3,4,1,0,2,2,2,1,True
SYN0002,Synthetic Player 002,2024-25,2024-25_BKN_000,2024-10-23,BKN,CHA,False,True,32.1,12,3,3,1,0,2,2,2,2,True
SYN0002,Synthetic Player 002,2024-25,2024-25_BKN_001,2024-10-25,BKN,CHI,True,False,19.0,3,3,2,1,0,1,1,1,0,True
SYN0002,Synthetic Player 002,2024-25,2024-25_BKN_005,2024-11-02,BKN,DET,True,True,25.9,11,3,2,1,0,2,1,2,1,True
SYN0002,Synthetic Player 002,2024-25,2024-25_BKN_006,2024-11-04,BKN,GSW,False,True,24.9,8,4,4,1,1,1,2,2,1,True
SYN0002,Synthetic Player 002,2024-25,2024-25_BKN_007,2024-11-05,BKN,HOU,True,True,29.1,5,4,4,0,1,2,2,1,1,True
SYN0002,Synthetic Player 002,2024-25,2024-25_BKN_016,2024-11-22,BKN,NYK,False,True,26.0,7,5,2,1,0,1,1,2,1,True
SYN0002,Synthetic Player 002,2024-25,2024-25_BKN_017,2024-11-24,BKN,OKC,True,False,21.6,8,5,1,1,0,1,1,1,1,True
SYN0002,Synthetic Player 002,2024-25,2024-25_BKN_022,2024-12-04,BKN,SAC,False,False,23.7,13,3,2,1,0,2,1,3,1,True
SYN0002,Synthetic Player 002,2024-25,2024-25_BKN_023,2024-12-06,BKN,SAS,True,True,29.1,24,10,2,1,1,2,2,3,2,True
SYN0002,Synthetic Player 002,2024-25,2024-25_BKN_024,2024-12-08,BKN,TOR,False,True,30.1,32,5,3,1,1,1,2,6,3,True
SYN0002,Synthetic Player 002,2024-25,2024-25_BKN_037,2025-01-01,BKN,HOU,True,False,23.3,9,5,2,1,0,1,1,1,1,True
SYN0002,Synthetic Player 002,2024-25,2024-25_BKN_038,2025-01-02,BKN,IND,False,False,20.2,5,4,2,1,0,1,1,1,1,True
SYN0002,Synthetic Player 002,2024-25,2024-25_BKN_039,2025-01-04,BKN,LAC,True,False,18.1,11,3,3,0,1,1,1,2,1,True
SYN0002,Synthetic Player 002,2024-25,2024-25_BKN_040,2025-01-06,BKN,LAL,False,False,24.0,21,6,3,1,1,2,1,3,3,True
SYN0002,Synthetic Player 002,2024-25,2024-25_BKN_041,2025-01-07,BKN,MEM,True,True,32.0,16,3,4,1,1,2,2,2,2,True
SYN0002,Synthetic Player 002,2024-25,2024-25_BKN_042,2025-01-08,BKN,MIA,False,False,23.4,10,2,3,1,1,2,2,1,1,True
SYN0002,Synthetic Player 002,2024-25,2024-25_BKN_043,2025-01-10,BKN,MIL,True,False,21.9,10,4,2,1,1,1,1,1,1,True
SYN0002,Synthetic Player 002,2024-25,2024-25_BKN_044,2025-01-11,BKN,MIN,False,True,26.1,10,6,2,1,1,2,2,2,2,True
SYN0002,Synthetic Player 002,2024-25,2024-25_BKN_045,2025-01-13,BKN,NOP,True,False,23.3,6,2,2,0,1,2,1,1,1,True
SYN0002,Synthetic Player 002,2024-25,2024-25_BKN_047,2025-01-17,BKN,OKC,True,True,26.6,9,6,2,1,0,1,2,1,1,True
SYN0002,Synthetic Player 002,2024-25,2024-25_BKN_048,2025-01-19,BKN,ORL,False,True,28.7,13,4,2,2,0,1,2,2,2,True
SYN0002,Synthetic Player 002,2024-25,2024-25_BKN_049,2025-01-21,BKN,PHI,True,True,24.2,17,5,2,0,0,2,2,2,1,True
SYN0002,Synthetic Player 002,2024-25,2024-25_BKN_050,2025-01-23,BKN,PHX,False,False,21.5,17,2,1,1,1,2,1,1,2,True
SYN0002,Synthetic Player 002,2024-25,2024-25_BKN_051,2025-01-24,BKN,POR,True,False,23.4,11,4,1,1,0,2,2,2,2,True
SYN0002,Synthetic Player 002,2024-25,2024-25_BKN_052,2025-01-26,BKN,SAC,False,False,19.2,8,3,2,0,0,2,1,1,1,True
SYN0002,Synthetic Player 002,2024-25,2024-25_BKN_053,2025-01-28,BKN,SAS,True,False,23.5,12,3,3,1,0,1,1,2,2,True
SYN0002,Synthetic Player 002,2024-25,2024-25_BKN_054,2025-01-30,BKN,TOR,False,False,21.5,12,2,4,0,0,2,1,2,1,True
SYN0002,Synthetic Player 002,2024-25,2024-25_BKN_055,2025-02-01,BKN,UTA,True,True,25.4,6,2,3,1,1,1,2,0,0,True
SYN0002,Synthetic Player 002,2024-25,2024-25_BKN_058,2025-02-05,BKN,BOS,False,False,23.8,13,5,2,1,0,1,2,2,1,True
SYN0002,Synthetic Player 002,2024-25,2024-25_BKN_061,2025-02-10,BKN,CHI,True,True,25.8,18,4,2,1,0,2,2,1,2,True
SYN0002,Synthetic Player 002,2024-25,2024-25_BKN_062,2025-02-11,BKN,CLE,False,True,26.3,20,2,1,1,0,1,2,1,1,True
SYN0002,Synthetic Player 002,2024-25,2024-25_BKN_063,2025-02-12,BKN,DAL,True,True,27.6,13,4,2,1,0,2,2,2,1,True
SYN0002,Synthetic Player 002,2024-25,2024-25_BKN_064,2025-02-14,BKN,DEN,False,False,18.1,14,2,2,0,0,1,1,2,1,True
SYN0002,Synthetic Player 002,2024-25,2024-25_BKN_065,2025-02-16,BKN,DET,True,True,25.8,19,5,2,1,0,1,1,3,2,True
SYN0002,Synthetic Player 002,2024-25,2024-25_BKN_078,2025-03-13,BKN,ORL,False,False,19.3,12,3,2,1,0,1,2,1,1,True
SYN0002,Synthetic Player 002,2024-25,2024-25_BKN_079,2025-03-15,BKN,PHI,True,False,22.1,13,4,1,1,0,1,1,2,2,True
SYN0002,Synthetic Player 002,2024-25,2024-25_BKN_080,2025-03-17,BKN,PHX,False,False,18.8,8,3,2,0,1,1,1,1,1,True
SYN0002,Synthetic Player 002,2024-25,2024-25_BKN_081,2025-03-19,BKN,POR,True,False,22.8,5,4,2,1,0,1,1,1,1,True
SYN0003,Synthetic Player 003,2024-25,2024-25_CHA_000,2024-10-21,CHA,CHI,False,False,17.0,10,3,2,0,0,1,1,1,1,True
SYN0003,Synthetic Player 003,2024-25,2024-25_CHA_004,2024-10-29,CHA,DET,False,True,25.2,23,8,2,1,1,2,2,3,2,True
SYN0003,Synthetic Player 003,2024-25,2024-25_CHA_005,2024-10-31,CHA,GSW,True,False,20.1,9,4,2,1,1,1,1,1,0,True
SYN0003,Synthetic Player 003,2024-25,2024-25_CHA_006,2024-11-01,CHA,HOU,False,False,21.5,9,3,2,0,1,1,2,1,1,True
SYN0003,Synthetic Player 003,2024-25,2024-25_CHA_013,2024-11-13,CHA,MIN,True,False,20.5,9,4,2,1,0,1,1,1,1,True
SYN0003,Synthetic Player 003,2024-25,2024-25_CHA_031,2024-12-15,CHA,CLE,True,False,14.6,4,2,1,0,0,1,1,0,0,True
SYN0003,Synthetic Player 003,2024-25,2024-25_CHA_032,2024-12-17,CHA,DAL,False,False,13.8,7,3,2,1,0,1,1,1,1,True
SYN0003,Synthetic Player 003,2024-25,2024-25_CHA_035,2024-12-23,CHA,GSW,True,False,20.1,11,3,2,1,1,1,1,2,1,True
SYN0003,Synthetic Player 003,2024-25,2024-25_CHA_036,2024-12-25,CHA,HOU,False,False,16.5,6,3,2,1,0,1,1,1,0,True
SYN0003,Synthetic Player 003,2024-25,2024-25_CHA_037,2024-12-26,CHA,IND,True,False,17.8,7,3,2,1,0,1,1,1,1,True
SYN0003,Synthetic Player 003,2024-25,2024-25_CHA_038,2024-12-28,CHA,LAC,False,False,14.0,9,3,2,0,0,1,1,2,1,True
SYN0003,Synthetic Player 003,2024-25,2024-25_CHA_039,2024-12-30,CHA,LAL,True,False,19.0,12,4,2,1,1,1,1,1,1,True
SYN0003,Synthetic Player 003,2024-25,2024-25_CHA_040,2025-01-01,CHA,MEM,False,False,20.1,6,3,2,1,1,1,1,1,0,True
SYN0003,Synthetic Player 003,2024-25,2024-25_CHA_041,2025-01-03,CHA,MIA,True,False,14.1,8,3,2,0,0,1,1,1,1,True
SYN0003,Synthetic Player 003,2024-25,2024-25_CHA_042,2025-01-05,CHA,MIL,False,False,16.8,8,5,2,0,1,1,1,1,1,True
SYN0003,Synthetic Player 003,2024-25,2024-25_CHA_044,2025-01-07,CHA,NOP,False,False,19.8,6,5,2,1,0,1,1,1,0,True
SYN0003,Synthetic Player 003,2024-25,2024-25_CHA_045,2025-01-09,CHA,NYK,True,False,18.1,9,4,2,0,1,1,1,1,1,True
SYN0003,Synthetic Player 003,2024-25,2024-25_CHA_047,2025-01-13,CHA,ORL,True,False,22.1,10,4,1,0,1,1,1,1,1,True
SYN0003,Synthetic Player 003,2024-25,2024-25_CHA_051,2025-01-21,CHA,SAC,True,False,21.4,11,4,3,1,1,1,2,1,0,True
SYN0003,Synthetic Player 003,2024-25,2024-25_CHA_052,2025-01-23,CHA,SAS,False,True,24.2,13,3,3,1,1,1,2,1,1,True
SYN0003,Synthetic Player 003,2024-25,2024-25_CHA_053,2025-01-24,CHA,TOR,True,False,19.5,11,4,3,1,1,1,1,2,1,True
SYN0003,Synthetic Player 003,2024-25,2024-25_CHA_054,2025-01-26,CHA,UTA,False,False,17.0,10,3,2,0,1,1,1,1,1,True
SYN0003,Synthetic Player 003,2024-25,2024-25_CHA_055,2025-01-28,CHA,WAS,True,False,16.1,5,2,3,0,0,1,1,1,0,True
SYN0003,Synthetic Player 003,2024-25,2024-25_CHA_056,2025-01-30,CHA,ATL,False,False,15.1,4,2,2,0,0,1,1,1,0,True
SYN0003,Synthetic Player 003,2024-25,2024-25_CHA_057,2025-02-01,CHA,BOS,True,True,26.3,10,5,3,1,1,1,2,2,1,True
SYN0003,Synthetic Player 003,2024-25,2024-25_CHA_065,2025-02-14,CHA,GSW,True,True,26.5,20,5,3,1,1,1,2,4,1,True
SYN0003,Synthetic Player 003,2024-25,2024-25_CHA_066,2025-02-15,CHA,HOU,False,False,12.8,10,2,1,0,0,1,1,2,1,True
SYN0003,Synthetic Player 003,2024-25,2024-25_CHA_067,2025-02-16,CHA,IND,True,False,22.4,13,4,2,0,1,1,2,2,1,True
SYN0003,Synthetic Player 003,2024-25,2024-25_CHA_068,2025-02-17,CHA,LAC,False,False,14.6,6,2,3,0,0,1,1,1,0,True
SYN0003,Synthetic Player 003,2024-25,2024-25_CHA_069,2025-02-18,CHA,LAL,True,False,21.1,10,4,3,1,0,1,2,2,1,True
SYN0004,Synthetic Player 004,2024-25,2024-25_CHI_001,2024-10-23,CHI,DAL,True,True,35.8,22,9,3,0,2,2,3,4,1,True
SYN0004,Synthetic Player 004,2024-25,2024-25_CHI_002,2024-10-25,CHI,DEN,False,True,27.6,16,7,3,1,1,2,2,4,0,True
SYN0004,Synthetic Player 004,2024-25,2024-25_CHI_003,2024-10-26,CHI,DET,True,False,21.8,12,7,2,0,1,1,2,2,0,True
SYN0004,Synthetic Player 004,2024-25,2024-25_CHI_004,2024-10-28,CHI,GSW,False,True,24.6,10,6,3,0,1,1,2,2,0,True
SYN0004,Synthetic Player 004,2024-25,2024-25_CHI_005,2024-10-29,CHI,HOU,True,True,24.5,10,5,2,1,1,2,2,2,0,True
SYN0004,Synthetic Player 004,2024-25,2024-25_CHI_006,2024-10-31,CHI,IND,False,True,25.8,9,6,4,1,1,2,2,1,0,True
SYN0004,Synthetic Player 004,2024-25,2024-25_CHI_007,2024-11-03,CHI,LAC,True,True,28.0,12,7,3,1,2,1,2,2,0,True
SYN0004,Synthetic Player 004,2024-25,2024-25_CHI_011,2024-11-10,CHI,MIL,True,True,29.0,9,8,5,1,2,1,2,2,0,True
SYN0004,Synthetic Player 004,2024-25,2024-25_CHI_012,2024-11-11,CHI,MIN,False,True,26.3,13,9,3,1,2,2,2,2,0,True
SYN0004,Synthetic Player 004,2024-25,2024-25_CHI_013,2024-11-13,CHI,NOP,True,False,20.8,12,5,2,1,2,1,2,2,0,True
SYN0004,Synthetic Player 004,2024-25,2024-25_CHI_014,2024-11-15,CHI,NYK,False,True,24.3,11,7,3,0,1,1,2,2,0,True
SYN0004,Synthetic Player 004,2024-25,2024-25_CHI_015,2024-11-16,CHI,OKC,True,True,26.7,10,6,3,1,2,2,2,2,0,True
SYN0004,Synthetic Player 004,2024-25,2024-25_CHI_016,2024-11-18,CHI,ORL,False,True,26.3,17,6,4,1,1,2,2,3,1,True
SYN0004,Synthetic Player 004,2024-25,2024-25_CHI_017,2024-11-19,CHI,PHI,True,True,29.4,13,9,4,1,1,2,2,2,0,True
SYN0004,Synthetic Player 004,2024-25,2024-25_CHI_018,2024-11-21,CHI,PHX,False,True,24.1,11,6,3,1,1,1,2,1,0,True
SYN0004,Synthetic Player 004,2024-25,2024-25_CHI_025,2024-12-03,CHI,ATL,True,True,26.3,11,6,3,1,1,2,2,2,0,True
SYN0004,Synthetic Player 004,2024-25,2024-25_CHI_026,2024-12-05,CHI,BOS,False,True,24.5,11,7,3,0,1,2,2,2,0,True
SYN0004,Synthetic Player 004,2024-25,2024-25_CHI_027,2024-12-07,CHI,BKN,True,False,20.9,10,4,3,1,1,1,2,2,0,True
SYN0004,Synthetic Player 004,2024-25,2024-25_CHI_028,2024-12-08,CHI,CHA,False,True,24.9,9,7,3,1,1,1,2,1,0,True
SYN0004,Synthetic Player 004,2024-25,2024-25_CHI_030,2024-12-11,CHI,CLE,False,True,32.1,17,7,4,1,2,2,3,3,1,True
SYN0004,Synthetic Player 004,2024-25,2024-25_CHI_032,2024-12-14,CHI,DEN,False,True,26.5,14,7,3,1,1,2,2,2,1,True
SYN0004,Synthetic Player 004,2024-25,2024-25_CHI_033,2024-12-16,CHI,DET,True,True,26.5,16,7,3,1,1,2,2,3,0,True
SYN0004,Synthetic Player 004,2024-25,2024-25_CHI_034,2024-12-18,CHI,GSW,False,True,29.7,12,7,2,0,2,2,2,3,0,True
SYN0004,Synthetic Player 004,2024-25,2024-25_CHI_035,2024-12-20,CHI,HOU,True,False,16.7,6,5,3,1,1,1,2,1,0,True
SYN0004,Synthetic Player 004,2024-25,2024-25_CHI_036,2024-12-22,CHI,IND,False,True,28.8,11,6,5,1,2,1,2,2,0,True
SYN0004,Synthetic Player 004,2024-25,2024-25_CHI_037,2024-12-23,CHI,LAC,True,True,28.2,10,6,4,1,2,2,2,2,0,True
SYN0004,Synthetic Player 004,2024-25,2024-25_CHI_038,2024-12-26,CHI,LAL,False,True,24.7,8,4,4,0,1,2,2,1,0,True
SYN0004,Synthetic Player 004,2024-25,2024-25_CHI_039,2024-12-28,CHI,MEM,True,True,27.1,19,7,3,1,2,2,2,3,1,True
SYN0004,Synthetic Player 004,2024-25,2024-25_CHI_043,2025-01-04,CHI,NOP,True,False,23.7,13,8,2,0,2,1,2,2,0,True
SYN0004,Synthetic Player 004,2024-25,2024-25_CHI_044,2025-01-06,CHI,NYK,False,True,28.5,11,7,4,1,1,2,2,2,0,True
SYN0004,Synthetic Player 004,2024-25,2024-25_CHI_045,2025-01-08,CHI,OKC,True,False,22.5,9,6,2,1,1,1,2,2,0,True
SYN0004,Synthetic Player 004,2024-25,2024-25_CHI_046,2025-01-10,CHI,ORL,False,False,22.5,9,6,2,0,2,1,2,2,0,True
SYN0004,Synthetic Player 004,2024-25,2024-25_CHI_047,2025-01-12,CHI,PHI,True,True,31.1,13,8,4,1,2,2,2,2,0,True
SYN0004,Synthetic Player 004,2024-25,2024-25_CHI_048,2025-01-14,CHI,PHX,False,False,21.7,9,7,3,0,1,1,2,1,0,True
SYN0004,Synthetic Player 004,2024-25,2024-25_CHI_049,2025-01-16,CHI,POR,True,True,31.9,18,8,3,1,1,2,3,2,1,True
SYN0004,Synthetic Player 004,2024-25,2024-25_CHI_050,2025-01-18,CHI,SAC,False,False,22.6,12,6,3,0,1,1,2,2,0,True
SYN0004,Synthetic Player 004,2024-25,2024-25_CHI_051,2025-01-19,CHI,SAS,True,True,30.6,16,6,5,1,2,2,2,2,0,True
SYN0004,Synthetic Player 004,2024-25,2024-25_CHI_068,2025-02-21,CHI,LAL,False,True,27.5,11,8,3,1,2,2,2,2,0,True
SYN0004,Synthetic Player 004,2024-25,2024-25_CHI_069,2025-02-23,CHI,MEM,True,True,27.2,16,7,3,1,1,2,2,3,0,True
SYN0004,Synthetic Player 004,2024-25,2024-25_CHI_070,2025-02-25,CHI,MIA,False,True,29.6,14,5,3,1,2,1,3,3,0,True
SYN0004,Synthetic Player 004,2024-25,2024-25_CHI_071,2025-02-27,CHI,MIL,True,True,26.0,12,7,3,0,1,2,2,2,0,True
SYN0004,Synthetic Player 004,2024-25,2024-25_CHI_072,2025-03-01,CHI,MIN,False,True,27.0,15,6,3,1,1,2,2,2,0,True
SYN0004,Synthetic Player 004,2024-25,2024-25_CHI_073,2025-03-03,CHI,NOP,True,True,39.4,12,9,5,1,2,2,3,2,0,True
SYN0004,Synthetic Player 004,2024-25,2024-25_CHI_074,2025-03-04,CHI,NYK,False,True,28.2,13,7,3,0,1,1,2,1,1,True
SYN0004,Synthetic Player 004,2024-25,2024-25_CHI_075,2025-03-06,CHI,OKC,True,True,25.1,8,5,3,1,1,2,2,1,0,True
SYN0004,Synthetic Player 004,2024-25,2024-25_CHI_076,2025-03-07,CHI,ORL,False,True,32.0,11,9,4,1,1,2,3,2,0,True
SYN0004,Synthetic Player 004,2024-25,2024-25_CHI_077,2025-03-09,CHI,PHI,True,True,36.4,18,11,4,1,2,2,3,3,0,True
SYN0004,Synthetic Player 004,2024-25,2024-25_CHI_078,2025-03-11,CHI,PHX,False,True,26.4,15,8,3,0,1,2,2,2,0,True
SYN0004,Synthetic Player 004,2024-25,2024-25_CHI_079,2025-03-13,CHI,POR,True,True,30.9,12,10,5,1,1,2,3,2,0,True
SYN0004,Synthetic Player 004,2024-25,2024-25_CHI_080,2025-03-15,CHI,SAC,False,False,22.7,11,5,3,1,1,1,2,2,0,True
SYN0004,Synthetic Player 004,2024-25,2024-25_CHI_081,2025-03-17,CHI,SAS,True,False,22.8,13,6,2,0,1,1,2,2,0,True
SYN0005,Synthetic Player 005,2024-25,2024-25_CLE_000,2024-10-23,CLE,DAL,False,False,21.6,10,2,4,1,0,1,1,1,1,True
SYN0005,Synthetic Player 005,2024-25,2024-25_CLE_001,2024-10-25,CLE,DEN,True,True,31.1,15,3,7,1,0,2,2,3,3,True
SYN0005,Synthetic Player 005,2024-25,2024-25_CLE_002,2024-10-27,CLE,DET,False,True,26.2,13,4,4,1,0,2,1,2,2,True
SYN0005,Synthetic Player 005,2024-25,2024-25_CLE_003,2024-10-29,CLE,GSW,True,True,26.0,17,3,6,1,0,1,1,2,1,True
SYN0005,Synthetic Player 005,2024-25,2024-25_CLE_004,2024-10-31,CLE,HOU,False,False,21.9,12,3,4,1,0,2,1,2,1,True
SYN0005,Synthetic Player 005,2024-25,2024-25_CLE_005,2024-11-02,CLE,IND,True,True,24.1,17,3,6,1,0,2,1,3,2,True
SYN0005,Synthetic Player 005,2024-25,2024-25_CLE_006,2024-11-03,CLE,LAC,False,True,27.3,9,4,5,1,0,2,2,1,1,True
SYN0005,Synthetic Player 005,2024-25,2024-25_CLE_007,2024-11-05,CLE,LAL,True,True,26.1,22,3,5,1,0,2,2,5,1,True
SYN0005,Synthetic Player 005,2024-25,2024-25_CLE_008,2024-11-07,CLE,MEM,False,False,19.9,13,2,3,1,0,2,1,1,1,True
SYN0005,Synthetic Player 005,2024-25,2024-25_CLE_009,2024-11-09,CLE,MIA,True,True,27.6,23,3,5,1,0,2,2,3,1,True
SYN0005,Synthetic Player 005,2024-25,2024-25_CLE_010,2024-11-11,CLE,MIL,False,True,26.2,16,3,6,1,0,3,1,3,2,True
SYN0005,Synthetic Player 005,2024-25,2024-25_CLE_011,2024-11-13,CLE,MIN,True,False,21.8,11,2,7,1,0,2,1,2,1,True
SYN0005,Synthetic Player 005,2024-25,2024-25_CLE_012,2024-11-14,CLE,NOP,False,True,25.9,15,3,4,1,0,2,1,1,1,True
SYN0005,Synthetic Player 005,2024-25,2024-25_CLE_013,2024-11-15,CLE,NYK,True,True,27.5,20,2,4,1,0,2,2,2,2,True
SYN0005,Synthetic Player 005,2024-25,2024-25_CLE_014,2024-11-17,CLE,OKC,False,True,27.4,21,4,8,1,0,2,1,3,2,True
SYN0005,Synthetic Player 005,2024-25,2024-25_CLE_015,2024-11-18,CLE,ORL,True,True,28.4,16,3,7,1,0,2,1,2,2,True
SYN0005,Synthetic Player 005,2024-25,2024-25_CLE_016,2024-11-20,CLE,PHI,False,True,32.2,14,3,4,2,0,2,2,3,1,True
SYN0005,Synthetic Player 005,2024-25,2024-25_CLE_017,2024-11-21,CLE,PHX,True,True,31.0,13,3,8,2,0,4,2,2,1,True
SYN0005,Synthetic Player 005,2024-25,2024-25_CLE_018,2024-11-22,CLE,POR,False,False,22.8,15,3,6,1,0,2,1,3,2,True
SYN0005,Synthetic Player 005,2024-25,2024-25_CLE_019,2024-11-24,CLE,SAC,True,True,29.7,11,4,4,1,0,2,2,2,2,True
SYN0005,Synthetic Player 005,2024-25,2024-25_CLE_020,2024-11-26,CLE,SAS,False,True,29.2,16,3,6,2,0,2,1,1,1,True
SYN0005,Synthetic Player 005,2024-25,2024-25_CLE_021,2024-11-28,CLE,TOR,True,True,24.4,10,3,5,1,0,2,1,2,1,True
SYN0005,Synthetic Player 005,2024-25,2024-25_CLE_022,2024-11-30,CLE,UTA,False,False,23.1,12,2,6,1,0,2,1,1,1,True
SYN0005,Synthetic Player 005,2024-25,2024-25_CLE_023,2024-12-02,CLE,WAS,True,False,23.9,9,3,4,1,0,2,1,1,1,True
SYN0005,Synthetic Player 005,2024-25,2024-25_CLE_024,2024-12-04,CLE,ATL,False,False,21.2,10,3,3,1,0,2,1,1,1,True
SYN0005,Synthetic Player 005,2024-25,2024-25_CLE_025,2024-12-06,CLE,BOS,True,True,28.3,15,3,7,1,0,2,2,3,1,True
SYN0005,Synthetic Player 005,2024-25,2024-25_CLE_027,2024-12-09,CLE,CHA,True,True,27.3,15,3,5,2,0,3,1,2,2,True
SYN0005,Synthetic Player 005,2024-25,2024-25_CLE_028,2024-12-11,CLE,CHI,False,True,25.7,9,2,5,1,0,2,1,2,1,True
SYN0005,Synthetic Player 005,2024-25,2024-25_CLE_029,2024-12-13,CLE,CLE,True,True,30.0,17,4,3,1,0,3,1,3,2,True
SYN0005,Synthetic Player 005,2024-25,2024-25_CLE_030,2024-12-15,CLE,DAL,False,True,31.1,16,5,8,1,0,3,1,2,2,True
SYN0005,Synthetic Player 005,2024-25,2024-25_CLE_031,2024-12-18,CLE,DEN,True,False,21.8,11,2,6,1,0,1,1,2,2,True
SYN0005,Synthetic Player 005,2024-25,2024-25_CLE_032,2024-12-20,CLE,DET,False,True,24.4,21,3,4,1,0,2,1,4,3,True
SYN0005,Synthetic Player 005,2024-25,2024-25_CLE_033,2024-12-22,CLE,GSW,True,True,24.9,12,2,5,1,0,2,1,2,2,True
SYN0005,Synthetic Player 005,2024-25,2024-25_CLE_034,2024-12-24,CLE,HOU,False,True,26.9,9,2,2,1,0,2,1,2,1,True
SYN0005,Synthetic Player 005,2024-25,2024-25_CLE_035,2024-12-26,CLE,IND,True,False,22.6,13,2,5,1,0,2,1,2,2,True
SYN0005,Synthetic Player 005,2024-25,2024-25_CLE_036,2024-12-27,CLE,LAC,False,True,24.7,9,2,5,1,0,2,1,2,1,True
SYN0005,Synthetic Player 005,2024-25,2024-25_CLE_037,2024-12-29,CLE,LAL,True,True,26.0,14,3,7,1,0,3,1,3,1,True
SYN0005,Synthetic Player 005,2024-25,2024-25_CLE_038,2024-12-31,CLE,MEM,False,True,26.1,26,2,5,1,0,3,2,4,2,True
SYN0005,Synthetic Player 005,2024-25,2024-25_CLE_039,2025-01-01,CLE,MIA,True,True,27.0,14,4,5,1,0,2,1,1,1,True
SYN0005,Synthetic Player 005,2024-25,2024-25_CLE_040,2025-01-02,CLE,MIL,False,False,23.3,13,2,7,1,0,2,1,2,1,True
SYN0005,Synthetic Player 005,2024-25,2024-25_CLE_041,2025-01-03,CLE,MIN,True,True,26.2,21,3,4,2,0,2,2,3,2,True
SYN0005,Synthetic Player 005,2024-25,2024-25_CLE_042,2025-01-05,CLE,NOP,False,False,21.5,17,2,5,2,0,1,1,1,1,True
SYN0005,Synthetic Player 005,2024-25,2024-25_CLE_043,2025-01-07,CLE,NYK,True,True,25.3,14,2,5,1,0,2,2,3,3,True
SYN0005,Synthetic Player 005,2024-25,2024-25_CLE_044,2025-01-08,CLE,OKC,False,False,23.5,11,2,5,1,0,2,1,2,1,True
SYN0005,Synthetic Player 005,2024-25,2024-25_CLE_045,2025-01-11,CLE,ORL,True,True,31.0,14,3,7,1,0,2,2,2,1,True
SYN0005,Synthetic Player 005,2024-25,2024-25_CLE_046,2025-01-12,CLE,PHI,False,True,29.3,12,3,4,1,0,3,2,2,2,True
SYN0005,Synthetic Player 005,2024-25,2024-25_CLE_047,2025-01-14,CLE,PHX,True,True,24.5,13,4,5,1,0,2,1,2,1,True
SYN0005,Synthetic Player 005,2024-25,2024-25_CLE_048,2025-01-17,CLE,POR,False,False,23.3,16,2,5,1,0,2,1,1,2,True
SYN0005,Synthetic Player 005,2024-25,2024-25_CLE_049,2025-01-18,CLE,SAC,True,True,26.4,16,3,9,2,0,2,2,2,2,True
SYN0005,Synthetic Player 005,2024-25,2024-25_CLE_050,2025-01-20,CLE,SAS,False,True,27.1,6,3,2,1,0,2,1,1,1,True
SYN0005,Synthetic Player 005,2024-25,2024-25_CLE_051,2025-01-22,CLE,TOR,True,True,30.5,18,4,5,1,0,2,2,4,2,True
SYN0005,Synthetic Player 005,2024-25,2024-25_CLE_052,2025-01-23,CLE,UTA,False,False,19.5,14,2,4,1,0,2,1,3,2,True
SYN0005,Synthetic Player 005,2024-25,2024-25_CLE_053,2025-01-24,CLE,WAS,True,False,23.7,13,3,4,1,0,2,1,2,2,True
SYN0005,Synthetic Player 005,2024-25,2024-25_CLE_054,2025-01-26,CLE,ATL,False,False,22.0,10,3,7,1,0,1,1,1,1,True
SYN0005,Synthetic Player 005,2024-25,2024-25_CLE_055,2025-01-28,CLE,BOS,True,True,34.1,18,3,3,1,0,3,2,4,1,True
SYN0005,Synthetic Player 005,2024-25,2024-25_CLE_056,2025-01-30,CLE,BKN,False,True,25.9,12,4,5,1,0,2,1,2,1,True
SYN0005,Synthetic Player 005,2024-25,2024-25_CLE_057,2025-02-01,CLE,CHA,True,True,24.7,12,2,7,1,0,2,1,1,1,True
SYN0005,Synthetic Player 005,2024-25,2024-25_CLE_058,2025-02-03,CLE,CHI,False,True,27.8,33,4,7,1,0,3,2,4,3,True
SYN0005,Synthetic Player 005,2024-25,2024-25_CLE_059,2025-02-05,CLE,CLE,True,True,27.5,11,4,6,1,0,3,1,2,1,True
SYN0005,Synthetic Player 005,2024-25,2024-25_CLE_060,2025-02-07,CLE,DAL,False,True,25.4,15,3,6,1,0,2,1,2,2,True
SYN0005,Synthetic Player 005,2024-25,2024-25_CLE_061,2025-02-09,CLE,DEN,True,False,17.3,7,2,3,1,0,1,1,2,0,True
SYN0005,Synthetic Player 005,2024-25,2024-25_CLE_062,2025-02-10,CLE,DET,False,True,24.8,15,3,6,1,0,2,1,3,2,True
SYN0005,Synthetic Player 005,2024-25,2024-25_CLE_063,2025-02-12,CLE,GSW,True,False,22.7,12,3,6,1,0,1,1,2,1,True
SYN0005,Synthetic Player 005,2024-25,2024-25_CLE_064,2025-02-13,CLE,HOU,False,True,26.8,16,3,6,1,0,2,1,2,3,True
SYN0005,Synthetic Player 005,2024-25,2024-25_CLE_065,2025-02-15,CLE,IND,True,True,25.4,9,3,7,1,0,2,1,2,1,True
SYN0005,Synthetic Player 005,2024-25,2024-25_CLE_066,2025-02-16,CLE,LAC,False,True,30.5,16,4,4,2,0,3,1,3,2,True
SYN0005,Synthetic Player 005,2024-25,2024-25_CLE_067,2025-02-17,CLE,LAL,True,True,31.7,11,3,5,1,0,2,2,1,1,True
SYN0005,Synthetic Player 005,2024-25,2024-25_CLE_068,2025-02-19,CLE,MEM,False,True,26.1,11,3,7,1,0,2,1,2,1,True
SYN0005,Synthetic Player 005,2024-25,2024-25_CLE_069,2025-02-21,CLE,MIA,True,True,27.3,11,3,4,1,0,2,2,2,1,True
SYN0005,Synthetic Player 005,2024-25,2024-25_CLE_070,2025-02-24,CLE,MIL,False,False,22.9,12,2,4,1,0,1,1,1,1,True
SYN0005,Synthetic Player 005,2024-25,2024-25_CLE_071,2025-02-26,CLE,MIN,True,True,26.1,13,2,5,1,0,2,2,1,2,True
SYN0005,Synthetic Player 005,2024-25,2024-25_CLE_072,2025-02-28,CLE,NOP,False,False,21.9,8,2,4,1,0,2,1,1,1,True
SYN0005,Synthetic Player 005,2024-25,2024-25_CLE_073,2025-03-02,CLE,NYK,True,False,20.9,12,2,6,1,0,2,1,2,1,True
SYN0005,Synthetic Player 005,2024-25,2024-25_CLE_074,2025-03-04,CLE,OKC,False,False,19.9,7,2,5,1,0,2,1,1,1,True
SYN0005,Synthetic Player 005,2024-25,2024-25_CLE_075,2025-03-06,CLE,ORL,True,False,22.6,13,3,5,1,0,2,1,3,1,True
SYN0005,Synthetic Player 005,2024-25,2024-25_CLE_076,2025-03-08,CLE,PHI,False,True,29.3,22,4,6,1,0,2,2,4,3,True
SYN0005,Synthetic Player 005,2024-25,2024-25_CLE_077,2025-03-10,CLE,PHX,True,False,22.9,13,3,5,1,0,2,1,3,1,True
SYN0005,Synthetic Player 005,2024-25,2024-25_CLE_078,2025-03-11,CLE,POR,False,True,25.6,11,3,5,1,0,2,1,2,1,True
SYN0005,Synthetic Player 005,2024-25,2024-25_CLE_079,2025-03-12,CLE,SAC,True,True,30.7,19,3,10,1,0,3,2,2,2,True
SYN0005,Synthetic Player 005,2024-25,2024-25_CLE_080,2025-03-15,CLE,SAS,False,True,30.6,21,3,7,1,0,3,2,3,2,True
SYN0005,Synthetic Player 005,2024-25,2024-25_CLE_081,2025-03-18,CLE,TOR,True,True,32.7,20,4,10,2,0,2,2,2,3,True
SYN0006,Synthetic Player 006,2024-25,2024-25_DAL_000,2024-10-21,DAL,DEN,False,True,29.3,15,3,3,1,0,2,2,2,1,True
SYN0006,Synthetic Player 006,2024-25,2024-25_DAL_001,2024-10-23,DAL,DET,True,False,23.5,9,2,1,1,0,1,2,2,1,True
SYN0006,Synthetic Player 006,2024-25,2024-25_DAL_002,2024-10-25,DAL,GSW,False,True,29.1,8,4,2,1,0,2,2,1,1,True
SYN0006,Synthetic Player 006,2024-25,2024-25_DAL_003,2024-10-27,DAL,HOU,True,True,32.6,9,3,3,1,0,2,2,1,1,True
SYN0006,Synthetic Player 006,2024-25,2024-25_DAL_005,2024-10-31,DAL,LAC,True,True,24.3,6,3,1,1,0,2,2,1,1,True
SYN0006,Synthetic Player 006,2024-25,2024-25_DAL_006,2024-11-02,DAL,LAL,False,True,33.6,18,4,3,1,0,2,2,3,2,True
SYN0006,Synthetic Player 006,2024-25,2024-25_DAL_007,2024-11-03,DAL,MEM,True,True,29.6,8,3,2,1,0,1,2,2,1,True
SYN0006,Synthetic Player 006,2024-25,2024-25_DAL_008,2024-11-05,DAL,MIA,False,True,28.9,14,3,2,1,0,1,1,3,2,True
SYN0006,Synthetic Player 006,2024-25,2024-25_DAL_009,2024-11-06,DAL,MIL,True,True,26.0,12,3,2,1,0,2,2,2,1,True
SYN0006,Synthetic Player 006,2024-25,2024-25_DAL_010,2024-11-07,DAL,MIN,False,True,32.3,21,3,2,1,0,2,2,2,2,True
SYN0006,Synthetic Player 006,2024-25,2024-25_DAL_011,2024-11-09,DAL,NOP,True,True,33.3,17,3,2,1,0,2,2,3,3,True
SYN0006,Synthetic Player 006,2024-25,2024-25_DAL_012,2024-11-11,DAL,NYK,False,True,31.5,13,3,3,1,0,1,2,2,1,True
SYN0006,Synthetic Player 006,2024-25,2024-25_DAL_013,2024-11-13,DAL,OKC,True,True,32.2,13,3,3,1,0,2,2,2,2,True
SYN0006,Synthetic Player 006,2024-25,2024-25_DAL_014,2024-11-16,DAL,ORL,False,True,29.0,11,3,2,1,0,2,2,2,1,True
SYN0006,Synthetic Player 006,2024-25,2024-25_DAL_015,2024-11-17,DAL,PHI,True,True,34.2,10,3,2,2,0,3,2,2,2,True
SYN0006,Synthetic Player 006,2024-25,2024-25_DAL_016,2024-11-19,DAL,PHX,False,True,31.7,13,3,3,1,0,2,2,2,2,True
SYN0006,Synthetic Player 006,2024-25,2024-25_DAL_017,2024-11-21,DAL,POR,True,True,24.9,12,3,1,1,0,1,2,2,2,True
SYN0006,Synthetic Player 006,2024-25,2024-25_DAL_018,2024-11-23,DAL,SAC,False,True,26.6,16,3,2,1,0,1,2,2,1,True
SYN0006,Synthetic Player 006,2024-25,2024-25_DAL_019,2024-11-25,DAL,SAS,True,True,30.7,14,2,2,1,0,2,2,3,2,True
SYN0006,Synthetic Player 006,2024-25,2024-25_DAL_020,2024-11-28,DAL,TOR,False,True,30.7,7,3,2,1,1,2,2,1,1,True
SYN0006,Synthetic Player 006,2024-25,2024-25_DAL_021,2024-11-30,DAL,UTA,True,True,31.7,17,4,3,1,0,2,1,4,3,True
SYN0006,Synthetic Player 006,2024-25,2024-25_DAL_022,2024-12-02,DAL,WAS,False,False,19.9,6,3,1,1,0,1,1,1,1,True
SYN0006,Synthetic Player 006,2024-25,2024-25_DAL_026,2024-12-08,DAL,CHA,False,True,33.6,10,3,2,1,0,2,2,2,1,True
SYN0006,Synthetic Player 006,2024-25,2024-25_DAL_027,2024-12-09,DAL,CHI,True,True,36.8,25,4,4,1,0,2,2,4,3,True
SYN0006,Synthetic Player 006,2024-25,2024-25_DAL_028,2024-12-10,DAL,CLE,False,True,26.9,8,3,2,1,0,1,2,1,1,True
SYN0006,Synthetic Player 006,2024-25,2024-25_DAL_029,2024-12-12,DAL,DAL,True,False,23.2,12,3,3,1,0,1,2,2,1,True
SYN0006,Synthetic Player 006,2024-25,2024-25_DAL_030,2024-12-14,DAL,DEN,False,True,30.6,13,2,3,1,1,2,2,2,2,True
SYN0006,Synthetic Player 006,2024-25,2024-25_DAL_031,2024-12-15,DAL,DET,True,True,31.3,13,4,2,1,0,2,2,2,2,True
SYN0006,Synthetic Player 006,2024-25,2024-25_DAL_032,2024-12-16,DAL,GSW,False,True,35.0,14,4,3,1,0,2,2,2,2,True
SYN0006,Synthetic Player 006,2024-25,2024-25_DAL_033,2024-12-18,DAL,HOU,True,True,33.6,15,6,2,1,0,2,2,3,1,True
SYN0006,Synthetic Player 006,2024-25,2024-25_DAL_034,2024-12-20,DAL,IND,False,True,41.8,18,6,4,1,1,2,2,4,2,True
SYN0006,Synthetic Player 006,2024-25,2024-25_DAL_035,2024-12-22,DAL,LAC,True,True,26.8,10,3,3,1,0,1,2,2,1,True
SYN0006,Synthetic Player 006,2024-25,2024-25_DAL_036,2024-12-24,DAL,LAL,False,True,29.2,12,2,3,1,0,2,2,2,2,True
SYN0006,Synthetic Player 006,2024-25,2024-25_DAL_037,2024-12-27,DAL,MEM,True,True,30.8,13,4,2,1,0,2,2,2,2,True
SYN0006,Synthetic Player 006,2024-25,2024-25_DAL_038,2024-12-29,DAL,MIA,False,True,32.1,18,2,2,2,0,2,2,3,3,True
SYN0006,Synthetic Player 006,2024-25,2024-25_DAL_039,2024-12-30,DAL,MIL,True,False,23.6,5,3,2,1,0,2,1,1,1,True
SYN0006,Synthetic Player 006,2024-25,2024-25_DAL_040,2025-01-01,DAL,MIN,False,True,34.1,15,3,2,1,0,2,2,3,2,True
SYN0006,Synthetic Player 006,2024-25,2024-25_DAL_041,2025-01-04,DAL,NOP,True,True,28.2,16,4,2,1,0,1,2,2,3,True
SYN0006,Synthetic Player 006,2024-25,2024-25_DAL_042,2025-01-06,DAL,NYK,False,True,36.3,18,3,4,1,0,2,2,3,2,True
SYN0006,Synthetic Player 006,2024-25,2024-25_DAL_043,2025-01-08,DAL,OKC,True,True,30.5,12,3,2,1,0,2,2,2,1,True
SYN0006,Synthetic Player 006,2024-25,2024-25_DAL_044,2025-01-09,DAL,ORL,False,False,18.4,8,2,2,0,0,1,1,2,1,True
SYN0006,Synthetic Player 006,2024-25,2024-25_DAL_045,2025-01-11,DAL,PHI,True,True,33.9,17,3,3,1,0,1,2,3,1,True
SYN0006,Synthetic Player 006,2024-25,2024-25_DAL_046,2025-01-13,DAL,PHX,False,True,27.3,15,3,2,1,0,2,2,2,2,True
SYN0006,Synthetic Player 006,2024-25,2024-25_DAL_047,2025-01-15,DAL,POR,True,False,19.8,12,3,1,1,0,1,1,1,1,True
SYN0006,Synthetic Player 006,2024-25,2024-25_DAL_048,2025-01-18,DAL,SAC,False,True,27.9,11,3,2,1,0,2,2,2,1,True
SYN0006,Synthetic Player 006,2024-25,2024-25_DAL_050,2025-01-22,DAL,TOR,False,True,29.2,10,3,2,1,0,2,2,1,1,True
SYN0006,Synthetic Player 006,2024-25,2024-25_DAL_051,2025-01-24,DAL,UTA,True,True,24.2,13,2,1,1,0,2,2,2,1,True
SYN0006,Synthetic Player 006,2024-25,2024-25_DAL_053,2025-01-28,DAL,ATL,True,True,30.9,12,4,3,1,0,2,2,2,1,True
SYN0006,Synthetic Player 006,2024-25,2024-25_DAL_054,2025-01-29,DAL,BOS,False,True,27.1,13,3,3,2,0,1,2,2,2,True
SYN0006,Synthetic Player 006,2024-25,2024-25_DAL_057,2025-02-03,DAL,CHI,True,True,27.9,7,3,2,0,0,2,2,1,1,True
SYN0006,Synthetic Player 006,2024-25,2024-25_DAL_058,2025-02-05,DAL,CLE,False,True,32.3,19,3,3,1,0,2,2,3,3,True
SYN0006,Synthetic Player 006,2024-25,2024-25_DAL_059,2025-02-06,DAL,DAL,True,True,33.2,15,3,3,1,0,2,2,2,3,True
SYN0006,Synthetic Player 006,2024-25,2024-25_DAL_060,2025-02-08,DAL,DEN,False,True,28.9,9,3,2,1,0,1,3,1,1,True
SYN0006,Synthetic Player 006,2024-25,2024-25_DAL_061,2025-02-10,DAL,DET,True,True,26.5,15,3,3,0,0,1,1,2,2,True
SYN0006,Synthetic Player 006,2024-25,2024-25_DAL_063,2025-02-14,DAL,HOU,True,True,32.8,11,2,3,1,0,2,2,1,1,True
SYN0006,Synthetic Player 006,2024-25,2024-25_DAL_064,2025-02-16,DAL,IND,False,True,28.5,18,3,2,1,0,1,2,4,1,True
SYN0006,Synthetic Player 006,2024-25,2024-25_DAL_065,2025-02-19,DAL,LAC,True,True,26.0,9,3,2,1,0,1,1,1,1,True
SYN0006,Synthetic Player 006,2024-25,2024-25_DAL_066,2025-02-20,DAL,LAL,False,True,29.1,15,2,2,1,0,2,2,3,1,True
SYN0006,Synthetic Player 006,2024-25,2024-25_DAL_067,2025-02-22,DAL,MEM,True,True,28.1,16,3,2,1,0,2,2,2,2,True
SYN0006,Synthetic Player 006,2024-25,2024-25_DAL_068,2025-02-24,DAL,MIA,False,True,31.7,11,4,2,1,0,2,2,2,2,True
SYN0006,Synthetic Player 006,2024-25,2024-25_DAL_069,2025-02-25,DAL,MIL,True,True,32.4,16,4,3,1,0,2,2,2,2,True
SYN0006,Synthetic Player 006,2024-25,2024-25_DAL_070,2025-02-26,DAL,MIN,False,True,27.3,11,3,2,1,0,2,1,2,1,True
SYN0006,Synthetic Player 006,2024-25,2024-25_DAL_071,2025-02-28,DAL,NOP,True,True,29.7,14,3,3,1,0,2,2,2,2,True
SYN0006,Synthetic Player 006,2024-25,2024-25_DAL_072,2025-03-02,DAL,NYK,False,False,21.9,11,3,1,1,0,1,1,2,2,True
SYN0006,Synthetic Player 006,2024-25,2024-25_DAL_079,2025-03-16,DAL,SAS,True,True,30.7,11,2,2,1,1,2,2,3,2,True
SYN0006,Synthetic Player 006,2024-25,2024-25_DAL_080,2025-03-17,DAL,TOR,False,True,27.7,15,3,2,1,0,1,2,3,3,True
SYN0006,Synthetic Player 006,2024-25,2024-25_DAL_081,2025-03-19,DAL,UTA,True,True,27.5,11,3,2,1,0,1,2,2,2,True
SYN0007,Synthetic Player 007,2024-25,2024-25_DEN_000,2024-10-22,DEN,DET,False,False,15.1,13,3,2,1,0,1,1,3,1,True
SYN0007,Synthetic Player 007,2024-25,2024-25_DEN_001,2024-10-24,DEN,GSW,True,False,21.1,17,4,6,1,0,2,1,2,2,True
SYN0007,Synthetic Player 007,2024-25,2024-25_DEN_004,2024-10-29,DEN,LAC,False,True,24.0,14,4,3,1,1,2,1,3,1,True
SYN0007,Synthetic Player 007,2024-25,2024-25_DEN_005,2024-10-30,DEN,LAL,True,False,16.4,10,3,3,0,0,1,1,2,1,True
SYN0007,Synthetic Player 007,2024-25,2024-25_DEN_006,2024-10-31,DEN,MEM,False,False,24.0,16,5,3,1,0,2,1,2,2,True
SYN0007,Synthetic Player 007,2024-25,2024-25_DEN_007,2024-11-03,DEN,MIA,True,False,19.4,9,4,2,0,0,1,1,1,1,True
SYN0007,Synthetic Player 007,2024-25,2024-25_DEN_008,2024-11-04,DEN,MIL,False,False,23.0,10,4,2,1,0,1,2,2,2,True
SYN0007,Synthetic Player 007,2024-25,2024-25_DEN_009,2024-11-07,DEN,MIN,True,False,19.9,18,4,3,0,0,1,1,3,2,True
SYN0007,Synthetic Player 007,2024-25,2024-25_DEN_012,2024-11-11,DEN,OKC,False,False,23.8,15,3,3,1,0,2,1,3,1,True
SYN0007,Synthetic Player 007,2024-25,2024-25_DEN_013,2024-11-13,DEN,ORL,True,True,27.4,19,5,6,1,0,2,2,3,2,True
SYN0007,Synthetic Player 007,2024-25,2024-25_DEN_014,2024-11-14,DEN,PHI,False,False,17.4,12,4,3,1,0,1,1,2,1,True
SYN0007,Synthetic Player 007,2024-25,2024-25_DEN_016,2024-11-18,DEN,POR,False,True,24.6,18,3,4,1,0,2,2,3,3,True
SYN0007,Synthetic Player 007,2024-25,2024-25_DEN_018,2024-11-22,DEN,SAS,False,False,17.6,9,4,2,1,0,1,1,1,1,True
SYN0007,Synthetic Player 007,2024-25,2024-25_DEN_019,2024-11-23,DEN,TOR,True,False,15.0,12,3,3,0,0,1,1,2,1,True
SYN0007,Synthetic Player 007,2024-25,2024-25_DEN_020,2024-11-24,DEN,UTA,False,False,19.8,15,4,3,1,0,1,1,2,3,True
SYN0007,Synthetic Player 007,2024-25,2024-25_DEN_022,2024-11-29,DEN,ATL,False,False,21.2,8,4,2,1,0,1,2,2,1,True
SYN0007,Synthetic Player 007,2024-25,2024-25_DEN_023,2024-11-30,DEN,BOS,True,False,21.2,15,4,4,0,0,1,1,3,2,True
SYN0007,Synthetic Player 007,2024-25,2024-25_DEN_024,2024-12-03,DEN,BKN,False,True,29.0,17,6,4,1,0,1,2,2,3,True
SYN0007,Synthetic Player 007,2024-25,2024-25_DEN_025,2024-12-05,DEN,CHA,True,False,11.4,9,2,2,0,0,1,1,2,1,True
SYN0007,Synthetic Player 007,2024-25,2024-25_DEN_026,2024-12-06,DEN,CHI,False,False,21.5,13,5,3,1,0,1,1,2,1,True
SYN0007,Synthetic Player 007,2024-25,2024-25_DEN_027,2024-12-07,DEN,CLE,True,True,27.1,17,4,4,1,0,2,1,2,2,True
SYN0007,Synthetic Player 007,2024-25,2024-25_DEN_028,2024-12-09,DEN,DAL,False,False,21.9,15,5,4,1,0,1,1,1,1,True
SYN0007,Synthetic Player 007,2024-25,2024-25_DEN_029,2024-12-11,DEN,DEN,True,True,28.3,22,5,4,1,0,2,2,3,1,True
SYN0007,Synthetic Player 007,2024-25,2024-25_DEN_030,2024-12-13,DEN,DET,False,True,30.6,17,6,4,1,1,2,2,3,3,True
SYN0007,Synthetic Player 007,2024-25,2024-25_DEN_031,2024-12-15,DEN,GSW,True,False,21.9,11,4,2,1,0,2,1,1,1,True
SYN0007,Synthetic Player 007,2024-25,2024-25_DEN_032,2024-12-18,DEN,HOU,False,False,18.7,13,4,3,1,0,1,1,2,1,True
SYN0007,Synthetic Player 007,2024-25,2024-25_DEN_033,2024-12-19,DEN,IND,True,False,17.0,10,3,3,0,0,1,1,2,1,True
SYN0007,Synthetic Player 007,2024-25,2024-25_DEN_034,2024-12-22,DEN,LAC,False,False,22.6,14,4,3,1,0,1,2,2,1,True
SYN0007,Synthetic Player 007,2024-25,2024-25_DEN_035,2024-12-25,DEN,LAL,True,False,17.8,13,3,2,1,0,1,1,2,2,True
SYN0007,Synthetic Player 007,2024-25,2024-25_DEN_039,2024-12-31,DEN,MIN,True,False,21.7,18,4,3,1,0,2,1,3,2,True
SYN0007,Synthetic Player 007,2024-25,2024-25_DEN_040,2025-01-01,DEN,NOP,False,False,22.2,17,5,3,1,0,1,1,2,2,True
SYN0007,Synthetic Player 007,2024-25,2024-25_DEN_041,2025-01-03,DEN,NYK,True,True,25.7,26,3,3,1,0,2,2,4,2,True
SYN0007,Synthetic Player 007,2024-25,2024-25_DEN_042,2025-01-04,DEN,OKC,False,True,26.1,21,5,4,1,0,1,2,3,2,True
SYN0007,Synthetic Player 007,2024-25,2024-25_DEN_043,2025-01-06,DEN,ORL,True,False,19.0,23,5,3,1,0,1,1,5,2,True
SYN0007,Synthetic Player 007,2024-25,2024-25_DEN_044,2025-01-08,DEN,PHI,False,False,20.3,16,3,2,0,0,1,1,2,1,True
SYN0007,Synthetic Player 007,2024-25,2024-25_DEN_045,2025-01-10,DEN,PHX,True,False,18.3,15,3,2,1,0,1,1,2,2,True
SYN0007,Synthetic Player 007,2024-25,2024-25_DEN_046,2025-01-11,DEN,POR,False,False,22.6,15,4,2,1,0,1,2,2,2,True
SYN0007,Synthetic Player 007,2024-25,2024-25_DEN_047,2025-01-13,DEN,SAC,True,False,18.7,7,3,2,1,0,1,1,1,1,True
SYN0007,Synthetic Player 007,2024-25,2024-25_DEN_048,2025-01-15,DEN,SAS,False,True,25.3,21,5,4,1,0,2,1,3,3,True
SYN0007,Synthetic Player 007,2024-25,2024-25_DEN_049,2025-01-18,DEN,TOR,True,True,25.1,17,5,3,1,1,1,2,2,2,True
SYN0007,Synthetic Player 007,2024-25,2024-25_DEN_050,2025-01-19,DEN,UTA,False,True,26.4,16,6,4,1,0,2,2,3,1,True
SYN0007,Synthetic Player 007,2024-25,2024-25_DEN_051,2025-01-20,DEN,WAS,True,True,26.9,12,5,5,1,0,2,2,3,1,True
SYN0007,Synthetic Player 007,2024-25,2024-25_DEN_052,2025-01-21,DEN,ATL,False,False,23.7,10,5,2,0,0,1,1,1,1,True
SYN0007,Synthetic Player 007,2024-25,2024-25_DEN_053,2025-01-22,DEN,BOS,True,False,18.4,12,3,3,1,0,1,1,2,1,True
SYN0007,Synthetic Player 007,2024-25,2024-25_DEN_054,2025-01-23,DEN,BKN,False,False,23.5,20,6,3,1,0,2,2,4,3,True
SYN0007,Synthetic Player 007,2024-25,2024-25_DEN_055,2025-01-25,DEN,CHA,True,True,25.9,19,6,4,1,0,1,2,3,1,True
SYN0007,Synthetic Player 007,2024-25,2024-25_DEN_056,2025-01-27,DEN,CHI,False,True,24.1,22,4,3,0,0,1,2,2,2,True
SYN0007,Synthetic Player 007,2024-25,2024-25_DEN_057,2025-01-29,DEN,CLE,True,False,16.4,12,4,2,1,0,1,1,1,2,True
SYN0007,Synthetic Player 007,2024-25,2024-25_DEN_058,2025-01-31,DEN,DAL,False,False,18.9,12,4,2,1,0,1,1,2,2,True
SYN0007,Synthetic Player 007,2024-25,2024-25_DEN_059,2025-02-01,DEN,DEN,True,False,19.5,15,2,3,1,0,1,1,2,3,True
SYN0007,Synthetic Player 007,2024-25,2024-25_DEN_060,2025-02-03,DEN,DET,False,False,22.5,12,4,4,1,1,1,1,2,1,True
SYN0007,Synthetic Player 007,2024-25,2024-25_DEN_061,2025-02-06,DEN,GSW,True,True,27.3,19,4,3,1,0,1,2,3,4,True
SYN0007,Synthetic Player 007,2024-25,2024-25_DEN_062,2025-02-08,DEN,HOU,False,False,20.8,9,4,2,1,0,2,1,1,1,True
SYN0007,Synthetic Player 007,2024-25,2024-25_DEN_063,2025-02-10,DEN,IND,True,False,22.5,17,5,3,1,0,1,1,2,1,True
SYN0007,Synthetic Player 007,2024-25,2024-25_DEN_064,2025-02-12,DEN,LAC,False,False,19.1,16,3,3,1,0,1,1,3,2,True
SYN0007,Synthetic Player 007,2024-25,2024-25_DEN_071,2025-02-23,DEN,NYK,True,False,23.7,14,6,3,1,0,2,2,2,1,True
SYN0007,Synthetic Player 007,2024-25,2024-25_DEN_072,2025-02-25,DEN,OKC,False,False,18.0,13,3,4,1,0,1,1,2,2,True
SYN0007,Synthetic Player 007,2024-25,2024-25_DEN_079,2025-03-10,DEN,TOR,True,True,24.4,9,4,2,1,0,2,2,2,1,True
SYN0007,Synthetic Player 007,2024-25,2024-25_DEN_080,2025-03-13,DEN,UTA,False,False,22.7,10,4,3,1,0,2,1,3,1,True
SYN0008,Synthetic Player 008,2024-25,2024-25_DET_000,2024-10-23,DET,GSW,False,True,25.8,8,5,2,1,1,1,2,1,1,True
SYN0008,Synthetic Player 008,2024-25,2024-25_DET_001,2024-10-25,DET,HOU,True,False,22.3,9,5,1,1,0,1,2,1,1,True
SYN0008,Synthetic Player 008,2024-25,2024-25_DET_002,2024-10-26,DET,IND,False,True,24.9,7,6,2,0,1,1,2,1,1,True
SYN0008,Synthetic Player 008,2024-25,2024-25_DET_003,2024-10-28,DET,LAC,True,False,19.6,7,3,2,1,1,1,2,2,1,True
SYN0008,Synthetic Player 008,2024-25,2024-25_DET_004,2024-10-30,DET,LAL,False,False,19.1,11,3,1,1,0,1,1,2,1,True
SYN0008,Synthetic Player 008,2024-25,2024-25_DET_008,2024-11-05,DET,MIN,False,False,21.5,4,6,1,1,0,1,2,0,0,True
SYN0008,Synthetic Player 008,2024-25,2024-25_DET_010,2024-11-10,DET,NYK,False,True,29.7,9,7,2,1,1,1,2,1,1,True
SYN0008,Synthetic Player 008,2024-25,2024-25_DET_011,2024-11-11,DET,OKC,True,False,19.6,6,5,1,0,1,1,2,1,0,True
SYN0008,Synthetic Player 008,2024-25,2024-25_DET_012,2024-11-14,DET,ORL,False,True,25.7,9,4,1,1,1,1,2,1,1,True
SYN0008,Synthetic Player 008,2024-25,2024-25_DET_013,2024-11-17,DET,PHI,True,False,22.3,9,4,2,0,1,1,1,2,1,True
SYN0008,Synthetic Player 008,2024-25,2024-25_DET_014,2024-11-18,DET,PHX,False,False,19.9,7,3,1,0,1,1,1,1,0,True
SYN0008,Synthetic Player 008,2024-25,2024-25_DET_015,2024-11-19,DET,POR,True,False,22.2,5,6,2,0,0,1,1,1,0,True
SYN0008,Synthetic Player 008,2024-25,2024-25_DET_016,2024-11-22,DET,SAC,False,True,27.1,6,5,2,1,1,1,2,1,0,True
SYN0008,Synthetic Player 008,2024-25,2024-25_DET_017,2024-11-24,DET,SAS,True,False,20.0,9,7,1,1,1,1,1,2,1,True
SYN0008,Synthetic Player 008,2024-25,2024-25_DET_018,2024-11-26,DET,TOR,False,False,18.5,7,4,1,1,0,1,1,1,1,True
SYN0008,Synthetic Player 008,2024-25,2024-25_DET_019,2024-11-27,DET,UTA,True,True,26.1,7,7,2,1,0,1,2,1,0,True
SYN0008,Synthetic Player 008,2024-25,2024-25_DET_020,2024-11-28,DET,WAS,False,True,28.3,9,9,2,1,1,2,2,2,1,True
SYN0008,Synthetic Player 008,2024-25,2024-25_DET_021,2024-11-30,DET,ATL,True,False,22.2,12,4,2,1,1,1,1,2,1,True
SYN0008,Synthetic Player 008,2024-25,2024-25_DET_023,2024-12-05,DET,BKN,True,False,22.6,8,5,1,1,1,1,2,1,1,True
SYN0008,Synthetic Player 008,2024-25,2024-25_DET_024,2024-12-06,DET,CHA,False,False,23.9,5,5,3,1,0,1,1,1,0,True
SYN0008,Synthetic Player 008,2024-25,2024-25_DET_025,2024-12-09,DET,CHI,True,False,21.9,8,4,3,0,1,1,2,1,1,True
SYN0008,Synthetic Player 008,2024-25,2024-25_DET_026,2024-12-11,DET,CLE,False,False,20.4,9,4,1,1,1,1,2,1,1,True
SYN0008,Synthetic Player 008,2024-25,2024-25_DET_027,2024-12-13,DET,DAL,True,True,25.5,7,4,2,1,1,2,2,1,0,True
SYN0008,Synthetic Player 008,2024-25,2024-25_DET_028,2024-12-15,DET,DEN,False,False,19.6,7,4,2,0,0,1,1,1,1,True
SYN0008,Synthetic Player 008,2024-25,2024-25_DET_029,2024-12-16,DET,DET,True,False,19.9,7,3,1,1,0,1,1,1,0,True
SYN0008,Synthetic Player 008,2024-25,2024-25_DET_030,2024-12-19,DET,GSW,False,False,19.3,4,4,1,0,1,1,2,1,0,True
SYN0008,Synthetic Player 008,2024-25,2024-25_DET_031,2024-12-21,DET,HOU,True,True,27.9,12,3,3,1,1,1,2,3,1,True
SYN0008,Synthetic Player 008,2024-25,2024-25_DET_032,2024-12-24,DET,IND,False,True,24.7,11,5,3,1,1,1,2,1,1,True
SYN0008,Synthetic Player 008,2024-25,2024-25_DET_033,2024-12-26,DET,LAC,True,False,21.5,6,3,2,0,1,1,1,1,0,True
SYN0008,Synthetic Player 008,2024-25,2024-25_DET_034,2024-12-28,DET,LAL,False,False,15.4,6,3,2,0,0,1,1,2,0,True
SYN0008,Synthetic Player 008,2024-25,2024-25_DET_035,2024-12-30,DET,MEM,True,True,25.8,8,5,4,1,1,1,1,1,0,True
SYN0008,Synthetic Player 008,2024-25,2024-25_DET_036,2024-12-31,DET,MIA,False,False,21.0,13,4,2,1,0,1,2,2,1,True
SYN0008,Synthetic Player 008,2024-25,2024-25_DET_037,2025-01-03,DET,MIL,True,False,19.5,8,5,2,0,1,1,2,1,1,True
SYN0008,Synthetic Player 008,2024-25,2024-25_DET_038,2025-01-04,DET,MIN,False,False,17.4,5,4,1,0,0,1,1,1,1,True
SYN0008,Synthetic Player 008,2024-25,2024-25_DET_039,2025-01-05,DET,NOP,True,False,19.1,4,4,1,0,1,1,2,1,0,True
SYN0008,Synthetic Player 008,2024-25,2024-25_DET_040,2025-01-07,DET,NYK,False,True,27.8,12,5,2,1,1,1,2,1,0,True
SYN0008,Synthetic Player 008,2024-25,2024-25_DET_041,2025-01-09,DET,OKC,True,False,22.6,9,4,2,0,0,1,2,2,0,True
SYN0008,Synthetic Player 008,2024-25,2024-25_DET_042,2025-01-12,DET,ORL,False,False,22.2,10,4,1,0,1,1,1,1,1,True
SYN0008,Synthetic Player 008,2024-25,2024-25_DET_043,2025-01-15,DET,PHI,True,False,22.4,9,6,2,0,1,1,1,2,0,True
SYN0008,Synthetic Player 008,2024-25,2024-25_DET_044,2025-01-17,DET,PHX,False,False,16.4,5,3,2,1,0,1,1,1,0,True
SYN0008,Synthetic Player 008,2024-25,2024-25_DET_045,2025-01-19,DET,POR,True,True,24.3,12,7,1,1,1,1,1,2,1,True
SYN0008,Synthetic Player 008,2024-25,2024-25_DET_046,2025-01-21,DET,SAC,False,True,26.4,13,4,1,1,1,1,2,2,1,True
SYN0008,Synthetic Player 008,2024-25,2024-25_DET_047,2025-01-23,DET,SAS,True,True,28.8,9,4,2,1,1,1,2,1,1,True
SYN0008,Synthetic Player 008,2024-25,2024-25_DET_048,2025-01-25,DET,TOR,False,False,21.4,6,6,2,1,1,1,1,1,1,True
SYN0008,Synthetic Player 008,2024-25,2024-25_DET_049,2025-01-27,DET,UTA,True,True,25.5,9,4,2,1,1,1,2,1,1,True
SYN0008,Synthetic Player 008,2024-25,2024-25_DET_050,2025-01-29,DET,WAS,False,True,25.5,8,4,1,1,0,1,2,2,0,True
SYN0008,Synthetic Player 008,2024-25,2024-25_DET_051,2025-01-31,DET,ATL,True,False,19.1,3,5,2,1,1,1,1,0,0,True
SYN0008,Synthetic Player 008,2024-25,2024-25_DET_052,2025-02-03,DET,BOS,False,False,20.0,5,3,3,0,1,1,1,1,0,True
SYN0008,Synthetic Player 008,2024-25,2024-25_DET_053,2025-02-05,DET,BKN,True,True,24.1,7,5,2,1,0,1,2,1,1,True
SYN0008,Synthetic Player 008,2024-25,2024-25_DET_054,2025-02-07,DET,CHA,False,False,17.5,6,3,1,0,1,1,1,1,0,True
SYN0008,Synthetic Player 008,2024-25,2024-25_DET_055,2025-02-08,DET,CHI,True,True,31.0,13,8,2,1,1,2,2,2,1,True
SYN0008,Synthetic Player 008,2024-25,2024-25_DET_056,2025-02-10,DET,CLE,False,False,22.8,9,6,2,1,1,1,2,2,1,True
SYN0008,Synthetic Player 008,2024-25,2024-25_DET_057,2025-02-13,DET,DAL,True,False,23.5,10,5,1,1,1,1,1,1,1,True
SYN0008,Synthetic Player 008,2024-25,2024-25_DET_058,2025-02-14,DET,DEN,False,False,19.0,5,4,1,0,0,1,2,1,1,True
SYN0008,Synthetic Player 008,2024-25,2024-25_DET_059,2025-02-15,DET,DET,True,True,29.9,10,5,2,1,1,2,2,1,1,True
SYN0008,Synthetic Player 008,2024-25,2024-25_DET_061,2025-02-17,DET,HOU,True,False,15.9,5,4,1,1,0,1,1,1,0,True
SYN0008,Synthetic Player 008,2024-25,2024-25_DET_062,2025-02-19,DET,IND,False,False,21.1,5,4,1,1,1,1,2,1,0,True
SYN0008,Synthetic Player 008,2024-25,2024-25_DET_063,2025-02-22,DET,LAC,True,True,25.9,7,5,3,1,1,1,1,0,1,True
SYN0008,Synthetic Player 008,2024-25,2024-25_DET_070,2025-03-08,DET,NYK,False,True,24.9,9,6,2,1,1,1,2,1,1,True
SYN0008,Synthetic Player 008,2024-25,2024-25_DET_071,2025-03-09,DET,OKC,True,True,27.2,9,8,2,1,1,1,2,1,1,True
SYN0008,Synthetic Player 008,2024-25,2024-25_DET_072,2025-03-11,DET,ORL,False,True,30.1,19,6,1,1,1,2,2,3,1,True
SYN0008,Synthetic Player 008,2024-25,2024-25_DET_073,2025-03-13,DET,PHI,True,False,19.6,9,3,1,0,0,1,2,2,1,True
SYN0008,Synthetic Player 008,2024-25,2024-25_DET_074,2025-03-15,DET,PHX,False,True,24.7,9,5,1,1,1,2,2,2,0,True
SYN0008,Synthetic Player 008,2024-25,2024-25_DET_075,2025-03-17,DET,POR,True,False,21.0,6,4,2,1,1,1,1,1,0,True
SYN0008,Synthetic Player 008,2024-25,2024-25_DET_076,2025-03-19,DET,SAC,False,False,17.9,8,3,1,1,1,1,2,1,0,True
SYN0008,Synthetic Player 008,2024-25,2024-25_DET_077,2025-03-21,DET,SAS,True,False,21.5,6,4,1,0,1,1,2,1,0,True
SYN0008,Synthetic Player 008,2024-25,2024-25_DET_078,2025-03-23,DET,TOR,False,False,20.3,6,4,2,0,0,1,1,1,0,True
SYN0008,Synthetic Player 008,2024-25,2024-25_DET_079,2025-03-25,DET,UTA,True,False,21.3,9,4,1,1,1,1,2,1,1,True
SYN0008,Synthetic Player 008,2024-25,2024-25_DET_080,2025-03-27,DET,WAS,False,False,20.7,5,5,1,1,0,1,1,1,0,True
SYN0008,Synthetic Player 008,2024-25,2024-25_DET_081,2025-03-29,DET,ATL,True,True,25.0,5,4,2,1,1,2,2,1,0,True
SYN0009,Synthetic Player 009,2024-25,2024-25_GSW_000,2024-10-21,GSW,HOU,False,False,20.0,5,6,1,0,1,1,2,1,0,True
SYN0009,Synthetic Player 009,2024-25,2024-25_GSW_001,2024-10-22,GSW,IND,True,False,17.1,5,6,1,0,1,1,1,1,0,True
SYN0009,Synthetic Player 009,2024-25,2024-25_GSW_002,2024-10-24,GSW,LAC,False,False,22.1,10,7,2,1,1,1,2,2,0,True
SYN0009,Synthetic Player 009,2024-25,2024-25_GSW_005,2024-10-31,GSW,MIA,True,False,16.4,7,3,1,0,1,1,1,1,0,True
SYN0009,Synthetic Player 009,2024-25,2024-25_GSW_006,2024-11-02,GSW,MIL,False,False,21.8,7,3,1,0,1,1,2,1,0,True
SYN0009,Synthetic Player 009,2024-25,2024-25_GSW_007,2024-11-04,GSW,MIN,True,False,22.3,7,6,2,0,1,1,2,1,0,True
SYN0009,Synthetic Player 009,2024-25,2024-25_GSW_008,2024-11-06,GSW,NOP,False,False,23.8,12,8,2,0,1,1,2,2,0,True
SYN0009,Synthetic Player 009,2024-25,2024-25_GSW_009,2024-11-08,GSW,NYK,True,True,24.2,10,5,1,0,2,1,2,1,0,True
SYN0009,Synthetic Player 009,2024-25,2024-25_GSW_010,2024-11-10,GSW,OKC,False,False,16.4,7,4,1,0,1,1,1,1,0,True
SYN0009,Synthetic Player 009,2024-25,2024-25_GSW_011,2024-11-12,GSW,ORL,True,True,30.7,9,8,2,0,2,1,3,2,0,True
SYN0009,Synthetic Player 009,2024-25,2024-25_GSW_012,2024-11-13,GSW,PHI,False,False,22.1,13,7,2,0,0,1,2,2,0,True
SYN0009,Synthetic Player 009,2024-25,2024-25_GSW_013,2024-11-14,GSW,PHX,True,True,28.2,12,8,3,0,1,1,2,3,0,True
SYN0009,Synthetic Player 009,2024-25,2024-25_GSW_014,2024-11-15,GSW,POR,False,False,23.2,9,6,2,0,1,1,2,1,0,True
SYN0009,Synthetic Player 009,2024-25,2024-25_GSW_015,2024-11-17,GSW,SAC,True,False,22.1,5,6,1,1,1,1,2,1,0,True
SYN0009,Synthetic Player 009,2024-25,2024-25_GSW_016,2024-11-19,GSW,SAS,False,True,24.3,4,5,1,0,2,2,2,1,0,True
SYN0009,Synthetic Player 009,2024-25,2024-25_GSW_017,2024-11-22,GSW,TOR,True,False,21.7,5,7,2,1,0,1,2,1,0,True
SYN0009,Synthetic Player 009,2024-25,2024-25_GSW_018,2024-11-25,GSW,UTA,False,True,28.2,8,4,2,1,1,1,2,2,0,True
SYN0009,Synthetic Player 009,2024-25,2024-25_GSW_019,2024-11-27,GSW,WAS,True,False,17.8,6,4,1,0,0,0,2,1,0,True
SYN0009,Synthetic Player 009,2024-25,2024-25_GSW_020,2024-11-28,GSW,ATL,False,False,15.2,9,3,1,0,1,1,1,1,0,True
SYN0009,Synthetic Player 009,2024-25,2024-25_GSW_021,2024-11-29,GSW,BOS,True,False,20.0,3,7,1,1,1,1,1,0,0,True
SYN0009,Synthetic Player 009,2024-25,2024-25_GSW_022,2024-12-01,GSW,BKN,False,True,24.7,6,4,2,0,1,1,2,1,0,True
SYN0009,Synthetic Player 009,2024-25,2024-25_GSW_023,2024-12-03,GSW,CHA,True,True,26.3,8,3,2,0,0,1,2,2,0,True
SYN0009,Synthetic Player 009,2024-25,2024-25_GSW_024,2024-12-04,GSW,CHI,False,False,22.1,4,8,1,1,2,1,2,1,0,True
SYN0009,Synthetic Player 009,2024-25,2024-25_GSW_025,2024-12-06,GSW,CLE,True,False,23.2,3,4,1,0,1,1,2,1,0,True
SYN0009,Synthetic Player 009,2024-25,2024-25_GSW_026,2024-12-08,GSW,DAL,False,True,25.5,9,3,1,0,1,1,3,1,0,True
SYN0009,Synthetic Player 009,2024-25,2024-25_GSW_027,2024-12-10,GSW,DEN,True,True,29.0,11,14,2,1,1,1,2,1,0,True
SYN0009,Synthetic Player 009,2024-25,2024-25_GSW_028,2024-12-11,GSW,DET,False,False,17.1,10,3,1,0,1,1,1,1,0,True
SYN0009,Synthetic Player 009,2024-25,2024-25_GSW_029,2024-12-13,GSW,GSW,True,True,25.0,5,7,2,0,1,1,2,1,0,True
SYN0009,Synthetic Player 009,2024-25,2024-25_GSW_030,2024-12-15,GSW,HOU,False,False,19.3,4,4,0,0,1,1,1,1,0,True
SYN0009,Synthetic Player 009,2024-25,2024-25_GSW_031,2024-12-17,GSW,IND,True,False,14.3,3,3,1,0,1,1,1,1,0,True
SYN0009,Synthetic Player 009,2024-25,2024-25_GSW_032,2024-12-19,GSW,LAC,False,True,25.7,8,9,2,1,1,1,3,2,0,True
SYN0009,Synthetic Player 009,2024-25,2024-25_GSW_033,2024-12-20,GSW,LAL,True,True,26.6,6,6,1,0,1,1,2,1,0,True
SYN0009,Synthetic Player 009,2024-25,2024-25_GSW_034,2024-12-22,GSW,MEM,False,False,13.8,9,4,1,0,0,1,1,2,0,True
SYN0009,Synthetic Player 009,2024-25,2024-25_GSW_035,2024-12-23,GSW,MIA,True,True,28.5,11,6,1,1,1,1,3,2,0,True
SYN0009,Synthetic Player 009,2024-25,2024-25_GSW_036,2024-12-24,GSW,MIL,False,False,18.8,4,7,1,0,1,2,1,1,0,True
SYN0009,Synthetic Player 009,2024-25,2024-25_GSW_037,2024-12-26,GSW,MIN,True,False,17.1,6,4,1,0,1,1,1,1,0,True
SYN0009,Synthetic Player 009,2024-25,2024-25_GSW_038,2024-12-29,GSW,NOP,False,False,18.4,6,3,1,0,1,1,1,1,0,True
SYN0009,Synthetic Player 009,2024-25,2024-25_GSW_039,2024-12-31,GSW,NYK,True,False,10.8,2,3,1,0,0,0,1,0,0,True
SYN0009,Synthetic Player 009,2024-25,2024-25_GSW_040,2025-01-01,GSW,OKC,False,False,16.6,7,5,1,0,1,1,1,1,0,True
SYN0009,Synthetic Player 009,2024-25,2024-25_GSW_041,2025-01-02,GSW,ORL,True,False,21.6,4,9,2,0,1,1,2,1,0,True
SYN0009,Synthetic Player 009,2024-25,2024-25_GSW_042,2025-01-04,GSW,PHI,False,False,16.4,6,3,1,0,1,1,2,1,0,True
SYN0009,Synthetic Player 009,2024-25,2024-25_GSW_043,2025-01-06,GSW,PHX,True,False,22.9,11,8,3,1,1,1,2,1,0,True
SYN0009,Synthetic Player 009,2024-25,2024-25_GSW_044,2025-01-07,GSW,POR,False,False,22.5,12,7,1,1,1,1,2,3,0,True
SYN0009,Synthetic Player 009,2024-25,2024-25_GSW_045,2025-01-08,GSW,SAC,True,False,13.6,6,3,1,0,1,1,1,1,0,True
SYN0009,Synthetic Player 009,2024-25,2024-25_GSW_052,2025-01-17,GSW,BKN,False,False,18.7,9,4,1,0,1,1,2,1,0,True
SYN0009,Synthetic Player 009,2024-25,2024-25_GSW_053,2025-01-19,GSW,CHA,True,True,30.3,10,7,2,0,2,2,2,2,0,True
SYN0009,Synthetic Player 009,2024-25,2024-25_GSW_054,2025-01-20,GSW,CHI,False,False,20.3,7,5,2,0,2,1,2,1,0,True
SYN0009,Synthetic Player 009,2024-25,2024-25_GSW_055,2025-01-22,GSW,CLE,True,False,15.9,5,4,1,0,1,1,2,1,0,True
SYN0009,Synthetic Player 009,2024-25,2024-25_GSW_057,2025-01-27,GSW,DEN,True,False,17.9,7,5,2,0,2,1,1,2,0,True
SYN0009,Synthetic Player 009,2024-25,2024-25_GSW_059,2025-01-30,GSW,GSW,True,True,28.3,13,6,1,0,1,1,2,2,1,True
SYN0009,Synthetic Player 009,2024-25,2024-25_GSW_060,2025-01-31,GSW,HOU,False,True,26.2,11,7,3,1,1,1,2,2,0,True
SYN0009,Synthetic Player 009,2024-25,2024-25_GSW_061,2025-02-03,GSW,IND,True,True,30.7,17,8,2,1,3,2,2,3,0,True
SYN0009,Synthetic Player 009,2024-25,2024-25_GSW_062,2025-02-05,GSW,LAC,False,False,21.7,5,9,1,1,1,1,2,1,0,True
SYN0009,Synthetic Player 009,2024-25,2024-25_GSW_063,2025-02-07,GSW,LAL,True,False,13.4,9,3,1,0,0,1,1,1,0,True
SYN0009,Synthetic Player 009,2024-25,2024-25_GSW_064,2025-02-09,GSW,MEM,False,False,23.2,17,6,1,1,0,1,2,4,0,True
SYN0009,Synthetic Player 009,2024-25,2024-25_GSW_065,2025-02-10,GSW,MIA,True,False,19.9,5,4,1,0,1,1,2,1,0,True
SYN0009,Synthetic Player 009,2024-25,2024-25_GSW_066,2025-02-12,GSW,MIL,False,False,16.6,7,5,1,0,1,1,1,1,0,True
SYN0009,Synthetic Player 009,2024-25,2024-25_GSW_068,2025-02-15,GSW,NOP,False,True,27.2,22,5,1,0,2,1,2,2,1,True
SYN0009,Synthetic Player 009,2024-25,2024-25_GSW_073,2025-02-25,GSW,PHX,True,False,20.8,7,7,2,1,2,1,2,1,0,True
SYN0009,Synthetic Player 009,2024-25,2024-25_GSW_074,2025-02-28,GSW,POR,False,False,22.2,8,3,2,1,1,1,2,1,0,True
SYN0009,Synthetic Player 009,2024-25,2024-25_GSW_075,2025-03-01,GSW,SAC,True,False,20.9,4,5,1,0,0,1,2,0,0,True
SYN0009,Synthetic Player 009,2024-25,2024-25_GSW_076,2025-03-03,GSW,SAS,False,False,19.8,4,4,2,0,1,1,1,1,0,True
SYN0009,Synthetic Player 009,2024-25,2024-25_GSW_077,2025-03-05,GSW,TOR,True,True,24.6,10,4,2,0,1,2,3,2,0,True
SYN0009,Synthetic Player 009,2024-25,2024-25_GSW_078,2025-03-06,GSW,UTA,False,True,24.8,13,5,1,0,1,1,2,1,0,True
SYN0009,Synthetic Player 009,2024-25,2024-25_GSW_079,2025-03-08,GSW,WAS,True,False,21.2,7,3,1,0,1,2,2,1,0,True
SYN0009,Synthetic Player 009,2024-25,2024-25_GSW_081,2025-03-13,GSW,BOS,True,False,22.3,7,6,2,0,1,2,2,1,0,True
SYN0010,Synthetic Player 010,2024-25,2024-25_HOU_000,2024-10-22,HOU,IND,False,False,20.1,10,3,3,1,0,2,1,1,1,True
SYN0010,Synthetic Player 010,2024-25,2024-25_HOU_001,2024-10-24,HOU,LAC,True,True,27.4,18,3,6,2,0,2,1,3,1,True
SYN0010,Synthetic Player 010,2024-25,2024-25_HOU_008,2024-11-07,HOU,NYK,False,False,24.0,11,2,4,1,0,2,1,2,2,True
SYN0010,Synthetic Player 010,2024-25,2024-25_HOU_009,2024-11-10,HOU,OKC,True,True,33.5,19,5,8,1,0,3,2,3,1,True
SYN0010,Synthetic Player 010,2024-25,2024-25_HOU_010,2024-11-13,HOU,ORL,False,True,31.3,12,3,11,1,0,2,2,2,2,True
SYN0010,Synthetic Player 010,2024-25,2024-25_HOU_023,2024-12-05,HOU,CHI,True,True,30.1,37,4,3,2,0,2,2,6,5,True
SYN0010,Synthetic Player 010,2024-25,2024-25_HOU_024,2024-12-06,HOU,CLE,False,True,27.4,19,3,6,1,0,2,2,4,3,True
SYN0010,Synthetic Player 010,2024-25,2024-25_HOU_025,2024-12-07,HOU,DAL,True,True,25.5,9,3,5,1,0,3,1,2,1,True
SYN0010,Synthetic Player 010,2024-25,2024-25_HOU_026,2024-12-09,HOU,DEN,False,True,33.9,15,6,6,1,0,3,2,2,2,True
SYN0010,Synthetic Player 010,2024-25,2024-25_HOU_027,2024-12-10,HOU,DET,True,True,29.9,26,4,4,1,0,2,2,4,4,True
SYN0010,Synthetic Player 010,2024-25,2024-25_HOU_028,2024-12-11,HOU,GSW,False,False,22.1,13,2,4,0,0,1,1,2,2,True
SYN0010,Synthetic Player 010,2024-25,2024-25_HOU_029,2024-12-12,HOU,HOU,True,False,19.6,13,3,2,1,0,2,1,2,2,True
SYN0010,Synthetic Player 010,2024-25,2024-25_HOU_030,2024-12-15,HOU,IND,False,True,28.5,18,5,3,2,0,3,2,4,2,True
SYN0010,Synthetic Player 010,2024-25,2024-25_HOU_031,2024-12-17,HOU,LAC,True,True,28.5,12,3,7,1,0,2,2,3,1,True
SYN0010,Synthetic Player 010,2024-25,2024-25_HOU_032,2024-12-19,HOU,LAL,False,True,35.4,13,3,4,2,0,3,2,1,2,True
SYN0010,Synthetic Player 010,2024-25,2024-25_HOU_033,2024-12-21,HOU,MEM,True,True,26.9,18,6,4,1,0,2,2,4,1,True
SYN0010,Synthetic Player 010,2024-25,2024-25_HOU_034,2024-12-22,HOU,MIA,False,True,31.5,11,6,7,1,0,2,2,1,1,True
SYN0010,Synthetic Player 010,2024-25,2024-25_HOU_035,2024-12-24,HOU,MIL,True,True,25.9,14,2,6,1,0,2,2,2,1,True
SYN0010,Synthetic Player 010,2024-25,2024-25_HOU_036,2024-12-26,HOU,MIN,False,False,21.4,8,4,4,0,0,2,1,1,1,True
SYN0010,Synthetic Player 010,2024-25,2024-25_HOU_037,2024-12-28,HOU,NOP,True,True,27.1,12,3,5,1,0,2,1,2,1,True
SYN0010,Synthetic Player 010,2024-25,2024-25_HOU_038,2024-12-30,HOU,NYK,False,True,26.2,7,2,4,1,0,2,1,1,0,True
SYN0010,Synthetic Player 010,2024-25,2024-25_HOU_065,2025-02-14,HOU,MIL,True,False,23.9,6,3,7,1,0,2,1,1,1,True
SYN0010,Synthetic Player 010,2024-25,2024-25_HOU_067,2025-02-19,HOU,NOP,True,True,27.2,15,2,4,1,0,2,1,3,2,True
SYN0010,Synthetic Player 010,2024-25,2024-25_HOU_068,2025-02-22,HOU,NYK,False,True,29.2,7,6,8,1,0,2,2,2,0,True
SYN0010,Synthetic Player 010,2024-25,2024-25_HOU_069,2025-02-24,HOU,OKC,True,True,29.4,6,2,7,0,0,2,2,1,1,True
SYN0010,Synthetic Player 010,2024-25,2024-25_HOU_073,2025-03-05,HOU,POR,True,True,29.3,5,3,8,2,0,2,2,1,1,True
SYN0010,Synthetic Player 010,2024-25,2024-25_HOU_074,2025-03-07,HOU,SAC,False,True,29.5,16,3,7,1,0,2,2,3,2,True
SYN0010,Synthetic Player 010,2024-25,2024-25_HOU_075,2025-03-10,HOU,SAS,True,True,33.0,14,3,8,1,0,2,2,2,1,True
SYN0010,Synthetic Player 010,2024-25,2024-25_HOU_076,2025-03-13,HOU,TOR,False,True,39.9,14,6,9,1,0,4,3,2,1,True
SYN0010,Synthetic Player 010,2024-25,2024-25_HOU_077,2025-03-14,HOU,UTA,True,True,25.8,25,3,6,1,0,2,1,5,2,True
SYN0010,Synthetic Player 010,2024-25,2024-25_HOU_078,2025-03-16,HOU,WAS,False,True,24.8,13,2,7,1,0,2,1,2,1,True
SYN0010,Synthetic Player 010,2024-25,2024-25_HOU_079,2025-03-18,HOU,ATL,True,True,26.9,7,4,6,1,0,1,2,1,0,True
SYN0011,Synthetic Player 011,2024-25,2024-25_IND_000,2024-10-23,IND,LAC,False,False,11.3,11,2,2,0,0,1,1,1,2,True
SYN0011,Synthetic Player 011,2024-25,2024-25_IND_001,2024-10-25,IND,LAL,True,False,19.1,18,3,3,1,0,1,1,1,1,True
SYN0011,Synthetic Player 011,2024-25,2024-25_IND_002,2024-10-26,IND,MEM,False,False,23.3,20,2,2,1,0,1,2,4,3,True
SYN0011,Synthetic Player 011,2024-25,2024-25_IND_003,2024-10-29,IND,MIA,True,True,29.0,12,5,4,1,0,2,2,2,2,True
SYN0011,Synthetic Player 011,2024-25,2024-25_IND_004,2024-10-31,IND,MIL,False,True,30.2,24,4,2,1,0,2,1,4,3,True
SYN0011,Synthetic Player 011,2024-25,2024-25_IND_005,2024-11-03,IND,MIN,True,False,17.0,7,2,3,1,0,1,1,1,1,True
SYN0011,Synthetic Player 011,2024-25,2024-25_IND_006,2024-11-04,IND,NOP,False,True,25.3,15,3,3,1,0,2,1,3,2,True
SYN0011,Synthetic Player 011,2024-25,2024-25_IND_007,2024-11-05,IND,NYK,True,False,22.8,15,3,1,0,0,2,2,4,2,True
SYN0011,Synthetic Player 011,2024-25,2024-25_IND_009,2024-11-08,IND,ORL,True,True,26.8,16,5,4,0,0,2,1,3,3,True
SYN0011,Synthetic Player 011,2024-25,2024-25_IND_011,2024-11-12,IND,PHX,True,False,20.2,10,3,2,1,0,1,1,2,1,True
SYN0011,Synthetic Player 011,2024-25,2024-25_IND_012,2024-11-15,IND,POR,False,True,30.0,21,6,4,1,0,1,2,4,3,True
SYN0011,Synthetic Player 011,2024-25,2024-25_IND_013,2024-11-18,IND,SAC,True,True,26.8,15,2,4,1,0,2,2,2,1,True
SYN0011,Synthetic Player 011,2024-25,2024-25_IND_014,2024-11-20,IND,SAS,False,False,22.6,11,3,3,1,0,2,1,2,2,True
SYN0011,Synthetic Player 011,2024-25,2024-25_IND_017,2024-11-25,IND,WAS,True,False,11.9,6,2,1,0,0,1,1,1,1,True
SYN0011,Synthetic Player 011,2024-25,2024-25_IND_019,2024-11-29,IND,BOS,True,True,25.0,24,4,4,1,0,2,1,2,3,True
SYN0011,Synthetic Player 011,2024-25,2024-25_IND_020,2024-12-02,IND,BKN,False,False,19.1,5,4,2,0,0,1,1,1,1,True
SYN0011,Synthetic Player 011,2024-25,2024-25_IND_021,2024-12-03,IND,CHA,True,False,22.0,8,3,5,1,0,2,1,2,1,True
SYN0011,Synthetic Player 011,2024-25,2024-25_IND_034,2025-01-01,IND,MIL,False,False,17.6,23,3,3,1,0,1,1,4,4,True
SYN0011,Synthetic Player 011,2024-25,2024-25_IND_035,2025-01-04,IND,MIN,True,False,17.1,11,3,2,1,0,1,1,1,1,True
SYN0011,Synthetic Player 011,2024-25,2024-25_IND_036,2025-01-06,IND,NOP,False,True,28.0,9,3,7,0,0,2,1,2,1,True
SYN0011,Synthetic Player 011,2024-25,2024-25_IND_037,2025-01-08,IND,NYK,True,True,26.1,15,4,2,1,0,1,2,5,2,True
SYN0011,Synthetic Player 011,2024-25,2024-25_IND_040,2025-01-14,IND,PHI,False,True,24.6,33,3,5,1,0,1,2,4,3,True
SYN0011,Synthetic Player 011,2024-25,2024-25_IND_056,2025-02-07,IND,DET,False,True,30.1,18,6,11,2,0,3,1,1,1,True
SYN0011,Synthetic Player 011,2024-25,2024-25_IND_057,2025-02-09,IND,GSW,True,False,22.6,12,3,1,0,0,2,2,2,1,True
SYN0011,Synthetic Player 011,2024-25,2024-25_IND_058,2025-02-10,IND,HOU,False,True,25.7,32,3,3,1,0,2,1,5,4,True
SYN0011,Synthetic Player 011,2024-25,2024-25_IND_059,2025-02-12,IND,IND,True,True,31.3,22,4,5,2,1,2,2,8,3,True
SYN0011,Synthetic Player 011,2024-25,2024-25_IND_060,2025-02-13,IND,LAC,False,False,15.5,8,3,1,0,0,1,1,1,1,True
SYN0011,Synthetic Player 011,2024-25,2024-25_IND_061,2025-02-14,IND,LAL,True,True,26.3,26,3,6,1,0,2,1,4,3,True
SYN0011,Synthetic Player 011,2024-25,2024-25_IND_069,2025-03-02,IND,ORL,True,True,25.5,38,3,3,1,0,2,2,5,3,True
SYN0011,Synthetic Player 011,2024-25,2024-25_IND_070,2025-03-04,IND,PHI,False,False,21.9,19,6,3,0,0,2,1,3,3,True
SYN0011,Synthetic Player 011,2024-25,2024-25_IND_072,2025-03-08,IND,POR,False,True,28.2,26,3,5,1,0,2,1,4,4,True
SYN0011,Synthetic Player 011,2024-25,2024-25_IND_073,2025-03-10,IND,SAC,True,True,26.7,21,4,2,1,0,2,1,5,4,True
SYN0011,Synthetic Player 011,2024-25,2024-25_IND_074,2025-03-12,IND,SAS,False,True,24.4,13,3,2,1,0,2,2,2,2,True
SYN0011,Synthetic Player 011,2024-25,2024-25_IND_075,2025-03-14,IND,TOR,True,True,26.5,33,3,2,1,0,1,2,4,6,True
SYN0011,Synthetic Player 011,2024-25,2024-25_IND_077,2025-03-17,IND,WAS,True,False,21.5,10,2,9,1,0,1,1,2,1,True
SYN0011,Synthetic Player 011,2024-25,2024-25_IND_080,2025-03-22,IND,BKN,False,False,12.7,16,2,1,0,0,1,1,2,3,True
SYN0011,Synthetic Player 011,2024-25,2024-25_IND_081,2025-03-23,IND,CHA,True,True,25.4,11,3,4,1,1,2,1,1,2,True
SYN0012,Synthetic Player 012,2024-25,2024-25_LAC_000,2024-10-21,LAC,LAL,False,True,26.2,16,5,3,1,1,2,2,2,1,True
SYN0012,Synthetic Player 012,2024-25,2024-25_LAC_001,2024-10-24,LAC,MEM,True,True,27.8,16,6,4,1,0,1,2,2,2,True
SYN0012,Synthetic Player 012,2024-25,2024-25_LAC_002,2024-10-26,LAC,MIA,False,False,20.8,12,3,2,1,1,2,1,3,2,True
SYN0012,Synthetic Player 012,2024-25,2024-25_LAC_003,2024-10-28,LAC,MIL,True,False,20.0,9,3,3,1,0,1,1,1,1,True
SYN0012,Synthetic Player 012,2024-25,2024-25_LAC_004,2024-10-30,LAC,MIN,False,False,23.0,15,3,3,1,0,1,2,3,2,True
SYN0012,Synthetic Player 012,2024-25,2024-25_LAC_005,2024-11-02,LAC,NOP,True,True,27.3,15,6,4,1,0,2,2,1,2,True
SYN0012,Synthetic Player 012,2024-25,2024-25_LAC_018,2024-11-23,LAC,BOS,False,False,22.1,12,4,3,1,0,2,2,1,1,True
SYN0012,Synthetic Player 012,2024-25,2024-25_LAC_019,2024-11-25,LAC,BKN,True,True,24.2,16,3,4,1,0,1,2,3,2,True
SYN0012,Synthetic Player 012,2024-25,2024-25_LAC_020,2024-11-28,LAC,CHA,False,True,30.1,26,6,4,1,0,2,2,3,3,True
SYN0012,Synthetic Player 012,2024-25,2024-25_LAC_021,2024-11-30,LAC,CHI,True,True,29.7,21,5,4,1,0,2,2,3,2,True
SYN0012,Synthetic Player 012,2024-25,2024-25_LAC_022,2024-12-02,LAC,CLE,False,True,28.2,13,6,4,1,0,2,2,2,1,True
SYN0012,Synthetic Player 012,2024-25,2024-25_LAC_023,2024-12-04,LAC,DAL,True,False,23.9,14,4,3,1,0,2,2,2,1,True
SYN0012,Synthetic Player 012,2024-25,2024-25_LAC_024,2024-12-05,LAC,DEN,False,False,18.7,13,3,3,1,0,1,1,1,1,True
SYN0012,Synthetic Player 012,2024-25,2024-25_LAC_025,2024-12-06,LAC,DET,True,False,17.5,8,2,2,1,0,1,1,1,1,True
SYN0012,Synthetic Player 012,2024-25,2024-25_LAC_026,2024-12-08,LAC,GSW,False,True,24.0,15,3,4,1,0,1,1,3,2,True
SYN0012,Synthetic Player 012,2024-25,2024-25_LAC_027,2024-12-10,LAC,HOU,True,True,28.3,15,6,4,1,0,2,2,2,2,True
SYN0012,Synthetic Player 012,2024-25,2024-25_LAC_028,2024-12-13,LAC,IND,False,False,21.1,16,3,3,1,0,2,1,2,2,True
SYN0012,Synthetic Player 012,2024-25,2024-25_LAC_029,2024-12-15,LAC,LAC,True,False,16.8,7,3,2,1,0,1,1,1,1,True
SYN0012,Synthetic Player 012,2024-25,2024-25_LAC_030,2024-12-16,LAC,LAL,False,True,28.8,16,4,4,1,0,2,2,3,2,True
SYN0012,Synthetic Player 012,2024-25,2024-25_LAC_031,2024-12-17,LAC,MEM,True,False,21.8,14,3,2,1,0,1,1,2,2,True
SYN0012,Synthetic Player 012,2024-25,2024-25_LAC_035,2024-12-26,LAC,NOP,True,False,22.5,13,6,3,1,1,2,2,2,2,True
SYN0012,Synthetic Player 012,2024-25,2024-25_LAC_036,2024-12-28,LAC,NYK,False,False,23.6,10,4,3,1,0,2,1,2,1,True
SYN0012,Synthetic Player 012,2024-25,2024-25_LAC_037,2024-12-30,LAC,OKC,True,False,20.5,11,3,4,1,0,1,1,1,1,True
SYN0012,Synthetic Player 012,2024-25,2024-25_LAC_038,2024-12-31,LAC,ORL,False,False,22.6,17,3,3,1,0,1,2,2,2,True
SYN0012,Synthetic Player 012,2024-25,2024-25_LAC_039,2025-01-03,LAC,PHI,True,False,24.0,13,5,4,1,0,2,2,2,2,True
SYN0012,Synthetic Player 012,2024-25,2024-25_LAC_040,2025-01-05,LAC,PHX,False,True,28.8,16,5,5,1,0,2,2,2,2,True
SYN0012,Synthetic Player 012,2024-25,2024-25_LAC_041,2025-01-07,LAC,POR,True,True,31.2,24,6,4,1,0,2,2,5,4,True
SYN0012,Synthetic Player 012,2024-25,2024-25_LAC_042,2025-01-09,LAC,SAC,False,False,19.7,11,4,2,1,0,1,1,1,1,True
SYN0012,Synthetic Player 012,2024-25,2024-25_LAC_043,2025-01-11,LAC,SAS,True,False,17.9,10,3,2,1,0,1,1,2,1,True
SYN0012,Synthetic Player 012,2024-25,2024-25_LAC_058,2025-02-08,LAC,IND,False,True,24.8,9,4,3,1,0,1,2,2,1,True
SYN0012,Synthetic Player 012,2024-25,2024-25_LAC_059,2025-02-09,LAC,LAC,True,False,14.2,8,3,2,0,0,1,1,1,1,True
SYN0012,Synthetic Player 012,2024-25,2024-25_LAC_060,2025-02-10,LAC,LAL,False,True,29.9,16,5,3,1,1,2,2,3,1,True
SYN0012,Synthetic Player 012,2024-25,2024-25_LAC_061,2025-02-11,LAC,MEM,True,True,24.3,14,4,3,1,0,1,2,3,2,True
SYN0012,Synthetic Player 012,2024-25,2024-25_LAC_062,2025-02-12,LAC,MIA,False,False,23.6,19,5,4,1,0,1,2,3,2,True
SYN0012,Synthetic Player 012,2024-25,2024-25_LAC_063,2025-02-13,LAC,MIL,True,True,31.8,15,6,6,1,0,2,2,2,2,True
SYN0012,Synthetic Player 012,2024-25,2024-25_LAC_064,2025-02-16,LAC,MIN,False,True,27.6,19,4,4,1,1,1,2,3,3,True
SYN0012,Synthetic Player 012,2024-25,2024-25_LAC_065,2025-02-18,LAC,NOP,True,True,30.6,17,5,4,1,1,2,2,2,3,True
SYN0012,Synthetic Player 012,2024-25,2024-25_LAC_066,2025-02-20,LAC,NYK,False,True,26.3,21,5,4,1,1,1,2,3,3,True
SYN0012,Synthetic Player 012,2024-25,2024-25_LAC_067,2025-02-22,LAC,OKC,True,False,18.1,10,3,2,0,0,1,1,1,1,True
SYN0012,Synthetic Player 012,2024-25,2024-25_LAC_074,2025-03-07,LAC,TOR,False,True,25.6,13,5,4,1,1,2,2,2,2,True
SYN0012,Synthetic Player 012,2024-25,2024-25_LAC_075,2025-03-09,LAC,UTA,True,True,26.9,21,4,4,1,1,1,2,3,2,True
SYN0012,Synthetic Player 012,2024-25,2024-25_LAC_076,2025-03-11,LAC,WAS,False,False,23.9,21,4,4,1,0,2,2,2,2,True
SYN0012,Synthetic Player 012,2024-25,2024-25_LAC_077,2025-03-13,LAC,ATL,True,False,18.7,13,4,2,1,0,1,1,1,1,True
SYN0012,Synthetic Player 012,2024-25,2024-25_LAC_078,2025-03-14,LAC,BOS,False,False,17.9,11,4,3,0,0,1,1,2,1,True
SYN0012,Synthetic Player 012,2024-25,2024-25_LAC_079,2025-03-15,LAC,BKN,True,False,12.5,7,2,2,0,0,1,1,1,1,True
SYN0012,Synthetic Player 012,2024-25,2024-25_LAC_080,2025-03-16,LAC,CHA,False,True,30.1,13,5,5,1,0,2,2,2,2,True
SYN0012,Synthetic Player 012,2024-25,2024-25_LAC_081,2025-03-18,LAC,CHI,True,True,28.4,19,4,5,1,0,2,2,3,1,True
SYN0013,Synthetic Player 013,2024-25,2024-25_LAL_000,2024-10-22,LAL,MEM,False,True,27.9,16,9,2,1,1,2,2,2,1,True
SYN0013,Synthetic Player 013,2024-25,2024-25_LAL_001,2024-10-24,LAL,MIA,True,True,35.1,13,6,3,1,1,2,2,2,1,True
SYN0013,Synthetic Player 013,2024-25,2024-25_LAL_002,2024-10-26,LAL,MIL,False,True,24.1,10,4,2,1,0,1,2,2,1,True
SYN0013,Synthetic Player 013,2024-25,2024-25_LAL_003,2024-10-28,LAL,MIN,True,True,29.5,10,6,3,1,1,2,2,1,1,True
SYN0013,Synthetic Player 013,2024-25,2024-25_LAL_004,2024-10-29,LAL,NOP,False,True,28.3,14,4,3,1,1,2,2,2,1,True
SYN0013,Synthetic Player 013,2024-25,2024-25_LAL_005,2024-10-31,LAL,NYK,True,True,31.8,14,6,4,0,1,1,2,2,1,True
SYN0013,Synthetic Player 013,2024-25,2024-25_LAL_006,2024-11-01,LAL,OKC,False,True,41.5,17,9,5,1,1,2,3,2,1,True
SYN0013,Synthetic Player 013,2024-25,2024-25_LAL_007,2024-11-02,LAL,ORL,True,True,38.8,14,7,4,1,1,2,3,2,1,True
SYN0013,Synthetic Player 013,2024-25,2024-25_LAL_008,2024-11-04,LAL,PHI,False,True,34.2,11,7,4,1,1,2,2,3,1,True
SYN0013,Synthetic Player 013,2024-25,2024-25_LAL_009,2024-11-06,LAL,PHX,True,False,21.1,14,4,1,1,0,1,1,2,1,True
SYN0013,Synthetic Player 013,2024-25,2024-25_LAL_010,2024-11-08,LAL,POR,False,True,33.6,19,10,4,1,1,2,2,3,2,True
SYN0013,Synthetic Player 013,2024-25,2024-25_LAL_011,2024-11-11,LAL,SAC,True,True,28.7,12,9,2,1,1,1,2,1,0,True
SYN0013,Synthetic Player 013,2024-25,2024-25_LAL_012,2024-11-14,LAL,SAS,False,True,28.3,18,6,3,1,1,2,2,3,2,True
SYN0013,Synthetic Player 013,2024-25,2024-25_LAL_013,2024-11-16,LAL,TOR,True,True,40.9,10,8,4,1,1,2,2,2,1,True
SYN0013,Synthetic Player 013,2024-25,2024-25_LAL_014,2024-11-18,LAL,UTA,False,True,32.1,13,7,4,1,1,2,3,3,1,True
SYN0013,Synthetic Player 013,2024-25,2024-25_LAL_015,2024-11-20,LAL,WAS,True,True,33.1,11,6,4,1,1,2,3,2,1,True
SYN0013,Synthetic Player 013,2024-25,2024-25_LAL_023,2024-12-05,LAL,DEN,True,True,33.1,14,7,4,1,2,1,2,3,1,True
SYN0013,Synthetic Player 013,2024-25,2024-25_LAL_027,2024-12-11,LAL,IND,True,True,30.5,13,6,2,1,1,1,3,2,1,True
SYN0013,Synthetic Player 013,2024-25,2024-25_LAL_028,2024-12-13,LAL,LAC,False,True,27.4,11,4,5,1,1,2,2,2,1,True
SYN0013,Synthetic Player 013,2024-25,2024-25_LAL_029,2024-12-15,LAL,LAL,True,True,30.1,9,4,3,1,2,2,2,2,1,True
SYN0013,Synthetic Player 013,2024-25,2024-25_LAL_030,2024-12-18,LAL,MEM,False,True,31.2,11,6,4,1,1,2,2,1,1,True
SYN0013,Synthetic Player 013,2024-25,2024-25_LAL_031,2024-12-20,LAL,MIA,True,True,31.8,15,8,3,1,1,2,3,3,1,True
SYN0013,Synthetic Player 013,2024-25,2024-25_LAL_032,2024-12-21,LAL,MIL,False,True,35.7,22,7,4,1,1,1,3,5,2,True
SYN0013,Synthetic Player 013,2024-25,2024-25_LAL_033,2024-12-22,LAL,MIN,True,True,32.4,10,6,3,1,1,1,3,1,1,True
SYN0013,Synthetic Player 013,2024-25,2024-25_LAL_034,2024-12-24,LAL,NOP,False,True,35.4,12,7,4,1,1,2,3,2,1,True
SYN0013,Synthetic Player 013,2024-25,2024-25_LAL_035,2024-12-26,LAL,NYK,True,True,28.9,12,6,4,1,1,1,2,1,1,True
SYN0013,Synthetic Player 013,2024-25,2024-25_LAL_036,2024-12-27,LAL,OKC,False,True,26.5,11,5,3,1,1,2,2,2,1,True
SYN0013,Synthetic Player 013,2024-25,2024-25_LAL_037,2024-12-29,LAL,ORL,True,True,31.3,14,4,3,1,1,1,2,3,1,True
SYN0013,Synthetic Player 013,2024-25,2024-25_LAL_038,2024-12-31,LAL,PHI,False,True,26.6,14,5,3,0,1,1,2,2,1,True
SYN0013,Synthetic Player 013,2024-25,2024-25_LAL_039,2025-01-01,LAL,PHX,True,True,32.2,18,7,3,1,1,1,2,4,1,True
SYN0013,Synthetic Player 013,2024-25,2024-25_LAL_040,2025-01-04,LAL,POR,False,True,30.3,17,7,3,1,1,1,2,4,1,True
SYN0013,Synthetic Player 013,2024-25,2024-25_LAL_041,2025-01-06,LAL,SAC,True,True,27.8,11,4,3,2,1,1,2,1,1,True
SYN0013,Synthetic Player 013,2024-25,2024-25_LAL_042,2025-01-08,LAL,SAS,False,True,29.6,8,5,2,0,1,1,2,1,1,True
SYN0013,Synthetic Player 013,2024-25,2024-25_LAL_049,2025-01-19,LAL,CHA,True,True,31.1,9,6,4,0,1,2,2,1,0,True
SYN0013,Synthetic Player 013,2024-25,2024-25_LAL_050,2025-01-20,LAL,CHI,False,True,33.7,7,6,4,2,1,2,2,1,1,True
SYN0013,Synthetic Player 013,2024-25,2024-25_LAL_051,2025-01-22,LAL,CLE,True,True,31.5,17,4,4,1,1,2,3,3,2,True
SYN0013,Synthetic Player 013,2024-25,2024-25_LAL_052,2025-01-24,LAL,DAL,False,True,33.1,14,6,3,1,1,2,2,2,1,True
SYN0013,Synthetic Player 013,2024-25,2024-25_LAL_053,2025-01-26,LAL,DEN,True,True,37.7,20,10,4,1,1,2,2,2,2,True
SYN0013,Synthetic Player 013,2024-25,2024-25_LAL_054,2025-01-27,LAL,DET,False,True,34.3,20,7,4,1,1,2,3,3,1,True
SYN0013,Synthetic Player 013,2024-25,2024-25_LAL_055,2025-01-28,LAL,GSW,True,True,28.7,8,5,3,1,0,1,2,2,0,True
SYN0013,Synthetic Player 013,2024-25,2024-25_LAL_056,2025-01-30,LAL,HOU,False,True,27.9,9,5,3,1,1,1,2,2,1,True
SYN0013,Synthetic Player 013,2024-25,2024-25_LAL_057,2025-01-31,LAL,IND,True,True,28.5,8,6,4,1,1,1,2,1,0,True
SYN0013,Synthetic Player 013,2024-25,2024-25_LAL_058,2025-02-01,LAL,LAC,False,True,27.9,16,5,2,1,1,1,2,1,1,True
SYN0013,Synthetic Player 013,2024-25,2024-25_LAL_059,2025-02-03,LAL,LAL,True,True,35.9,14,9,3,1,2,2,2,2,1,True
SYN0013,Synthetic Player 013,2024-25,2024-25_LAL_060,2025-02-05,LAL,MEM,False,True,30.6,20,5,3,1,0,1,3,3,1,True
SYN0013,Synthetic Player 013,2024-25,2024-25_LAL_061,2025-02-07,LAL,MIA,True,True,30.4,17,7,3,1,1,1,2,3,1,True
SYN0013,Synthetic Player 013,2024-25,2024-25_LAL_062,2025-02-09,LAL,MIL,False,True,37.7,20,8,5,1,1,2,4,2,2,True
SYN0013,Synthetic Player 013,2024-25,2024-25_LAL_063,2025-02-11,LAL,MIN,True,True,33.4,16,5,3,0,1,2,3,2,1,True
SYN0013,Synthetic Player 013,2024-25,2024-25_LAL_064,2025-02-13,LAL,NOP,False,True,32.8,15,8,2,1,1,1,2,2,1,True
SYN0013,Synthetic Player 013,2024-25,2024-25_LAL_065,2025-02-15,LAL,NYK,True,True,26.2,10,6,2,1,1,1,2,1,1,True
SYN0013,Synthetic Player 013,2024-25,2024-25_LAL_066,2025-02-17,LAL,OKC,False,True,29.3,9,5,3,1,1,2,2,1,1,True
SYN0013,Synthetic Player 013,2024-25,2024-25_LAL_067,2025-02-18,LAL,ORL,True,True,42.0,16,6,5,2,2,2,3,2,1,True
SYN0013,Synthetic Player 013,2024-25,2024-25_LAL_068,2025-02-20,LAL,PHI,False,True,32.6,16,7,4,1,2,1,2,2,2,True
SYN0013,Synthetic Player 013,2024-25,2024-25_LAL_069,2025-02-21,LAL,PHX,True,True,24.2,8,5,3,1,1,1,2,1,1,True
SYN0013,Synthetic Player 013,2024-25,2024-25_LAL_070,2025-02-22,LAL,POR,False,True,30.2,10,6,3,1,1,2,2,2,1,True
SYN0013,Synthetic Player 013,2024-25,2024-25_LAL_071,2025-02-24,LAL,SAC,True,True,29.6,9,9,4,1,1,2,3,2,1,True
SYN0013,Synthetic Player 013,2024-25,2024-25_LAL_072,2025-02-25,LAL,SAS,False,True,24.7,7,5,2,1,1,2,1,1,1,True
SYN0013,Synthetic Player 013,2024-25,2024-25_LAL_073,2025-02-26,LAL,TOR,True,True,30.6,17,6,2,1,1,1,2,2,2,True
SYN0013,Synthetic Player 013,2024-25,2024-25_LAL_074,2025-02-27,LAL,UTA,False,True,33.9,25,8,4,1,1,2,3,2,2,True
SYN0013,Synthetic Player 013,2024-25,2024-25_LAL_075,2025-03-01,LAL,WAS,True,True,32.3,18,6,4,1,0,2,2,3,1,True
SYN0013,Synthetic Player 013,2024-25,2024-25_LAL_076,2025-03-03,LAL,ATL,False,True,27.4,17,4,3,1,1,1,2,2,1,True
SYN0013,Synthetic Player 013,2024-25,2024-25_LAL_077,2025-03-05,LAL,BOS,True,False,22.2,9,3,2,1,1,1,1,2,1,True
SYN0013,Synthetic Player 013,2024-25,2024-25_LAL_078,2025-03-08,LAL,BKN,False,True,31.5,16,6,4,1,1,1,3,3,1,True
SYN0013,Synthetic Player 013,2024-25,2024-25_LAL_079,2025-03-10,LAL,CHA,True,True,33.8,14,8,2,1,1,2,3,2,1,True
SYN0013,Synthetic Player 013,2024-25,2024-25_LAL_080,2025-03-12,LAL,CHI,False,True,28.0,7,8,3,1,1,2,2,1,0,True
SYN0013,Synthetic Player 013,2024-25,2024-25_LAL_081,2025-03-14,LAL,CLE,True,True,29.0,12,5,2,1,1,1,2,2,1,True
SYN0014,Synthetic Player 014,2024-25,2024-25_MEM_000,2024-10-23,MEM,MIA,False,True,38.5,15,15,4,1,1,2,3,2,0,True
SYN0014,Synthetic Player 014,2024-25,2024-25_MEM_001,2024-10-25,MEM,MIL,True,True,26.8,31,11,3,0,1,2,2,4,1,True
SYN0014,Synthetic Player 014,2024-25,2024-25_MEM_002,2024-10-28,MEM,MIN,False,True,34.2,19,17,2,1,2,1,2,3,0,True
SYN0014,Synthetic Player 014,2024-25,2024-25_MEM_003,2024-10-29,MEM,NOP,True,True,39.2,37,12,4,0,1,2,3,6,0,True
SYN0014,Synthetic Player 014,2024-25,2024-25_MEM_004,2024-10-31,MEM,NYK,False,True,28.8,13,10,3,1,2,2,2,2,0,True
SYN0014,Synthetic Player 014,2024-25,2024-25_MEM_005,2024-11-02,MEM,OKC,True,True,36.7,24,12,3,2,2,3,3,3,1,True
SYN0014,Synthetic Player 014,2024-25,2024-25_MEM_006,2024-11-04,MEM,ORL,False,True,24.1,10,11,4,0,1,1,2,1,0,True
SYN0014,Synthetic Player 014,2024-25,2024-25_MEM_007,2024-11-06,MEM,PHI,True,True,33.0,23,11,5,1,3,2,3,3,1,True
SYN0014,Synthetic Player 014,2024-25,2024-25_MEM_008,2024-11-07,MEM,PHX,False,False,18.3,8,6,2,1,1,2,1,2,0,True
SYN0014,Synthetic Player 014,2024-25,2024-25_MEM_021,2024-12-02,MEM,DAL,True,True,38.0,21,17,6,1,1,2,4,3,0,True
SYN0014,Synthetic Player 014,2024-25,2024-25_MEM_022,2024-12-03,MEM,DEN,False,True,39.7,20,17,8,1,3,3,3,3,0,True
SYN0014,Synthetic Player 014,2024-25,2024-25_MEM_023,2024-12-05,MEM,DET,True,True,34.7,26,11,3,1,2,2,4,3,1,True
SYN0014,Synthetic Player 014,2024-25,2024-25_MEM_024,2024-12-07,MEM,GSW,False,True,35.6,16,13,5,1,1,2,2,2,1,True
SYN0014,Synthetic Player 014,2024-25,2024-25_MEM_025,2024-12-08,MEM,HOU,True,True,31.7,32,7,4,0,1,2,3,6,1,True
SYN0014,Synthetic Player 014,2024-25,2024-25_MEM_026,2024-12-10,MEM,IND,False,True,35.0,25,12,2,0,2,3,2,4,1,True
SYN0014,Synthetic Player 014,2024-25,2024-25_MEM_027,2024-12-12,MEM,LAC,True,True,28.4,19,12,3,0,1,2,3,3,1,True
SYN0014,Synthetic Player 014,2024-25,2024-25_MEM_028,2024-12-14,MEM,LAL,False,True,33.2,22,11,4,1,2,2,2,3,1,True
SYN0014,Synthetic Player 014,2024-25,2024-25_MEM_035,2024-12-28,MEM,OKC,True,True,28.2,18,8,3,1,2,2,2,2,1,True
SYN0014,Synthetic Player 014,2024-25,2024-25_MEM_036,2024-12-30,MEM,ORL,False,True,27.0,16,11,2,0,1,2,2,4,1,True
SYN0014,Synthetic Player 014,2024-25,2024-25_MEM_037,2024-12-31,MEM,PHI,True,True,29.2,28,10,4,1,1,2,2,6,1,True
SYN0014,Synthetic Player 014,2024-25,2024-25_MEM_038,2025-01-02,MEM,PHX,False,True,29.9,25,8,3,0,2,2,3,3,1,True
SYN0014,Synthetic Player 014,2024-25,2024-25_MEM_039,2025-01-04,MEM,POR,True,True,27.5,11,10,5,1,2,2,2,1,0,True
SYN0014,Synthetic Player 014,2024-25,2024-25_MEM_040,2025-01-06,MEM,SAC,False,True,29.8,14,9,4,1,1,2,2,2,0,True
SYN0014,Synthetic Player 014,2024-25,2024-25_MEM_044,2025-01-14,MEM,WAS,False,True,32.3,15,11,5,1,2,2,3,3,1,True
SYN0014,Synthetic Player 014,2024-25,2024-25_MEM_049,2025-01-24,MEM,CHI,True,True,31.1,22,11,3,1,1,2,2,4,1,True
SYN0014,Synthetic Player 014,2024-25,2024-25_MEM_051,2025-01-28,MEM,DAL,True,True,35.2,19,10,4,1,1,2,2,3,1,True
SYN0014,Synthetic Player 014,2024-25,2024-25_MEM_052,2025-01-29,MEM,DEN,False,True,32.7,18,14,4,1,1,2,2,3,0,True
SYN0014,Synthetic Player 014,2024-25,2024-25_MEM_053,2025-01-31,MEM,DET,True,False,24.0,16,6,2,0,2,2,2,2,1,True
SYN0014,Synthetic Player 014,2024-25,2024-25_MEM_054,2025-02-02,MEM,GSW,False,True,33.4,16,14,5,1,2,2,2,3,1,True
SYN0014,Synthetic Player 014,2024-25,2024-25_MEM_055,2025-02-04,MEM,HOU,True,True,30.5,18,15,4,1,2,3,3,4,1,True
SYN0014,Synthetic Player 014,2024-25,2024-25_MEM_056,2025-02-06,MEM,IND,False,True,34.8,29,10,5,1,2,2,2,5,1,True
SYN0014,Synthetic Player 014,2024-25,2024-25_MEM_057,2025-02-07,MEM,LAC,True,True,40.6,26,15,5,1,1,4,3,4,1,True
SYN0014,Synthetic Player 014,2024-25,2024-25_MEM_058,2025-02-08,MEM,LAL,False,True,25.6,17,11,4,1,1,2,2,2,1,True
SYN0014,Synthetic Player 014,2024-25,2024-25_MEM_059,2025-02-10,MEM,MEM,True,True,31.1,30,12,4,1,1,2,3,6,1,True
SYN0014,Synthetic Player 014,2024-25,2024-25_MEM_060,2025-02-11,MEM,MIA,False,True,29.1,20,11,3,1,2,2,3,3,1,True
SYN0014,Synthetic Player 014,2024-25,2024-25_MEM_061,2025-02-12,MEM,MIL,True,True,32.8,13,16,4,1,1,2,3,2,0,True
SYN0014,Synthetic Player 014,2024-25,2024-25_MEM_062,2025-02-13,MEM,MIN,False,True,34.8,35,17,4,1,1,2,2,6,1,True
SYN0014,Synthetic Player 014,2024-25,2024-25_MEM_063,2025-02-16,MEM,NOP,True,True,27.1,14,12,2,1,1,2,2,2,0,True
SYN0014,Synthetic Player 014,2024-25,2024-25_MEM_064,2025-02-17,MEM,NYK,False,True,28.7,24,8,4,1,3,2,3,3,1,True
SYN0014,Synthetic Player 014,2024-25,2024-25_MEM_065,2025-02-19,MEM,OKC,True,True,24.5,24,7,3,1,1,1,2,4,1,True
SYN0014,Synthetic Player 014,2024-25,2024-25_MEM_066,2025-02-21,MEM,ORL,False,False,22.8,14,7,3,1,1,1,2,2,1,True
SYN0014,Synthetic Player 014,2024-25,2024-25_MEM_067,2025-02-22,MEM,PHI,True,True,36.0,19,13,4,1,2,2,3,3,1,True
SYN0014,Synthetic Player 014,2024-25,2024-25_MEM_069,2025-02-26,MEM,POR,True,True,33.2,19,11,2,1,2,2,3,4,1,True
SYN0014,Synthetic Player 014,2024-25,2024-25_MEM_070,2025-02-28,MEM,SAC,False,True,30.1,21,12,3,1,2,2,2,2,1,True
SYN0014,Synthetic Player 014,2024-25,2024-25_MEM_071,2025-03-02,MEM,SAS,True,False,23.9,12,10,4,1,2,2,2,2,0,True
SYN0014,Synthetic Player 014,2024-25,2024-25_MEM_072,2025-03-05,MEM,TOR,False,True,29.1,17,11,5,1,2,2,2,4,0,True
SYN0014,Synthetic Player 014,2024-25,2024-25_MEM_073,2025-03-06,MEM,UTA,True,True,27.3,22,12,4,1,1,2,2,4,1,True
SYN0014,Synthetic Player 014,2024-25,2024-25_MEM_074,2025-03-07,MEM,WAS,False,True,29.3,11,11,3,0,1,3,3,2,0,True
SYN0014,Synthetic Player 014,2024-25,2024-25_MEM_075,2025-03-08,MEM,ATL,True,True,28.5,17,6,2,1,2,2,3,3,0,True
SYN0014,Synthetic Player 014,2024-25,2024-25_MEM_078,2025-03-14,MEM,CHA,False,True,29.5,16,9,4,0,2,3,3,4,0,True
SYN0014,Synthetic Player 014,2024-25,2024-25_MEM_079,2025-03-16,MEM,CHI,True,True,35.2,22,9,3,1,1,2,3,2,0,True
SYN0014,Synthetic Player 014,2024-25,2024-25_MEM_080,2025-03-18,MEM,CLE,False,True,29.6,15,10,3,0,2,2,3,3,0,True
SYN0014,Synthetic Player 014,2024-25,2024-25_MEM_081,2025-03-20,MEM,DAL,True,True,27.8,20,10,4,1,1,2,2,3,1,True
SYN0015,Synthetic Player 015,2024-25,2024-25_MIA_000,2024-10-21,MIA,MIL,False,True,36.2,29,5,8,1,0,2,2,4,4,True
SYN0015,Synthetic Player 015,2024-25,2024-25_MIA_001,2024-10-23,MIA,MIN,True,True,25.5,11,3,6,2,0,2,1,2,1,True
SYN0015,Synthetic Player 015,2024-25,2024-25_MIA_002,2024-10-24,MIA,NOP,False,False,19.2,10,2,4,0,0,2,1,1,1,True
SYN0015,Synthetic Player 015,2024-25,2024-25_MIA_003,2024-10-25,MIA,NYK,True,True,32.7,18,6,6,1,0,4,2,2,3,True
SYN0015,Synthetic Player 015,2024-25,2024-25_MIA_004,2024-10-27,MIA,OKC,False,True,31.6,13,3,4,0,0,2,2,2,1,True
SYN0015,Synthetic Player 015,2024-25,2024-25_MIA_005,2024-10-29,MIA,ORL,True,True,25.3,20,2,2,1,0,2,2,3,2,True
SYN0015,Synthetic Player 015,2024-25,2024-25_MIA_006,2024-10-31,MIA,PHI,False,True,30.9,17,5,11,2,0,2,2,4,1,True
SYN0015,Synthetic Player 015,2024-25,2024-25_MIA_007,2024-11-02,MIA,PHX,True,True,29.4,10,2,8,1,0,2,2,2,1,True
SYN0015,Synthetic Player 015,2024-25,2024-25_MIA_008,2024-11-04,MIA,POR,False,True,31.6,17,3,3,1,0,3,2,2,2,True
SYN0015,Synthetic Player 015,2024-25,2024-25_MIA_009,2024-11-05,MIA,SAC,True,False,22.2,7,1,7,1,0,3,1,1,1,True
SYN0015,Synthetic Player 015,2024-25,2024-25_MIA_013,2024-11-11,MIA,WAS,True,True,33.1,11,2,4,1,0,3,3,2,1,True
SYN0015,Synthetic Player 015,2024-25,2024-25_MIA_020,2024-11-22,MIA,DAL,False,True,31.1,18,4,10,1,0,4,2,3,4,True
SYN0015,Synthetic Player 015,2024-25,2024-25_MIA_021,2024-11-24,MIA,DEN,True,True,26.1,32,3,4,1,0,2,2,6,6,True
SYN0015,Synthetic Player 015,2024-25,2024-25_MIA_022,2024-11-26,MIA,DET,False,True,27.4,11,2,6,1,0,3,1,2,1,True
SYN0015,Synthetic Player 015,2024-25,2024-25_MIA_023,2024-11-27,MIA,GSW,True,True,29.9,17,1,4,1,0,2,1,1,2,True
SYN0015,Synthetic Player 015,2024-25,2024-25_MIA_024,2024-11-28,MIA,HOU,False,True,26.8,12,2,4,1,0,2,1,3,2,True
SYN0015,Synthetic Player 015,2024-25,2024-25_MIA_025,2024-11-30,MIA,IND,True,True,30.8,5,2,6,2,0,2,2,1,1,True
SYN0015,Synthetic Player 015,2024-25,2024-25_MIA_026,2024-12-02,MIA,LAC,False,True,28.8,17,5,6,1,0,3,1,3,2,True
SYN0015,Synthetic Player 015,2024-25,2024-25_MIA_027,2024-12-03,MIA,LAL,True,True,33.0,19,2,10,1,0,2,2,3,2,True
SYN0015,Synthetic Player 015,2024-25,2024-25_MIA_028,2024-12-05,MIA,MEM,False,True,26.3,37,2,7,1,0,2,2,6,4,True
SYN0015,Synthetic Player 015,2024-25,2024-25_MIA_029,2024-12-07,MIA,MIA,True,True,24.4,9,4,7,1,0,2,1,1,1,True
SYN0015,Synthetic Player 015,2024-25,2024-25_MIA_030,2024-12-08,MIA,MIL,False,True,35.8,22,7,10,1,0,3,2,3,2,True
SYN0015,Synthetic Player 015,2024-25,2024-25_MIA_037,2024-12-21,MIA,PHX,True,False,23.5,5,3,6,1,0,2,1,1,1,True
SYN0015,Synthetic Player 015,2024-25,2024-25_MIA_038,2024-12-23,MIA,POR,False,True,24.6,10,3,8,1,0,2,1,2,1,True
SYN0015,Synthetic Player 015,2024-25,2024-25_MIA_039,2024-12-25,MIA,SAC,True,True,36.3,23,4,4,1,0,2,2,3,2,True
SYN0015,Synthetic Player 015,2024-25,2024-25_MIA_040,2024-12-26,MIA,SAS,False,True,32.1,15,7,11,1,0,2,2,3,1,True
SYN0015,Synthetic Player 015,2024-25,2024-25_MIA_041,2024-12-28,MIA,TOR,True,True,31.2,11,3,7,1,0,3,2,2,1,True
SYN0015,Synthetic Player 015,2024-25,2024-25_MIA_044,2025-01-02,MIA,ATL,False,True,34.1,26,3,10,1,0,4,1,4,4,True
SYN0015,Synthetic Player 015,2024-25,2024-25_MIA_045,2025-01-05,MIA,BOS,True,True,25.0,14,3,4,0,0,2,2,3,2,True
SYN0015,Synthetic Player 015,2024-25,2024-25_MIA_046,2025-01-07,MIA,BKN,False,True,26.2,8,4,5,1,0,2,2,1,1,True
SYN0015,Synthetic Player 015,2024-25,2024-25_MIA_047,2025-01-10,MIA,CHA,True,True,31.2,17,4,10,2,0,2,1,4,1,True
SYN0015,Synthetic Player 015,2024-25,2024-25_MIA_048,2025-01-12,MIA,CHI,False,True,25.8,20,3,9,1,0,2,1,5,2,True
SYN0015,Synthetic Player 015,2024-25,2024-25_MIA_049,2025-01-14,MIA,CLE,True,True,33.0,13,4,7,1,1,3,2,2,2,True
SYN0015,Synthetic Player 015,2024-25,2024-25_MIA_050,2025-01-15,MIA,DAL,False,True,31.5,14,4,5,2,0,4,2,1,2,True
SYN0015,Synthetic Player 015,2024-25,2024-25_MIA_051,2025-01-16,MIA,DEN,True,True,26.3,11,3,10,1,0,3,2,2,1,True
SYN0015,Synthetic Player 015,2024-25,2024-25_MIA_052,2025-01-18,MIA,DET,False,True,31.2,20,3,7,2,0,2,2,2,3,True
SYN0015,Synthetic Player 015,2024-25,2024-25_MIA_053,2025-01-19,MIA,GSW,True,True,35.5,16,5,5,2,0,5,3,2,2,True
SYN0015,Synthetic Player 015,2024-25,2024-25_MIA_054,2025-01-21,MIA,HOU,False,False,22.2,11,4,6,0,0,2,1,2,2,True
SYN0015,Synthetic Player 015,2024-25,2024-25_MIA_055,2025-01-22,MIA,IND,True,True,33.6,17,8,12,1,0,4,2,4,3,True
SYN0015,Synthetic Player 015,2024-25,2024-25_MIA_056,2025-01-23,MIA,LAC,False,True,27.1,18,3,8,1,0,2,2,2,3,True
SYN0015,Synthetic Player 015,2024-25,2024-25_MIA_057,2025-01-25,MIA,LAL,True,True,32.2,21,4,12,2,0,2,1,3,3,True
SYN0015,Synthetic Player 015,2024-25,2024-25_MIA_058,2025-01-27,MIA,MEM,False,True,26.9,7,6,5,1,0,2,1,1,0,True
SYN0015,Synthetic Player 015,2024-25,2024-25_MIA_059,2025-01-29,MIA,MIA,True,True,37.5,25,7,8,2,0,3,3,3,3,True
SYN0015,Synthetic Player 015,2024-25,2024-25_MIA_060,2025-01-31,MIA,MIL,False,True,28.2,31,3,12,1,0,3,2,5,3,True
SYN0015,Synthetic Player 015,2024-25,2024-25_MIA_061,2025-02-02,MIA,MIN,True,True,29.9,29,3,9,1,0,2,2,5,2,True
SYN0015,Synthetic Player 015,2024-25,2024-25_MIA_062,2025-02-04,MIA,NOP,False,True,35.8,11,6,6,3,0,2,2,1,2,True
SYN0015,Synthetic Player 015,2024-25,2024-25_MIA_063,2025-02-05,MIA,NYK,True,True,29.6,13,4,4,2,0,2,2,3,1,True
SYN0015,Synthetic Player 015,2024-25,2024-25_MIA_064,2025-02-07,MIA,OKC,False,True,24.5,17,3,6,2,0,1,2,1,1,True
SYN0015,Synthetic Player 015,2024-25,2024-25_MIA_065,2025-02-09,MIA,ORL,True,True,32.3,14,4,9,1,0,3,2,3,2,True
SYN0015,Synthetic Player 015,2024-25,2024-25_MIA_066,2025-02-10,MIA,PHI,False,True,26.7,15,3,6,1,0,2,2,2,2,True
SYN0015,Synthetic Player 015,2024-25,2024-25_MIA_067,2025-02-12,MIA,PHX,True,False,19.1,15,1,7,0,0,1,1,2,1,True
SYN0015,Synthetic Player 015,2024-25,2024-25_MIA_068,2025-02-14,MIA,POR,False,True,28.5,20,3,11,0,0,3,2,5,2,True
SYN0015,Synthetic Player 015,2024-25,2024-25_MIA_071,2025-02-23,MIA,TOR,True,True,31.0,9,4,4,1,1,4,2,1,1,True
SYN0015,Synthetic Player 015,2024-25,2024-25_MIA_072,2025-02-25,MIA,UTA,False,True,36.9,34,6,12,1,0,4,3,4,3,True
SYN0015,Synthetic Player 015,2024-25,2024-25_MIA_073,2025-02-26,MIA,WAS,True,True,27.1,21,6,7,1,0,2,1,3,1,True
SYN0015,Synthetic Player 015,2024-25,2024-25_MIA_074,2025-02-28,MIA,ATL,False,True,31.1,26,4,8,1,0,3,1,7,3,True
SYN0015,Synthetic Player 015,2024-25,2024-25_MIA_075,2025-03-01,MIA,BOS,True,True,33.2,11,4,5,2,0,3,2,2,1,True
SYN0015,Synthetic Player 015,2024-25,2024-25_MIA_076,2025-03-03,MIA,BKN,False,True,25.9,30,3,5,1,0,3,1,3,4,True
SYN0015,Synthetic Player 015,2024-25,2024-25_MIA_077,2025-03-05,MIA,CHA,True,True,28.9,11,4,7,1,0,3,2,3,2,True
SYN0015,Synthetic Player 015,2024-25,2024-25_MIA_078,2025-03-06,MIA,CHI,False,True,35.2,25,4,12,1,0,2,2,5,1,True
SYN0015,Synthetic Player 015,2024-25,2024-25_MIA_079,2025-03-08,MIA,CLE,True,True,28.2,19,6,7,3,0,3,1,2,1,True
SYN0015,Synthetic Player 015,2024-25,2024-25_MIA_080,2025-03-11,MIA,DAL,False,True,29.1,10,2,11,1,0,2,2,2,1,True
SYN0015,Synthetic Player 015,2024-25,2024-25_MIA_081,2025-03-13,MIA,DEN,True,False,19.2,10,3,4,1,0,1,1,1,2,True
SYN0016,Synthetic Player 016,2024-25,2024-25_MIL_000,2024-10-22,MIL,MIN,False,True,32.1,8,2,3,1,0,2,2,1,0,True
SYN0016,Synthetic Player 016,2024-25,2024-25_MIL_013,2024-11-14,MIL,ATL,True,True,26.2,7,3,2,1,0,1,2,1,1,True
SYN0016,Synthetic Player 016,2024-25,2024-25_MIL_014,2024-11-15,MIL,BOS,False,True,27.0,5,4,1,0,0,3,2,1,1,True
SYN0016,Synthetic Player 016,2024-25,2024-25_MIL_016,2024-11-20,MIL,CHA,False,True,27.5,8,2,2,0,0,1,2,2,1,True
SYN0016,Synthetic Player 016,2024-25,2024-25_MIL_017,2024-11-21,MIL,CHI,True,True,27.7,20,3,4,1,0,1,2,6,1,True
SYN0016,Synthetic Player 016,2024-25,2024-25_MIL_018,2024-11-22,MIL,CLE,False,False,19.7,4,2,3,1,0,1,1,0,1,True
SYN0016,Synthetic Player 016,2024-25,2024-25_MIL_019,2024-11-23,MIL,DAL,True,False,23.5,4,2,4,1,0,2,2,1,0,True
SYN0016,Synthetic Player 016,2024-25,2024-25_MIL_020,2024-11-25,MIL,DEN,False,False,20.9,11,2,2,1,0,1,2,2,2,True
SYN0016,Synthetic Player 016,2024-25,2024-25_MIL_021,2024-11-26,MIL,DET,True,True,25.1,11,4,2,2,0,2,1,2,1,True
SYN0016,Synthetic Player 016,2024-25,2024-25_MIL_022,2024-11-27,MIL,GSW,False,True,32.2,18,4,6,1,1,3,2,2,1,True
SYN0016,Synthetic Player 016,2024-25,2024-25_MIL_023,2024-11-29,MIL,HOU,True,False,19.1,5,3,1,0,0,1,1,1,0,True
SYN0016,Synthetic Player 016,2024-25,2024-25_MIL_024,2024-11-30,MIL,IND,False,False,18.4,5,2,2,1,0,1,1,1,1,True
SYN0016,Synthetic Player 016,2024-25,2024-25_MIL_025,2024-12-01,MIL,LAC,True,True,26.4,11,3,3,1,0,0,1,1,1,True
SYN0016,Synthetic Player 016,2024-25,2024-25_MIL_026,2024-12-02,MIL,LAL,False,False,22.7,20,2,2,1,0,1,1,4,4,True
SYN0016,Synthetic Player 016,2024-25,2024-25_MIL_030,2024-12-09,MIL,MIN,False,True,25.9,9,3,4,1,0,2,2,2,1,True
SYN0016,Synthetic Player 016,2024-25,2024-25_MIL_031,2024-12-11,MIL,NOP,True,True,24.7,13,2,2,1,0,1,2,2,2,True
SYN0016,Synthetic Player 016,2024-25,2024-25_MIL_032,2024-12-13,MIL,NYK,False,True,27.9,11,1,2,1,1,1,2,1,1,True
SYN0016,Synthetic Player 016,2024-25,2024-25_MIL_033,2024-12-15,MIL,OKC,True,False,19.4,5,2,1,1,0,1,1,1,1,True
SYN0016,Synthetic Player 016,2024-25,2024-25_MIL_034,2024-12-18,MIL,ORL,False,True,30.6,12,3,3,1,0,2,2,2,2,True
SYN0016,Synthetic Player 016,2024-25,2024-25_MIL_035,2024-12-20,MIL,PHI,True,True,25.9,6,4,2,1,0,1,2,1,1,True
SYN0016,Synthetic Player 016,2024-25,2024-25_MIL_036,2024-12-21,MIL,PHX,False,True,31.5,16,2,5,2,0,2,2,1,1,True
SYN0016,Synthetic Player 016,2024-25,2024-25_MIL_037,2024-12-23,MIL,POR,True,True,26.9,6,8,2,1,0,1,1,1,1,True
SYN0016,Synthetic Player 016,2024-25,2024-25_MIL_038,2024-12-26,MIL,SAC,False,False,21.2,15,1,3,0,0,1,1,3,3,True
SYN0016,Synthetic Player 016,2024-25,2024-25_MIL_039,2024-12-27,MIL,SAS,True,True,27.7,5,1,2,1,0,1,2,1,1,True
SYN0016,Synthetic Player 016,2024-25,2024-25_MIL_040,2024-12-29,MIL,TOR,False,True,24.9,7,4,2,1,0,1,1,1,1,True
SYN0016,Synthetic Player 016,2024-25,2024-25_MIL_041,2024-12-30,MIL,UTA,True,True,24.6,19,2,1,1,0,1,1,2,4,True
SYN0016,Synthetic Player 016,2024-25,2024-25_MIL_042,2025-01-01,MIL,WAS,False,True,32.5,20,4,1,2,1,2,3,3,1,True
SYN0016,Synthetic Player 016,2024-25,2024-25_MIL_044,2025-01-05,MIL,BOS,False,False,21.7,7,1,2,1,0,1,1,2,0,True
SYN0016,Synthetic Player 016,2024-25,2024-25_MIL_045,2025-01-06,MIL,BKN,True,True,27.3,22,4,3,2,0,2,2,2,1,True
SYN0016,Synthetic Player 016,2024-25,2024-25_MIL_046,2025-01-08,MIL,CHA,False,True,28.6,15,2,2,0,0,2,2,2,4,True
SYN0016,Synthetic Player 016,2024-25,2024-25_MIL_047,2025-01-09,MIL,CHI,True,True,26.3,15,2,2,1,0,2,1,4,2,True
SYN0016,Synthetic Player 016,2024-25,2024-25_MIL_048,2025-01-11,MIL,CLE,False,False,14.9,5,2,1,1,0,1,1,0,0,True
SYN0016,Synthetic Player 016,2024-25,2024-25_MIL_049,2025-01-12,MIL,DAL,True,False,17.1,3,2,2,0,0,1,1,1,1,True
SYN0016,Synthetic Player 016,2024-25,2024-25_MIL_050,2025-01-13,MIL,DEN,False,True,29.1,6,5,1,0,0,1,2,1,1,True
SYN0016,Synthetic Player 016,2024-25,2024-25_MIL_051,2025-01-15,MIL,DET,True,True,27.4,18,2,2,0,0,2,1,2,2,True
SYN0016,Synthetic Player 016,2024-25,2024-25_MIL_052,2025-01-17,MIL,GSW,False,True,28.5,11,2,1,1,0,2,2,3,1,True
SYN0016,Synthetic Player 016,2024-25,2024-25_MIL_053,2025-01-19,MIL,HOU,True,True,27.0,15,2,4,0,0,2,2,3,2,True
SYN0016,Synthetic Player 016,2024-25,2024-25_MIL_054,2025-01-21,MIL,IND,False,True,25.9,23,2,1,1,0,2,1,3,3,True
SYN0016,Synthetic Player 016,2024-25,2024-25_MIL_055,2025-01-23,MIL,LAC,True,True,25.5,8,2,2,1,1,2,2,4,1,True
SYN0016,Synthetic Player 016,2024-25,2024-25_MIL_056,2025-01-26,MIL,LAL,False,True,32.2,19,3,2,1,0,2,2,4,1,True
SYN0016,Synthetic Player 016,2024-25,2024-25_MIL_058,2025-01-31,MIL,MIA,False,True,32.0,24,2,6,1,0,2,2,3,2,True
SYN0016,Synthetic Player 016,2024-25,2024-25_MIL_059,2025-02-02,MIL,MIL,True,True,25.8,29,2,1,1,0,1,2,6,2,True
SYN0016,Synthetic Player 016,2024-25,2024-25_MIL_060,2025-02-03,MIL,MIN,False,True,31.5,22,2,2,1,0,2,3,5,1,True
SYN0016,Synthetic Player 016,2024-25,2024-25_MIL_061,2025-02-05,MIL,NOP,True,True,25.5,13,2,1,0,0,2,1,1,1,True
SYN0016,Synthetic Player 016,2024-25,2024-25_MIL_062,2025-02-07,MIL,NYK,False,True,41.5,9,5,2,1,0,3,2,1,1,True
SYN0016,Synthetic Player 016,2024-25,2024-25_MIL_063,2025-02-09,MIL,OKC,True,True,31.8,17,3,2,0,0,3,2,2,3,True
SYN0016,Synthetic Player 016,2024-25,2024-25_MIL_067,2025-02-16,MIL,POR,True,True,28.2,11,3,3,2,0,2,1,2,1,True
SYN0016,Synthetic Player 016,2024-25,2024-25_MIL_068,2025-02-18,MIL,SAC,False,True,26.0,13,3,0,1,0,1,1,1,1,True
SYN0016,Synthetic Player 016,2024-25,2024-25_MIL_069,2025-02-20,MIL,SAS,True,True,24.9,7,2,2,1,0,2,2,2,1,True
SYN0016,Synthetic Player 016,2024-25,2024-25_MIL_070,2025-02-22,MIL,TOR,False,True,29.8,8,2,4,1,0,3,2,1,1,True
SYN0016,Synthetic Player 016,2024-25,2024-25_MIL_071,2025-02-24,MIL,UTA,True,True,28.1,7,3,2,1,0,2,2,2,1,True
SYN0016,Synthetic Player 016,2024-25,2024-25_MIL_072,2025-02-26,MIL,WAS,False,False,20.2,16,2,1,0,0,1,2,3,2,True
SYN0016,Synthetic Player 016,2024-25,2024-25_MIL_073,2025-03-01,MIL,ATL,True,False,23.6,7,3,3,2,0,1,2,1,1,True
SYN0016,Synthetic Player 016,2024-25,2024-25_MIL_074,2025-03-03,MIL,BOS,False,False,22.7,14,1,3,1,0,3,2,2,2,True
SYN0016,Synthetic Player 016,2024-25,2024-25_MIL_075,2025-03-05,MIL,BKN,True,True,26.8,11,4,2,0,0,3,2,2,2,True
SYN0016,Synthetic Player 016,2024-25,2024-25_MIL_076,2025-03-07,MIL,CHA,False,True,24.2,5,2,2,1,0,1,2,1,0,True
SYN0016,Synthetic Player 016,2024-25,2024-25_MIL_077,2025-03-08,MIL,CHI,True,True,25.2,8,2,3,0,0,1,1,1,1,True
SYN0017,Synthetic Player 017,2024-25,2024-25_MIN_000,2024-10-23,MIN,NOP,False,False,20.8,17,3,3,1,0,1,1,2,1,True
SYN0017,Synthetic Player 017,2024-25,2024-25_MIN_001,2024-10-24,MIN,NYK,True,False,18.4,12,3,2,1,1,1,1,2,1,True
SYN0017,Synthetic Player 017,2024-25,2024-25_MIN_002,2024-10-25,MIN,OKC,False,False,18.5,11,2,2,0,0,1,1,1,1,True
SYN0017,Synthetic Player 017,2024-25,2024-25_MIN_003,2024-10-27,MIN,ORL,True,False,17.3,9,3,2,1,0,1,1,2,1,True
SYN0017,Synthetic Player 017,2024-25,2024-25_MIN_004,2024-10-29,MIN,PHI,False,True,26.9,12,4,2,1,1,2,2,2,3,True
SYN0017,Synthetic Player 017,2024-25,2024-25_MIN_005,2024-10-30,MIN,PHX,True,False,22.6,10,4,5,1,1,2,2,1,1,True
SYN0017,Synthetic Player 017,2024-25,2024-25_MIN_006,2024-11-01,MIN,POR,False,True,29.8,8,8,5,1,0,2,2,1,1,True
SYN0017,Synthetic Player 017,2024-25,2024-25_MIN_007,2024-11-03,MIN,SAC,True,False,23.3,9,4,3,1,0,1,1,1,0,True
SYN0017,Synthetic Player 017,2024-25,2024-25_MIN_008,2024-11-05,MIN,SAS,False,False,22.5,11,4,3,1,0,1,1,3,1,True
SYN0017,Synthetic Player 017,2024-25,2024-25_MIN_009,2024-11-08,MIN,TOR,True,True,24.2,16,3,3,1,1,1,1,3,1,True
SYN0017,Synthetic Player 017,2024-25,2024-25_MIN_010,2024-11-10,MIN,UTA,False,False,20.8,10,3,2,1,0,1,2,2,1,True
SYN0017,Synthetic Player 017,2024-25,2024-25_MIN_011,2024-11-12,MIN,WAS,True,False,19.4,9,3,2,1,0,1,1,1,1,True
SYN0017,Synthetic Player 017,2024-25,2024-25_MIN_012,2024-11-13,MIN,ATL,False,False,21.8,17,5,4,1,0,1,1,1,3,True
SYN0017,Synthetic Player 017,2024-25,2024-25_MIN_013,2024-11-15,MIN,BOS,True,False,21.9,12,3,2,0,0,2,2,1,1,True
SYN0017,Synthetic Player 017,2024-25,2024-25_MIN_014,2024-11-17,MIN,BKN,False,True,25.6,12,8,3,1,0,2,2,2,2,True
SYN0017,Synthetic Player 017,2024-25,2024-25_MIN_015,2024-11-19,MIN,CHA,True,True,26.8,33,3,4,0,0,2,1,5,2,True
SYN0017,Synthetic Player 017,2024-25,2024-25_MIN_016,2024-11-21,MIN,CHI,False,False,16.6,19,2,2,0,0,1,1,2,2,True
SYN0017,Synthetic Player 017,2024-25,2024-25_MIN_017,2024-11-22,MIN,CLE,True,False,21.6,9,3,2,1,0,1,1,2,1,True
SYN0017,Synthetic Player 017,2024-25,2024-25_MIN_020,2024-11-29,MIN,DET,False,False,19.4,11,4,2,0,0,2,1,2,1,True
SYN0017,Synthetic Player 017,2024-25,2024-25_MIN_021,2024-11-30,MIN,GSW,True,False,23.1,10,5,3,1,0,1,1,1,1,True
SYN0017,Synthetic Player 017,2024-25,2024-25_MIN_022,2024-12-01,MIN,HOU,False,False,22.2,12,3,2,0,0,1,1,1,2,True
SYN0017,Synthetic Player 017,2024-25,2024-25_MIN_023,2024-12-03,MIN,IND,True,False,18.1,12,4,3,1,0,1,1,2,1,True
SYN0017,Synthetic Player 017,2024-25,2024-25_MIN_024,2024-12-04,MIN,LAC,False,True,24.5,23,6,3,1,0,2,1,3,2,True
SYN0017,Synthetic Player 017,2024-25,2024-25_MIN_025,2024-12-06,MIN,LAL,True,True,28.5,26,4,6,1,1,1,2,5,3,True
SYN0017,Synthetic Player 017,2024-25,2024-25_MIN_026,2024-12-08,MIN,MEM,False,False,19.8,17,2,3,0,0,1,1,4,2,True
SYN0017,Synthetic Player 017,2024-25,2024-25_MIN_027,2024-12-10,MIN,MIA,True,False,21.3,9,5,4,1,0,1,1,1,1,True
SYN0017,Synthetic Player 017,2024-25,2024-25_MIN_028,2024-12-12,MIN,MIL,False,True,26.5,18,3,5,1,1,1,2,3,2,True
SYN0017,Synthetic Player 017,2024-25,2024-25_MIN_029,2024-12-14,MIN,MIN,True,False,19.1,9,3,3,1,0,1,1,2,1,True
SYN0017,Synthetic Player 017,2024-25,2024-25_MIN_033,2024-12-22,MIN,ORL,True,False,23.2,13,3,2,1,0,2,1,2,1,True
SYN0017,Synthetic Player 017,2024-25,2024-25_MIN_034,2024-12-23,MIN,PHI,False,True,27.8,10,5,1,1,1,2,3,1,1,True
SYN0017,Synthetic Player 017,2024-25,2024-25_MIN_035,2024-12-24,MIN,PHX,True,False,21.8,29,4,3,1,0,1,1,4,2,True
SYN0017,Synthetic Player 017,2024-25,2024-25_MIN_036,2024-12-25,MIN,POR,False,True,30.4,25,5,5,1,0,2,2,6,4,True
SYN0017,Synthetic Player 017,2024-25,2024-25_MIN_037,2024-12-27,MIN,SAC,True,False,22.3,11,4,2,0,0,2,1,1,1,True
SYN0017,Synthetic Player 017,2024-25,2024-25_MIN_038,2024-12-28,MIN,SAS,False,False,22.0,14,4,3,1,0,1,1,2,1,True
SYN0017,Synthetic Player 017,2024-25,2024-25_MIN_039,2024-12-29,MIN,TOR,True,False,23.5,10,2,3,0,0,2,2,1,1,True
SYN0017,Synthetic Player 017,2024-25,2024-25_MIN_040,2024-12-31,MIN,UTA,False,False,19.6,20,5,3,1,0,1,1,4,2,True
SYN0017,Synthetic Player 017,2024-25,2024-25_MIN_041,2025-01-02,MIN,WAS,True,True,24.2,11,4,4,1,0,2,2,2,1,True
SYN0017,Synthetic Player 017,2024-25,2024-25_MIN_042,2025-01-05,MIN,ATL,False,True,27.8,7,8,4,1,1,2,2,1,1,True
SYN0017,Synthetic Player 017,2024-25,2024-25_MIN_043,2025-01-06,MIN,BOS,True,False,22.5,22,5,3,0,0,1,2,2,2,True
SYN0017,Synthetic Player 017,2024-25,2024-25_MIN_044,2025-01-07,MIN,BKN,False,False,19.2,6,3,2,1,1,1,1,1,1,True
SYN0017,Synthetic Player 017,2024-25,2024-25_MIN_045,2025-01-09,MIN,CHA,True,True,25.5,9,3,5,1,0,1,1,2,1,True
SYN0017,Synthetic Player 017,2024-25,2024-25_MIN_046,2025-01-11,MIN,CHI,False,False,18.2,6,3,2,1,0,2,1,1,1,True
SYN0017,Synthetic Player 017,2024-25,2024-25_MIN_047,2025-01-13,MIN,CLE,True,True,26.1,17,6,4,1,0,3,2,5,2,True
SYN0017,Synthetic Player 017,2024-25,2024-25_MIN_048,2025-01-15,MIN,DAL,False,False,19.2,12,3,2,1,0,1,1,2,1,True
SYN0017,Synthetic Player 017,2024-25,2024-25_MIN_049,2025-01-17,MIN,DEN,True,True,28.6,19,5,4,1,1,2,2,3,2,True
SYN0017,Synthetic Player 017,2024-25,2024-25_MIN_050,2025-01-18,MIN,DET,False,False,20.3,11,6,2,1,1,1,1,1,1,True
SYN0017,Synthetic Player 017,2024-25,2024-25_MIN_051,2025-01-20,MIN,GSW,True,True,30.7,5,3,3,1,1,2,2,1,1,True
SYN0017,Synthetic Player 017,2024-25,2024-25_MIN_052,2025-01-22,MIN,HOU,False,True,24.3,12,5,4,2,0,1,2,2,1,True
SYN0017,Synthetic Player 017,2024-25,2024-25_MIN_053,2025-01-24,MIN,IND,True,True,27.9,14,7,6,1,0,2,2,1,1,True
SYN0017,Synthetic Player 017,2024-25,2024-25_MIN_054,2025-01-26,MIN,LAC,False,False,17.1,8,4,2,0,1,1,1,1,1,True
SYN0017,Synthetic Player 017,2024-25,2024-25_MIN_055,2025-01-27,MIN,LAL,True,True,25.5,18,5,3,1,1,2,1,4,1,True
SYN0017,Synthetic Player 017,2024-25,2024-25_MIN_056,2025-01-29,MIN,MEM,False,False,21.4,6,3,3,1,0,1,1,1,0,True
SYN0017,Synthetic Player 017,2024-25,2024-25_MIN_059,2025-02-03,MIN,MIN,True,False,18.3,11,4,2,1,0,1,1,2,1,True
SYN0017,Synthetic Player 017,2024-25,2024-25_MIN_060,2025-02-05,MIN,NOP,False,True,28.5,13,3,4,1,1,1,2,2,1,True
SYN0017,Synthetic Player 017,2024-25,2024-25_MIN_062,2025-02-09,MIN,OKC,False,False,21.3,14,4,2,1,0,2,1,1,2,True
SYN0017,Synthetic Player 017,2024-25,2024-25_MIN_063,2025-02-10,MIN,ORL,True,False,14.7,13,3,2,1,0,1,1,2,1,True
SYN0017,Synthetic Player 017,2024-25,2024-25_MIN_064,2025-02-12,MIN,PHI,False,True,27.6,11,5,1,1,0,2,2,1,1,True
SYN0017,Synthetic Player 017,2024-25,2024-25_MIN_065,2025-02-14,MIN,PHX,True,False,21.5,17,4,5,1,0,1,2,2,2,True
SYN0017,Synthetic Player 017,2024-25,2024-25_MIN_066,2025-02-16,MIN,POR,False,True,28.0,26,3,4,1,1,2,2,2,4,True
SYN0017,Synthetic Player 017,2024-25,2024-25_MIN_067,2025-02-18,MIN,SAC,True,False,22.7,21,5,1,0,0,1,1,6,1,True
SYN0017,Synthetic Player 017,2024-25,2024-25_MIN_068,2025-02-20,MIN,SAS,False,False,13.2,4,2,2,1,0,1,1,1,0,True
SYN0017,Synthetic Player 017,2024-25,2024-25_MIN_069,2025-02-21,MIN,TOR,True,True,25.3,20,7,3,1,0,1,1,2,2,True
SYN0017,Synthetic Player 017,2024-25,2024-25_MIN_070,2025-02-23,MIN,UTA,False,True,25.3,14,5,4,0,1,2,1,2,2,True
SYN0017,Synthetic Player 017,2024-25,2024-25_MIN_071,2025-02-25,MIN,WAS,True,False,17.9,10,3,3,1,0,1,1,2,1,True
SYN0017,Synthetic Player 017,2024-25,2024-25_MIN_072,2025-02-26,MIN,ATL,False,False,19.6,5,2,2,0,0,1,1,1,0,True
SYN0017,Synthetic Player 017,2024-25,2024-25_MIN_073,2025-02-27,MIN,BOS,True,True,30.5,15,8,5,2,1,2,1,2,1,True
SYN0017,Synthetic Player 017,2024-25,2024-25_MIN_074,2025-03-02,MIN,BKN,False,True,24.6,12,4,3,1,0,1,1,2,1,True
SYN0017,Synthetic Player 017,2024-25,2024-25_MIN_075,2025-03-04,MIN,CHA,True,False,18.2,7,2,3,0,0,1,1,1,1,True
SYN0017,Synthetic Player 017,2024-25,2024-25_MIN_076,2025-03-05,MIN,CHI,False,True,25.8,29,5,5,1,1,1,1,2,5,True
SYN0017,Synthetic Player 017,2024-25,2024-25_MIN_077,2025-03-07,MIN,CLE,True,True,28.5,11,4,4,1,1,2,1,2,1,True
SYN0017,Synthetic Player 017,2024-25,2024-25_MIN_078,2025-03-09,MIN,DAL,False,False,17.8,12,3,3,0,0,1,1,2,1,True
SYN0017,Synthetic Player 017,2024-25,2024-25_MIN_079,2025-03-11,MIN,DEN,True,False,17.1,10,3,4,0,0,1,1,1,1,True
SYN0017,Synthetic Player 017,2024-25,2024-25_MIN_080,2025-03-13,MIN,DET,False,False,22.9,10,3,4,1,0,1,1,1,1,True
SYN0017,Synthetic Player 017,2024-25,2024-25_MIN_081,2025-03-15,MIN,GSW,True,False,24.0,8,4,4,1,0,1,2,1,1,True
SYN0018,Synthetic Player 018,2024-25,2024-25_NOP_000,2024-10-21,NOP,NYK,False,False,21.5,9,5,2,1,1,1,1,1,1,True
SYN0018,Synthetic Player 018,2024-25,2024-25_NOP_001,2024-10-23,NOP,OKC,True,True,33.8,19,9,3,1,1,2,3,3,1,True
SYN0018,Synthetic Player 018,2024-25,2024-25_NOP_002,2024-10-25,NOP,ORL,False,False,19.3,11,4,3,1,0,1,1,2,1,True
SYN0018,Synthetic Player 018,2024-25,2024-25_NOP_003,2024-10-27,NOP,PHI,True,True,30.9,11,5,3,1,1,1,3,2,1,True
SYN0018,Synthetic Player 018,2024-25,2024-25_NOP_004,2024-10-29,NOP,PHX,False,True,26.0,9,5,2,1,1,1,2,1,1,True
SYN0018,Synthetic Player 018,2024-25,2024-25_NOP_005,2024-10-30,NOP,POR,True,True,28.7,17,6,3,1,1,1,2,2,1,True
SYN0018,Synthetic Player 018,2024-25,2024-25_NOP_006,2024-11-01,NOP,SAC,False,True,30.9,17,6,3,1,1,2,2,3,1,True
SYN0018,Synthetic Player 018,2024-25,2024-25_NOP_007,2024-11-02,NOP,SAS,True,False,21.0,12,4,2,1,0,1,2,2,1,True
SYN0018,Synthetic Player 018,2024-25,2024-25_NOP_008,2024-11-03,NOP,TOR,False,True,29.0,17,6,3,1,1,2,2,3,1,True
SYN0018,Synthetic Player 018,2024-25,2024-25_NOP_009,2024-11-04,NOP,UTA,True,True,32.4,13,6,3,1,1,1,2,2,1,True
SYN0018,Synthetic Player 018,2024-25,2024-25_NOP_011,2024-11-07,NOP,ATL,True,True,26.2,9,5,2,1,1,1,2,1,1,True
SYN0018,Synthetic Player 018,2024-25,2024-25_NOP_012,2024-11-09,NOP,BOS,False,True,27.1,16,7,2,1,1,2,2,2,1,True
SYN0018,Synthetic Player 018,2024-25,2024-25_NOP_013,2024-11-10,NOP,BKN,True,True,27.0,12,6,2,1,1,2,2,2,1,True
SYN0018,Synthetic Player 018,2024-25,2024-25_NOP_014,2024-11-13,NOP,CHA,False,True,28.6,15,7,5,1,1,1,2,2,1,True
SYN0018,Synthetic Player 018,2024-25,2024-25_NOP_015,2024-11-14,NOP,CHI,True,False,23.1,8,5,3,1,1,1,2,1,1,True
SYN0018,Synthetic Player 018,2024-25,2024-25_NOP_016,2024-11-17,NOP,CLE,False,False,22.2,12,5,3,1,1,1,1,2,1,True
SYN0018,Synthetic Player 018,2024-25,2024-25_NOP_017,2024-11-18,NOP,DAL,True,True,34.9,10,6,3,1,1,2,2,2,1,True
SYN0018,Synthetic Player 018,2024-25,2024-25_NOP_018,2024-11-19,NOP,DEN,False,True,25.7,12,5,3,1,1,1,2,2,1,True
SYN0018,Synthetic Player 018,2024-25,2024-25_NOP_019,2024-11-21,NOP,DET,True,False,23.8,12,4,2,1,1,1,2,2,1,True
SYN0018,Synthetic Player 018,2024-25,2024-25_NOP_020,2024-11-22,NOP,GSW,False,True,24.9,15,5,2,1,1,1,2,2,1,True
SYN0018,Synthetic Player 018,2024-25,2024-25_NOP_021,2024-11-24,NOP,HOU,True,True,25.4,11,6,3,1,1,1,2,2,1,True
SYN0018,Synthetic Player 018,2024-25,2024-25_NOP_022,2024-11-25,NOP,IND,False,False,23.7,12,6,2,1,0,1,2,2,1,True
SYN0018,Synthetic Player 018,2024-25,2024-25_NOP_023,2024-11-26,NOP,LAC,True,True,28.9,11,5,3,1,1,2,2,2,1,True
SYN0018,Synthetic Player 018,2024-25,2024-25_NOP_024,2024-11-28,NOP,LAL,False,False,23.7,12,3,3,0,0,1,2,2,1,True
SYN0018,Synthetic Player 018,2024-25,2024-25_NOP_025,2024-11-30,NOP,MEM,True,True,24.5,13,5,3,1,1,1,2,2,1,True
SYN0018,Synthetic Player 018,2024-25,2024-25_NOP_026,2024-12-02,NOP,MIA,False,False,13.5,7,3,2,0,0,1,1,1,0,True
SYN0018,Synthetic Player 018,2024-25,2024-25_NOP_027,2024-12-03,NOP,MIL,True,True,24.2,10,5,3,0,1,1,2,2,1,True
SYN0018,Synthetic Player 018,2024-25,2024-25_NOP_028,2024-12-05,NOP,MIN,False,True,26.1,13,6,3,1,1,1,2,2,1,True
SYN0018,Synthetic Player 018,2024-25,2024-25_NOP_029,2024-12-07,NOP,NOP,True,True,28.2,15,8,3,1,1,1,2,2,1,True
SYN0018,Synthetic Player 018,2024-25,2024-25_NOP_030,2024-12-08,NOP,NYK,False,False,23.9,18,5,3,1,1,1,2,3,1,True
SYN0018,Synthetic Player 018,2024-25,2024-25_NOP_031,2024-12-10,NOP,OKC,True,False,19.3,8,3,2,1,1,1,1,1,1,True
SYN0018,Synthetic Player 018,2024-25,2024-25_NOP_032,2024-12-12,NOP,ORL,False,False,21.9,11,4,3,1,1,1,2,2,1,True
SYN0018,Synthetic Player 018,2024-25,2024-25_NOP_033,2024-12-14,NOP,PHI,True,True,26.1,12,6,4,1,1,1,2,2,1,True
SYN0018,Synthetic Player 018,2024-25,2024-25_NOP_036,2024-12-21,NOP,SAC,False,True,25.3,10,4,3,1,1,1,2,1,1,True
SYN0018,Synthetic Player 018,2024-25,2024-25_NOP_037,2024-12-23,NOP,SAS,True,False,21.5,8,4,2,1,1,1,2,2,1,True
SYN0018,Synthetic Player 018,2024-25,2024-25_NOP_038,2024-12-25,NOP,TOR,False,False,19.4,10,3,2,1,1,1,1,2,1,True
SYN0018,Synthetic Player 018,2024-25,2024-25_NOP_039,2024-12-27,NOP,UTA,True,False,19.6,13,4,2,0,1,1,1,2,1,True
SYN0018,Synthetic Player 018,2024-25,2024-25_NOP_040,2024-12-30,NOP,WAS,False,False,20.8,11,4,2,1,1,1,2,2,1,True
SYN0018,Synthetic Player 018,2024-25,2024-25_NOP_041,2025-01-01,NOP,ATL,True,True,26.6,9,5,3,1,1,1,2,1,1,True
SYN0018,Synthetic Player 018,2024-25,2024-25_NOP_042,2025-01-03,NOP,BOS,False,True,26.2,12,7,3,1,1,1,2,2,1,True
SYN0018,Synthetic Player 018,2024-25,2024-25_NOP_043,2025-01-05,NOP,BKN,True,True,28.9,13,6,3,1,1,2,2,2,1,True
SYN0018,Synthetic Player 018,2024-25,2024-25_NOP_044,2025-01-07,NOP,CHA,False,True,29.1,13,5,4,1,1,1,2,2,1,True
SYN0018,Synthetic Player 018,2024-25,2024-25_NOP_045,2025-01-09,NOP,CHI,True,False,21.8,11,6,3,1,0,1,1,2,1,True
SYN0018,Synthetic Player 018,2024-25,2024-25_NOP_046,2025-01-11,NOP,CLE,False,True,33.3,16,6,4,1,1,2,2,3,1,True
SYN0018,Synthetic Player 018,2024-25,2024-25_NOP_048,2025-01-14,NOP,DEN,False,True,26.0,13,5,2,1,1,1,2,2,1,True
SYN0018,Synthetic Player 018,2024-25,2024-25_NOP_052,2025-01-20,NOP,IND,False,True,25.9,14,5,3,1,1,1,2,2,1,True
SYN0018,Synthetic Player 018,2024-25,2024-25_NOP_053,2025-01-23,NOP,LAC,True,True,27.4,13,6,3,1,1,1,2,2,1,True
SYN0018,Synthetic Player 018,2024-25,2024-25_NOP_054,2025-01-25,NOP,LAL,False,True,28.6,20,6,2,1,1,2,2,3,1,True
SYN0018,Synthetic Player 018,2024-25,2024-25_NOP_055,2025-01-28,NOP,MEM,True,False,20.0,8,4,2,1,1,1,1,1,1,True
SYN0018,Synthetic Player 018,2024-25,2024-25_NOP_056,2025-01-30,NOP,MIA,False,True,32.0,16,5,4,1,1,1,2,3,1,True
SYN0018,Synthetic Player 018,2024-25,2024-25_NOP_057,2025-02-01,NOP,MIL,True,False,23.6,11,5,2,1,1,1,2,1,1,True
SYN0018,Synthetic Player 018,2024-25,2024-25_NOP_058,2025-02-03,NOP,MIN,False,True,30.8,17,6,4,1,1,2,2,2,2,True
SYN0018,Synthetic Player 018,2024-25,2024-25_NOP_059,2025-02-05,NOP,NOP,True,True,29.3,13,5,3,1,1,2,2,2,1,True
SYN0018,Synthetic Player 018,2024-25,2024-25_NOP_060,2025-02-06,NOP,NYK,False,True,36.8,20,8,4,1,1,3,3,3,1,True
SYN0018,Synthetic Player 018,2024-25,2024-25_NOP_061,2025-02-08,NOP,OKC,True,False,21.4,12,4,3,1,1,1,1,2,1,True
SYN0018,Synthetic Player 018,2024-25,2024-25_NOP_062,2025-02-10,NOP,ORL,False,True,27.6,18,5,3,1,1,2,2,3,2,True
SYN0018,Synthetic Player 018,2024-25,2024-25_NOP_063,2025-02-13,NOP,PHI,True,False,20.9,14,4,2,0,1,1,2,2,1,True
SYN0018,Synthetic Player 018,2024-25,2024-25_NOP_064,2025-02-15,NOP,PHX,False,False,21.7,11,5,2,1,1,1,2,2,1,True
SYN0018,Synthetic Player 018,2024-25,2024-25_NOP_067,2025-02-20,NOP,SAS,True,False,23.3,14,5,3,1,1,1,2,3,1,True
SYN0018,Synthetic Player 018,2024-25,2024-25_NOP_068,2025-02-21,NOP,TOR,False,False,21.8,12,5,2,1,1,1,2,2,1,True
SYN0018,Synthetic Player 018,2024-25,2024-25_NOP_069,2025-02-22,NOP,UTA,True,False,23.0,9,4,2,1,0,1,2,2,1,True
SYN0018,Synthetic Player 018,2024-25,2024-25_NOP_070,2025-02-23,NOP,WAS,False,True,26.4,16,5,3,1,1,1,2,2,2,True
SYN0018,Synthetic Player 018,2024-25,2024-25_NOP_071,2025-02-24,NOP,ATL,True,True,27.8,16,7,3,1,1,1,2,2,1,True
SYN0018,Synthetic Player 018,2024-25,2024-25_NOP_072,2025-02-26,NOP,BOS,False,True,29.2,13,6,3,1,1,2,2,2,1,True
SYN0018,Synthetic Player 018,2024-25,2024-25_NOP_073,2025-02-28,NOP,BKN,True,False,20.7,8,5,2,1,1,1,1,1,1,True
SYN0018,Synthetic Player 018,2024-25,2024-25_NOP_074,2025-03-02,NOP,CHA,False,True,24.8,9,4,3,0,1,1,2,1,1,True
SYN0019,Synthetic Player 019,2024-25,2024-25_NYK_010,2024-11-10,NYK,ATL,False,True,25.3,17,7,6,0,1,1,2,3,0,True
SYN0019,Synthetic Player 019,2024-25,2024-25_NYK_011,2024-11-12,NYK,BOS,True,True,26.4,13,6,7,0,2,1,2,2,0,True
SYN0019,Synthetic Player 019,2024-25,2024-25_NYK_012,2024-11-13,NYK,BKN,False,True,33.2,14,5,6,1,1,2,2,2,0,True
SYN0019,Synthetic Player 019,2024-25,2024-25_NYK_013,2024-11-15,NYK,CHA,True,True,33.8,30,5,6,1,1,1,3,4,1,True
SYN0019,Synthetic Player 019,2024-25,2024-25_NYK_014,2024-11-17,NYK,CHI,False,True,32.1,18,5,5,0,1,2,3,3,0,True
SYN0019,Synthetic Player 019,2024-25,2024-25_NYK_015,2024-11-19,NYK,CLE,True,False,23.7,20,5,3,1,2,2,2,3,1,True
SYN0019,Synthetic Player 019,2024-25,2024-25_NYK_016,2024-11-20,NYK,DAL,False,True,25.1,11,10,4,1,1,1,2,2,0,True
SYN0019,Synthetic Player 019,2024-25,2024-25_NYK_017,2024-11-22,NYK,DEN,True,True,27.2,11,9,5,1,1,2,3,2,0,True
SYN0019,Synthetic Player 019,2024-25,2024-25_NYK_018,2024-11-24,NYK,DET,False,False,19.2,14,5,3,0,1,1,1,2,1,True
SYN0019,Synthetic Player 019,2024-25,2024-25_NYK_019,2024-11-26,NYK,GSW,True,True,24.1,12,7,4,0,1,2,2,2,0,True
SYN0019,Synthetic Player 019,2024-25,2024-25_NYK_020,2024-11-28,NYK,HOU,False,True,26.2,21,5,5,1,1,2,2,2,0,True
SYN0019,Synthetic Player 019,2024-25,2024-25_NYK_021,2024-11-29,NYK,IND,True,True,28.3,20,4,3,1,2,2,3,3,1,True
SYN0019,Synthetic Player 019,2024-25,2024-25_NYK_023,2024-12-02,NYK,LAL,True,True,29.2,12,8,6,1,2,2,3,2,1,True
SYN0019,Synthetic Player 019,2024-25,2024-25_NYK_024,2024-12-04,NYK,MEM,False,True,25.4,16,8,2,0,1,2,2,4,0,True
SYN0019,Synthetic Player 019,2024-25,2024-25_NYK_025,2024-12-05,NYK,MIA,True,True,24.5,8,4,6,0,1,1,2,1,0,True
SYN0019,Synthetic Player 019,2024-25,2024-25_NYK_029,2024-12-12,NYK,NYK,True,False,19.3,6,3,2,1,1,1,1,1,0,True
SYN0019,Synthetic Player 019,2024-25,2024-25_NYK_030,2024-12-14,NYK,OKC,False,False,20.4,7,8,3,1,1,1,2,1,0,True
SYN0019,Synthetic Player 019,2024-25,2024-25_NYK_031,2024-12-16,NYK,ORL,True,True,31.8,15,8,7,1,2,2,2,3,0,True
SYN0019,Synthetic Player 019,2024-25,2024-25_NYK_032,2024-12-18,NYK,PHI,False,True,25.6,9,7,3,1,1,1,2,1,0,True
SYN0019,Synthetic Player 019,2024-25,2024-25_NYK_033,2024-12-20,NYK,PHX,True,True,30.4,9,6,6,1,1,2,3,2,0,True
SYN0019,Synthetic Player 019,2024-25,2024-25_NYK_036,2024-12-25,NYK,SAS,False,True,26.1,16,6,4,1,1,2,2,2,0,True
SYN0019,Synthetic Player 019,2024-25,2024-25_NYK_038,2024-12-28,NYK,UTA,False,True,28.4,13,7,5,1,1,1,2,3,0,True
SYN0019,Synthetic Player 019,2024-25,2024-25_NYK_039,2024-12-29,NYK,WAS,True,True,24.3,11,6,3,0,1,1,1,2,0,True
SYN0019,Synthetic Player 019,2024-25,2024-25_NYK_042,2025-01-04,NYK,BKN,False,False,22.3,7,7,3,1,2,1,2,1,0,True
SYN0019,Synthetic Player 019,2024-25,2024-25_NYK_043,2025-01-06,NYK,CHA,True,True,25.9,22,6,4,1,1,2,2,5,1,True
SYN0019,Synthetic Player 019,2024-25,2024-25_NYK_044,2025-01-08,NYK,CHI,False,True,28.1,10,6,7,1,1,2,2,2,0,True
SYN0019,Synthetic Player 019,2024-25,2024-25_NYK_045,2025-01-09,NYK,CLE,True,True,24.8,12,8,4,1,2,2,2,2,0,True
SYN0019,Synthetic Player 019,2024-25,2024-25_NYK_046,2025-01-12,NYK,DAL,False,True,25.3,18,6,4,1,1,1,2,3,0,True
SYN0019,Synthetic Player 019,2024-25,2024-25_NYK_047,2025-01-13,NYK,DEN,True,False,20.7,12,5,5,0,1,1,2,3,0,True
SYN0019,Synthetic Player 019,2024-25,2024-25_NYK_048,2025-01-14,NYK,DET,False,False,21.8,10,6,7,0,2,1,2,1,0,True
SYN0019,Synthetic Player 019,2024-25,2024-25_NYK_049,2025-01-17,NYK,GSW,True,True,33.1,20,9,5,1,1,2,3,4,1,True
SYN0019,Synthetic Player 019,2024-25,2024-25_NYK_050,2025-01-20,NYK,HOU,False,False,23.8,17,7,4,0,2,1,2,2,0,True
SYN0019,Synthetic Player 019,2024-25,2024-25_NYK_051,2025-01-22,NYK,IND,True,True,28.0,13,6,6,0,1,2,2,3,0,True
SYN0019,Synthetic Player 019,2024-25,2024-25_NYK_052,2025-01-23,NYK,LAC,False,False,18.3,7,5,4,1,1,1,1,1,0,True
SYN0019,Synthetic Player 019,2024-25,2024-25_NYK_064,2025-02-18,NYK,POR,False,True,26.9,12,5,3,0,1,1,2,2,1,True
SYN0019,Synthetic Player 019,2024-25,2024-25_NYK_065,2025-02-20,NYK,SAC,True,True,30.2,11,11,2,1,2,2,2,2,0,True
SYN0019,Synthetic Player 019,2024-25,2024-25_NYK_066,2025-02-22,NYK,SAS,False,False,22.2,10,6,4,1,1,1,2,2,0,True
SYN0019,Synthetic Player 019,2024-25,2024-25_NYK_067,2025-02-24,NYK,TOR,True,True,35.5,16,12,6,1,4,1,2,2,1,True
SYN0019,Synthetic Player 019,2024-25,2024-25_NYK_070,2025-03-02,NYK,ATL,False,True,25.2,23,11,4,0,1,2,1,6,1,True
SYN0019,Synthetic Player 019,2024-25,2024-25_NYK_072,2025-03-05,NYK,BKN,False,True,34.4,30,10,6,1,2,2,3,5,1,True
SYN0019,Synthetic Player 019,2024-25,2024-25_NYK_073,2025-03-06,NYK,CHA,True,True,25.5,12,8,7,1,1,2,2,2,0,True
SYN0019,Synthetic Player 019,2024-25,2024-25_NYK_074,2025-03-07,NYK,CHI,False,False,20.4,7,4,4,0,1,2,1,1,0,True
SYN0019,Synthetic Player 019,2024-25,2024-25_NYK_075,2025-03-09,NYK,CLE,True,True,27.0,11,6,3,0,2,1,2,2,0,True
SYN0019,Synthetic Player 019,2024-25,2024-25_NYK_076,2025-03-11,NYK,DAL,False,True,30.6,8,6,5,1,1,2,2,2,0,True
SYN0019,Synthetic Player 019,2024-25,2024-25_NYK_077,2025-03-12,NYK,DEN,True,True,28.4,14,8,7,0,2,2,2,3,1,True
SYN0019,Synthetic Player 019,2024-25,2024-25_NYK_078,2025-03-14,NYK,DET,False,True,32.4,15,4,6,1,1,2,2,3,1,True
SYN0019,Synthetic Player 019,2024-25,2024-25_NYK_079,2025-03-15,NYK,GSW,True,True,30.2,24,9,5,1,2,2,3,5,1,True
SYN0019,Synthetic Player 019,2024-25,2024-25_NYK_080,2025-03-17,NYK,HOU,False,True,24.2,12,6,6,1,1,1,2,2,1,True
SYN0019,Synthetic Player 019,2024-25,2024-25_NYK_081,2025-03-18,NYK,IND,True,True,28.4,14,7,4,1,2,1,2,3,0,True
SYN0020,Synthetic Player 020,2024-25,2024-25_OKC_000,2024-10-23,OKC,ORL,False,True,25.1,16,5,6,1,0,2,2,2,3,True
SYN0020,Synthetic Player 020,2024-25,2024-25_OKC_001,2024-10-26,OKC,PHI,True,True,31.6,17,5,7,1,0,2,2,2,1,True
SYN0020,Synthetic Player 020,2024-25,2024-25_OKC_002,2024-10-28,OKC,PHX,False,True,29.5,9,4,7,1,0,1,2,1,1,True
SYN0020,Synthetic Player 020,2024-25,2024-25_OKC_003,2024-10-30,OKC,POR,True,True,30.2,19,4,5,1,0,2,2,3,3,True
SYN0020,Synthetic Player 020,2024-25,2024-25_OKC_004,2024-11-01,OKC,SAC,False,True,31.1,12,5,4,1,0,2,2,2,2,True
SYN0020,Synthetic Player 020,2024-25,2024-25_OKC_005,2024-11-03,OKC,SAS,True,True,31.6,13,4,6,2,0,3,2,2,1,True
SYN0020,Synthetic Player 020,2024-25,2024-25_OKC_007,2024-11-07,OKC,UTA,True,True,28.6,16,6,10,1,0,2,2,2,1,True
SYN0020,Synthetic Player 020,2024-25,2024-25_OKC_008,2024-11-09,OKC,WAS,False,True,35.4,15,8,5,1,0,4,2,2,1,True
SYN0020,Synthetic Player 020,2024-25,2024-25_OKC_009,2024-11-10,OKC,ATL,True,True,25.5,15,3,4,1,0,3,1,2,3,True
SYN0020,Synthetic Player 020,2024-25,2024-25_OKC_010,2024-11-12,OKC,BOS,False,True,34.2,15,6,6,1,0,2,2,1,2,True
SYN0020,Synthetic Player 020,2024-25,2024-25_OKC_011,2024-11-13,OKC,BKN,True,True,30.3,18,6,4,1,0,2,2,3,2,True
SYN0020,Synthetic Player 020,2024-25,2024-25_OKC_012,2024-11-15,OKC,CHA,False,True,37.0,10,5,7,1,0,3,2,2,2,True
SYN0020,Synthetic Player 020,2024-25,2024-25_OKC_013,2024-11-17,OKC,CHI,True,False,20.0,9,3,3,1,0,2,1,2,1,True
SYN0020,Synthetic Player 020,2024-25,2024-25_OKC_014,2024-11-20,OKC,CLE,False,True,36.0,23,5,4,1,0,2,2,3,3,True
SYN0020,Synthetic Player 020,2024-25,2024-25_OKC_015,2024-11-21,OKC,DAL,True,True,28.6,24,4,5,1,0,2,2,3,5,True
SYN0020,Synthetic Player 020,2024-25,2024-25_OKC_022,2024-12-03,OKC,LAL,False,True,28.5,15,2,5,1,0,2,1,2,1,True
SYN0020,Synthetic Player 020,2024-25,2024-25_OKC_023,2024-12-05,OKC,MEM,True,True,44.0,27,6,8,2,0,4,2,4,3,True
SYN0020,Synthetic Player 020,2024-25,2024-25_OKC_024,2024-12-07,OKC,MIA,False,True,32.2,12,7,9,2,0,3,2,1,2,True
SYN0020,Synthetic Player 020,2024-25,2024-25_OKC_025,2024-12-09,OKC,MIL,True,True,31.0,11,6,7,2,0,3,2,1,1,True
SYN0020,Synthetic Player 020,2024-25,2024-25_OKC_026,2024-12-11,OKC,MIN,False,True,31.8,21,4,5,3,0,3,2,3,2,True
SYN0020,Synthetic Player 020,2024-25,2024-25_OKC_027,2024-12-12,OKC,NOP,True,True,29.5,21,5,6,1,0,3,1,2,3,True
SYN0020,Synthetic Player 020,2024-25,2024-25_OKC_028,2024-12-13,OKC,NYK,False,True,33.8,22,4,9,1,0,2,2,3,3,True
SYN0020,Synthetic Player 020,2024-25,2024-25_OKC_029,2024-12-15,OKC,OKC,True,True,30.4,12,3,5,1,0,2,2,2,1,True
SYN0020,Synthetic Player 020,2024-25,2024-25_OKC_030,2024-12-16,OKC,ORL,False,False,22.2,11,3,3,1,0,2,1,1,1,True
SYN0020,Synthetic Player 020,2024-25,2024-25_OKC_031,2024-12-19,OKC,PHI,True,True,38.7,9,5,10,2,0,3,3,1,1,True
SYN0020,Synthetic Player 020,2024-25,2024-25_OKC_032,2024-12-20,OKC,PHX,False,True,31.8,23,5,6,1,0,3,1,3,2,True
SYN0020,Synthetic Player 020,2024-25,2024-25_OKC_033,2024-12-23,OKC,POR,True,True,30.1,9,4,5,1,0,2,1,1,1,True
SYN0020,Synthetic Player 020,2024-25,2024-25_OKC_034,2024-12-24,OKC,SAC,False,True,35.5,29,4,11,1,0,3,2,6,4,True
SYN0020,Synthetic Player 020,2024-25,2024-25_OKC_035,2024-12-25,OKC,SAS,True,True,29.9,12,5,4,1,0,2,2,2,1,True
SYN0020,Synthetic Player 020,2024-25,2024-25_OKC_036,2024-12-28,OKC,TOR,False,True,28.8,14,5,3,1,0,2,2,1,1,True
SYN0020,Synthetic Player 020,2024-25,2024-25_OKC_037,2024-12-29,OKC,UTA,True,True,28.8,20,2,5,2,0,3,1,2,3,True
SYN0020,Synthetic Player 020,2024-25,2024-25_OKC_038,2024-12-31,OKC,WAS,False,True,29.1,18,4,6,1,0,3,2,3,1,True
SYN0020,Synthetic Player 020,2024-25,2024-25_OKC_039,2025-01-03,OKC,ATL,True,True,40.6,26,5,8,1,0,3,3,4,4,True
SYN0020,Synthetic Player 020,2024-25,2024-25_OKC_040,2025-01-05,OKC,BOS,False,True,25.2,10,4,2,1,0,2,1,1,1,True
SYN0020,Synthetic Player 020,2024-25,2024-25_OKC_041,2025-01-06,OKC,BKN,True,True,29.3,17,5,4,1,0,2,2,5,1,True
SYN0020,Synthetic Player 020,2024-25,2024-25_OKC_042,2025-01-08,OKC,CHA,False,True,33.2,13,4,8,2,0,4,2,3,2,True
SYN0020,Synthetic Player 020,2024-25,2024-25_OKC_043,2025-01-10,OKC,CHI,True,True,34.6,19,6,8,2,0,3,2,2,1,True
SYN0020,Synthetic Player 020,2024-25,2024-25_OKC_044,2025-01-13,OKC,CLE,False,True,30.3,19,4,7,1,0,2,2,2,1,True
SYN0020,Synthetic Player 020,2024-25,2024-25_OKC_045,2025-01-15,OKC,DAL,True,True,31.3,27,3,8,0,0,2,2,3,2,True
SYN0020,Synthetic Player 020,2024-25,2024-25_OKC_046,2025-01-17,OKC,DEN,False,True,28.0,6,2,5,2,0,1,1,1,1,True
SYN0020,Synthetic Player 020,2024-25,2024-25_OKC_047,2025-01-19,OKC,DET,True,True,29.1,12,3,6,2,0,1,2,2,1,True
SYN0020,Synthetic Player 020,2024-25,2024-25_OKC_048,2025-01-20,OKC,GSW,False,True,29.3,10,3,6,2,0,2,2,2,1,True
SYN0020,Synthetic Player 020,2024-25,2024-25_OKC_049,2025-01-23,OKC,HOU,True,True,42.5,18,4,7,2,1,3,3,2,3,True
SYN0020,Synthetic Player 020,2024-25,2024-25_OKC_050,2025-01-24,OKC,IND,False,True,30.2,14,5,8,1,0,3,2,2,2,True
SYN0020,Synthetic Player 020,2024-25,2024-25_OKC_051,2025-01-25,OKC,LAC,True,True,33.7,13,3,6,1,0,2,1,3,1,True
SYN0020,Synthetic Player 020,2024-25,2024-25_OKC_052,2025-01-27,OKC,LAL,False,True,33.9,16,5,6,1,0,2,2,3,0,True
SYN0020,Synthetic Player 020,2024-25,2024-25_OKC_053,2025-01-30,OKC,MEM,True,True,27.0,8,3,4,1,0,2,2,1,0,True
SYN0020,Synthetic Player 020,2024-25,2024-25_OKC_054,2025-02-01,OKC,MIA,False,True,28.5,8,3,4,2,0,3,2,1,1,True
SYN0020,Synthetic Player 020,2024-25,2024-25_OKC_055,2025-02-02,OKC,MIL,True,True,28.1,15,4,5,2,0,2,2,3,2,True
SYN0020,Synthetic Player 020,2024-25,2024-25_OKC_056,2025-02-05,OKC,MIN,False,True,29.8,17,4,6,1,0,3,2,2,2,True
SYN0020,Synthetic Player 020,2024-25,2024-25_OKC_057,2025-02-07,OKC,NOP,True,True,31.4,17,3,7,1,0,3,2,3,3,True
SYN0020,Synthetic Player 020,2024-25,2024-25_OKC_058,2025-02-09,OKC,NYK,False,True,36.1,25,5,8,2,0,3,2,3,3,True
SYN0020,Synthetic Player 020,2024-25,2024-25_OKC_059,2025-02-11,OKC,OKC,True,True,35.2,19,5,6,2,0,3,2,4,2,True
SYN0020,Synthetic Player 020,2024-25,2024-25_OKC_060,2025-02-12,OKC,ORL,False,True,32.1,14,5,7,2,0,3,2,2,2,True
SYN0020,Synthetic Player 020,2024-25,2024-25_OKC_061,2025-02-13,OKC,PHI,True,True,29.3,19,6,4,1,0,2,2,3,3,True
SYN0020,Synthetic Player 020,2024-25,2024-25_OKC_062,2025-02-15,OKC,PHX,False,True,29.2,23,6,6,1,0,3,2,4,2,True
SYN0020,Synthetic Player 020,2024-25,2024-25_OKC_063,2025-02-17,OKC,POR,True,True,32.6,37,5,3,2,0,3,1,10,3,True
SYN0020,Synthetic Player 020,2024-25,2024-25_OKC_064,2025-02-18,OKC,SAC,False,True,33.8,23,6,4,1,0,4,2,4,2,True
SYN0020,Synthetic Player 020,2024-25,2024-25_OKC_065,2025-02-20,OKC,SAS,True,True,31.4,9,4,8,1,0,2,2,1,1,True
SYN0020,Synthetic Player 020,2024-25,2024-25_OKC_066,2025-02-22,OKC,TOR,False,True,27.3,17,4,5,1,1,2,1,3,2,True
SYN0020,Synthetic Player 020,2024-25,2024-25_OKC_067,2025-02-24,OKC,UTA,True,True,31.7,17,5,8,1,0,3,2,1,3,True
SYN0020,Synthetic Player 020,2024-25,2024-25_OKC_068,2025-02-26,OKC,WAS,False,True,34.6,26,4,5,1,0,3,3,3,2,True
SYN0020,Synthetic Player 020,2024-25,2024-25_OKC_070,2025-03-03,OKC,BOS,False,True,34.2,23,5,5,1,0,3,2,3,4,True
SYN0020,Synthetic Player 020,2024-25,2024-25_OKC_071,2025-03-05,OKC,BKN,True,True,26.7,10,4,8,1,0,2,1,1,1,True
SYN0020,Synthetic Player 020,2024-25,2024-25_OKC_072,2025-03-07,OKC,CHA,False,True,26.1,8,3,4,1,0,2,2,2,1,True
SYN0020,Synthetic Player 020,2024-25,2024-25_OKC_073,2025-03-09,OKC,CHI,True,True,38.8,17,5,9,1,1,3,2,2,1,True
SYN0020,Synthetic Player 020,2024-25,2024-25_OKC_074,2025-03-10,OKC,CLE,False,True,29.6,16,6,6,1,0,2,2,2,1,True
SYN0020,Synthetic Player 020,2024-25,2024-25_OKC_075,2025-03-12,OKC,DAL,True,True,34.2,17,3,9,2,0,3,1,2,2,True
SYN0020,Synthetic Player 020,2024-25,2024-25_OKC_076,2025-03-14,OKC,DEN,False,True,31.1,17,4,7,1,0,2,2,3,1,True
SYN0020,Synthetic Player 020,2024-25,2024-25_OKC_077,2025-03-16,OKC,DET,True,False,22.5,10,3,4,1,0,2,1,2,1,True
SYN0020,Synthetic Player 020,2024-25,2024-25_OKC_078,2025-03-17,OKC,GSW,False,True,34.5,14,3,5,1,0,3,2,3,2,True
SYN0020,Synthetic Player 020,2024-25,2024-25_OKC_079,2025-03-19,OKC,HOU,True,True,27.9,20,5,7,1,0,3,2,4,3,True
SYN0021,Synthetic Player 021,2024-25,2024-25_ORL_000,2024-10-21,ORL,PHI,False,True,32.3,14,3,3,1,0,2,2,2,2,True
SYN0021,Synthetic Player 021,2024-25,2024-25_ORL_001,2024-10-23,ORL,PHX,True,True,26.3,10,3,4,1,0,2,2,1,1,True
SYN0021,Synthetic Player 021,2024-25,2024-25_ORL_002,2024-10-24,ORL,POR,False,False,23.2,13,3,2,1,0,2,1,2,1,True
SYN0021,Synthetic Player 021,2024-25,2024-25_ORL_003,2024-10-26,ORL,SAC,True,True,27.7,15,4,2,1,0,1,2,3,1,True
SYN0021,Synthetic Player 021,2024-25,2024-25_ORL_004,2024-10-27,ORL,SAS,False,False,21.7,16,2,1,1,0,1,1,3,2,True
SYN0021,Synthetic Player 021,2024-25,2024-25_ORL_005,2024-10-29,ORL,TOR,True,True,29.8,19,2,2,1,1,1,1,3,1,True
SYN0021,Synthetic Player 021,2024-25,2024-25_ORL_006,2024-10-31,ORL,UTA,False,False,23.8,8,4,2,1,0,2,2,2,1,True
SYN0021,Synthetic Player 021,2024-25,2024-25_ORL_007,2024-11-02,ORL,WAS,True,True,28.1,10,3,3,1,0,2,2,1,1,True
SYN0021,Synthetic Player 021,2024-25,2024-25_ORL_008,2024-11-04,ORL,ATL,False,False,21.3,8,2,2,0,0,1,1,2,1,True
SYN0021,Synthetic Player 021,2024-25,2024-25_ORL_009,2024-11-05,ORL,BOS,True,True,34.3,10,6,3,1,0,2,1,1,2,True
SYN0021,Synthetic Player 021,2024-25,2024-25_ORL_010,2024-11-06,ORL,BKN,False,True,29.9,11,3,3,1,0,2,2,2,2,True
SYN0021,Synthetic Player 021,2024-25,2024-25_ORL_011,2024-11-09,ORL,CHA,True,False,17.6,7,2,1,0,0,1,1,2,1,True
SYN0021,Synthetic Player 021,2024-25,2024-25_ORL_012,2024-11-11,ORL,CHI,False,True,33.1,19,4,4,1,0,2,2,4,2,True
SYN0021,Synthetic Player 021,2024-25,2024-25_ORL_013,2024-11-13,ORL,CLE,True,True,26.3,14,3,2,1,0,2,2,2,1,True
SYN0021,Synthetic Player 021,2024-25,2024-25_ORL_014,2024-11-15,ORL,DAL,False,False,17.7,5,2,1,1,0,1,1,1,1,True
SYN0021,Synthetic Player 021,2024-25,2024-25_ORL_015,2024-11-18,ORL,DEN,True,True,31.4,11,3,4,1,0,2,2,2,1,True
SYN0021,Synthetic Player 021,2024-25,2024-25_ORL_016,2024-11-20,ORL,DET,False,True,27.7,24,3,3,1,0,2,2,3,3,True
SYN0021,Synthetic Player 021,2024-25,2024-25_ORL_017,2024-11-23,ORL,GSW,True,True,26.5,7,3,3,1,0,2,2,1,1,True
SYN0021,Synthetic Player 021,2024-25,2024-25_ORL_020,2024-11-28,ORL,LAC,False,True,26.0,9,2,3,1,0,2,2,1,1,True
SYN0021,Synthetic Player 021,2024-25,2024-25_ORL_021,2024-11-29,ORL,LAL,True,True,24.3,10,3,1,1,0,1,1,2,1,True
SYN0021,Synthetic Player 021,2024-25,2024-25_ORL_022,2024-12-01,ORL,MEM,False,True,25.4,7,2,2,1,0,2,2,1,1,True
SYN0021,Synthetic Player 021,2024-25,2024-25_ORL_024,2024-12-04,ORL,MIL,False,True,27.4,17,4,3,1,0,1,2,3,2,True
SYN0021,Synthetic Player 021,2024-25,2024-25_ORL_025,2024-12-05,ORL,MIN,True,True,32.0,12,2,2,1,1,1,1,3,3,True
SYN0021,Synthetic Player 021,2024-25,2024-25_ORL_026,2024-12-08,ORL,NOP,False,True,30.5,12,3,2,1,0,2,2,2,1,True
SYN0021,Synthetic Player 021,2024-25,2024-25_ORL_027,2024-12-09,ORL,NYK,True,True,25.2,12,2,3,1,0,2,2,2,1,True
SYN0021,Synthetic Player 021,2024-25,2024-25_ORL_028,2024-12-11,ORL,OKC,False,True,27.7,15,2,3,1,0,2,1,3,2,True
SYN0021,Synthetic Player 021,2024-25,2024-25_ORL_029,2024-12-13,ORL,ORL,True,True,30.8,22,3,2,2,0,2,2,4,3,True
SYN0021,Synthetic Player 021,2024-25,2024-25_ORL_030,2024-12-14,ORL,PHI,False,True,24.9,8,2,2,1,0,1,2,2,1,True
SYN0021,Synthetic Player 021,2024-25,2024-25_ORL_031,2024-12-16,ORL,PHX,True,False,23.0,10,2,2,1,0,1,2,1,1,True
SYN0021,Synthetic Player 021,2024-25,2024-25_ORL_032,2024-12-18,ORL,POR,False,True,26.8,15,3,1,1,0,1,1,3,3,True
SYN0021,Synthetic Player 021,2024-25,2024-25_ORL_033,2024-12-19,ORL,SAC,True,True,27.5,15,4,2,1,0,2,2,3,3,True
SYN0021,Synthetic Player 021,2024-25,2024-25_ORL_034,2024-12-21,ORL,SAS,False,True,25.1,15,2,3,1,0,1,2,2,2,True
SYN0021,Synthetic Player 021,2024-25,2024-25_ORL_035,2024-12-23,ORL,TOR,True,True,33.9,13,4,3,1,0,2,2,3,1,True
SYN0021,Synthetic Player 021,2024-25,2024-25_ORL_036,2024-12-25,ORL,UTA,False,True,25.6,14,2,3,1,0,1,2,3,2,True
SYN0021,Synthetic Player 021,2024-25,2024-25_ORL_037,2024-12-27,ORL,WAS,True,True,26.8,11,2,3,1,0,2,2,1,1,True
SYN0021,Synthetic Player 021,2024-25,2024-25_ORL_038,2024-12-28,ORL,ATL,False,False,21.3,12,2,2,1,0,1,1,2,2,True
SYN0021,Synthetic Player 021,2024-25,2024-25_ORL_039,2024-12-30,ORL,BOS,True,True,26.0,10,3,2,1,0,1,2,2,1,True
SYN0021,Synthetic Player 021,2024-25,2024-25_ORL_040,2025-01-01,ORL,BKN,False,True,30.8,16,3,2,1,0,2,2,2,3,True
SYN0021,Synthetic Player 021,2024-25,2024-25_ORL_041,2025-01-03,ORL,CHA,True,True,25.0,16,3,2,1,0,1,2,2,1,True
SYN0021,Synthetic Player 021,2024-25,2024-25_ORL_042,2025-01-05,ORL,CHI,False,False,15.4,5,2,1,0,0,0,1,1,1,True
SYN0021,Synthetic Player 021,2024-25,2024-25_ORL_043,2025-01-08,ORL,CLE,True,True,33.1,13,4,3,1,0,2,2,3,1,True
SYN0021,Synthetic Player 021,2024-25,2024-25_ORL_044,2025-01-11,ORL,DAL,False,True,31.5,10,3,3,1,0,1,2,2,2,True
SYN0021,Synthetic Player 021,2024-25,2024-25_ORL_045,2025-01-14,ORL,DEN,True,True,30.0,23,4,2,1,0,2,2,3,2,True
SYN0021,Synthetic Player 021,2024-25,2024-25_ORL_046,2025-01-17,ORL,DET,False,True,28.3,13,3,3,1,0,2,2,2,1,True
SYN0021,Synthetic Player 021,2024-25,2024-25_ORL_047,2025-01-18,ORL,GSW,True,False,23.7,9,3,2,1,0,1,1,2,1,True
SYN0021,Synthetic Player 021,2024-25,2024-25_ORL_048,2025-01-19,ORL,HOU,False,True,29.3,15,4,3,1,0,2,2,2,3,True
SYN0021,Synthetic Player 021,2024-25,2024-25_ORL_049,2025-01-21,ORL,IND,True,True,26.5,14,3,3,1,0,2,2,2,1,True
SYN0021,Synthetic Player 021,2024-25,2024-25_ORL_050,2025-01-22,ORL,LAC,False,True,31.3,15,3,4,1,0,2,2,2,2,True
SYN0021,Synthetic Player 021,2024-25,2024-25_ORL_051,2025-01-24,ORL,LAL,True,True,26.8,12,3,2,1,0,1,2,2,2,True
SYN0021,Synthetic Player 021,2024-25,2024-25_ORL_052,2025-01-26,ORL,MEM,False,True,31.8,9,3,3,1,1,1,2,1,1,True
SYN0021,Synthetic Player 021,2024-25,2024-25_ORL_053,2025-01-27,ORL,MIA,True,False,19.4,14,2,2,1,0,1,1,3,1,True
SYN0021,Synthetic Player 021,2024-25,2024-25_ORL_054,2025-01-28,ORL,MIL,False,True,29.0,16,4,2,1,0,2,2,3,3,True
SYN0021,Synthetic Player 021,2024-25,2024-25_ORL_055,2025-01-30,ORL,MIN,True,True,25.2,16,2,3,1,0,1,2,2,2,True
SYN0021,Synthetic Player 021,2024-25,2024-25_ORL_056,2025-01-31,ORL,NOP,False,True,25.3,15,2,2,1,0,1,2,3,2,True
SYN0021,Synthetic Player 021,2024-25,2024-25_ORL_057,2025-02-02,ORL,NYK,True,True,34.2,10,4,3,1,0,2,2,1,1,True
SYN0021,Synthetic Player 021,2024-25,2024-25_ORL_058,2025-02-03,ORL,OKC,False,False,21.2,10,3,2,1,0,1,1,2,1,True
SYN0021,Synthetic Player 021,2024-25,2024-25_ORL_059,2025-02-05,ORL,ORL,True,True,32.6,12,5,3,1,0,1,2,2,1,True
SYN0021,Synthetic Player 021,2024-25,2024-25_ORL_060,2025-02-07,ORL,PHI,False,False,23.1,10,3,1,0,0,1,1,2,1,True
SYN0021,Synthetic Player 021,2024-25,2024-25_ORL_061,2025-02-09,ORL,PHX,True,True,27.2,10,3,2,1,1,2,1,1,2,True
SYN0021,Synthetic Player 021,2024-25,2024-25_ORL_062,2025-02-12,ORL,POR,False,True,29.0,11,4,3,1,0,2,2,2,1,True
SYN0021,Synthetic Player 021,2024-25,2024-25_ORL_063,2025-02-14,ORL,SAC,True,True,28.9,11,6,2,0,1,2,1,1,1,True
SYN0021,Synthetic Player 021,2024-25,2024-25_ORL_064,2025-02-17,ORL,SAS,False,False,22.5,9,4,3,1,0,2,2,1,1,True
SYN0021,Synthetic Player 021,2024-25,2024-25_ORL_065,2025-02-19,ORL,TOR,True,False,18.7,11,3,2,1,0,1,1,2,1,True
SYN0021,Synthetic Player 021,2024-25,2024-25_ORL_066,2025-02-21,ORL,UTA,False,False,17.2,12,2,2,0,0,1,1,2,2,True
SYN0021,Synthetic Player 021,2024-25,2024-25_ORL_067,2025-02-23,ORL,WAS,True,True,26.6,8,3,2,1,1,2,2,1,1,True
SYN0021,Synthetic Player 021,2024-25,2024-25_ORL_068,2025-02-25,ORL,ATL,False,True,24.9,8,2,3,1,0,2,1,1,1,True
SYN0021,Synthetic Player 021,2024-25,2024-25_ORL_069,2025-02-27,ORL,BOS,True,False,22.2,12,3,1,1,0,1,1,2,2,True
SYN0021,Synthetic Player 021,2024-25,2024-25_ORL_072,2025-03-04,ORL,CHI,False,True,31.5,12,3,3,2,0,2,2,2,2,True
SYN0021,Synthetic Player 021,2024-25,2024-25_ORL_073,2025-03-06,ORL,CLE,True,True,26.3,8,2,2,1,0,1,2,1,2,True
SYN0021,Synthetic Player 021,2024-25,2024-25_ORL_074,2025-03-09,ORL,DAL,False,True,26.9,14,3,2,1,0,2,2,3,1,True
SYN0021,Synthetic Player 021,2024-25,2024-25_ORL_075,2025-03-10,ORL,DEN,True,True,31.0,20,6,2,1,1,1,2,4,2,True
SYN0021,Synthetic Player 021,2024-25,2024-25_ORL_076,2025-03-12,ORL,DET,False,True,28.9,19,2,2,0,0,2,2,3,2,True
SYN0021,Synthetic Player 021,2024-25,2024-25_ORL_077,2025-03-14,ORL,GSW,True,False,21.0,10,2,1,1,0,1,1,2,2,True
SYN0021,Synthetic Player 021,2024-25,2024-25_ORL_078,2025-03-15,ORL,HOU,False,True,25.6,13,3,3,1,0,1,2,2,2,True
SYN0021,Synthetic Player 021,2024-25,2024-25_ORL_079,2025-03-16,ORL,IND,True,False,23.2,8,2,2,1,0,2,1,1,1,True
SYN0021,Synthetic Player 021,2024-25,2024-25_ORL_080,2025-03-18,ORL,LAC,False,True,29.5,15,2,3,1,1,2,2,2,2,True
SYN0022,Synthetic Player 022,2024-25,2024-25_PHI_000,2024-10-22,PHI,PHX,False,False,20.2,6,2,3,1,0,1,1,1,1,True
SYN0022,Synthetic Player 022,2024-25,2024-25_PHI_001,2024-10-24,PHI,POR,True,True,28.0,29,5,5,1,1,1,2,4,4,True
SYN0022,Synthetic Player 022,2024-25,2024-25_PHI_002,2024-10-26,PHI,SAC,False,True,26.4,12,4,3,1,0,1,2,1,1,True
SYN0022,Synthetic Player 022,2024-25,2024-25_PHI_003,2024-10-28,PHI,SAS,True,False,22.6,9,3,2,0,0,1,1,2,1,True
SYN0022,Synthetic Player 022,2024-25,2024-25_PHI_004,2024-10-30,PHI,TOR,False,True,30.7,16,6,2,1,0,2,2,4,2,True
SYN0022,Synthetic Player 022,2024-25,2024-25_PHI_005,2024-11-01,PHI,UTA,True,True,31.6,14,5,5,1,1,1,2,2,1,True
SYN0022,Synthetic Player 022,2024-25,2024-25_PHI_006,2024-11-03,PHI,WAS,False,False,21.1,9,4,1,0,0,1,1,1,1,True
SYN0022,Synthetic Player 022,2024-25,2024-25_PHI_007,2024-11-06,PHI,ATL,True,True,32.3,18,4,2,1,1,2,2,2,3,True
SYN0022,Synthetic Player 022,2024-25,2024-25_PHI_008,2024-11-08,PHI,BOS,False,True,30.5,23,4,4,1,0,2,2,3,3,True
SYN0022,Synthetic Player 022,2024-25,2024-25_PHI_009,2024-11-10,PHI,BKN,True,True,27.3,10,6,4,1,0,2,2,1,2,True
SYN0022,Synthetic Player 022,2024-25,2024-25_PHI_010,2024-11-11,PHI,CHA,False,True,30.6,22,3,3,1,1,2,2,4,3,True
SYN0022,Synthetic Player 022,2024-25,2024-25_PHI_011,2024-11-14,PHI,CHI,True,True,26.3,15,5,2,1,1,2,2,2,2,True
SYN0022,Synthetic Player 022,2024-25,2024-25_PHI_012,2024-11-15,PHI,CLE,False,True,30.9,22,6,3,1,0,2,2,3,3,True
SYN0022,Synthetic Player 022,2024-25,2024-25_PHI_013,2024-11-16,PHI,DAL,True,True,32.3,17,8,2,1,0,2,2,3,2,True
SYN0022,Synthetic Player 022,2024-25,2024-25_PHI_014,2024-11-18,PHI,DEN,False,True,27.4,19,4,3,1,0,2,2,5,2,True
SYN0022,Synthetic Player 022,2024-25,2024-25_PHI_015,2024-11-21,PHI,DET,True,False,21.5,10,4,2,1,1,1,1,2,1,True
SYN0022,Synthetic Player 022,2024-25,2024-25_PHI_016,2024-11-23,PHI,GSW,False,True,29.8,17,7,6,1,1,2,2,3,1,True
SYN0022,Synthetic Player 022,2024-25,2024-25_PHI_017,2024-11-24,PHI,HOU,True,True,28.8,12,5,3,1,1,1,2,2,1,True
SYN0022,Synthetic Player 022,2024-25,2024-25_PHI_018,2024-11-27,PHI,IND,False,True,36.7,23,8,4,1,1,1,2,5,2,True
SYN0022,Synthetic Player 022,2024-25,2024-25_PHI_019,2024-11-28,PHI,LAC,True,True,25.8,8,3,4,1,0,2,2,1,1,True
SYN0022,Synthetic Player 022,2024-25,2024-25_PHI_020,2024-12-01,PHI,LAL,False,True,26.3,15,4,3,1,0,1,2,2,2,True
SYN0022,Synthetic Player 022,2024-25,2024-25_PHI_021,2024-12-02,PHI,MEM,True,True,30.0,19,7,5,1,1,2,2,4,2,True
SYN0022,Synthetic Player 022,2024-25,2024-25_PHI_022,2024-12-04,PHI,MIA,False,False,23.2,14,3,3,1,0,2,2,2,2,True
SYN0022,Synthetic Player 022,2024-25,2024-25_PHI_023,2024-12-06,PHI,MIL,True,True,33.2,20,4,3,1,0,2,2,4,3,True
SYN0022,Synthetic Player 022,2024-25,2024-25_PHI_024,2024-12-08,PHI,MIN,False,True,31.4,14,6,4,1,0,2,2,2,1,True
SYN0022,Synthetic Player 022,2024-25,2024-25_PHI_026,2024-12-12,PHI,NYK,False,True,25.2,16,3,4,1,1,1,1,4,2,True
SYN0022,Synthetic Player 022,2024-25,2024-25_PHI_027,2024-12-13,PHI,OKC,True,True,34.0,26,7,4,1,0,2,3,5,2,True
SYN0022,Synthetic Player 022,2024-25,2024-25_PHI_028,2024-12-14,PHI,ORL,False,False,20.9,16,4,2,1,0,1,1,3,1,True
SYN0022,Synthetic Player 022,2024-25,2024-25_PHI_029,2024-12-16,PHI,PHI,True,True,26.8,10,6,2,1,1,2,1,1,1,True
SYN0022,Synthetic Player 022,2024-25,2024-25_PHI_030,2024-12-18,PHI,PHX,False,True,31.3,19,7,4,1,1,2,2,3,2,True
SYN0022,Synthetic Player 022,2024-25,2024-25_PHI_031,2024-12-21,PHI,POR,True,False,22.4,15,3,3,1,0,1,2,2,2,True
SYN0022,Synthetic Player 022,2024-25,2024-25_PHI_032,2024-12-22,PHI,SAC,False,True,32.1,18,7,4,2,1,3,2,3,3,True
SYN0022,Synthetic Player 022,2024-25,2024-25_PHI_033,2024-12-23,PHI,SAS,True,True,31.8,19,7,4,1,0,2,2,4,1,True
SYN0022,Synthetic Player 022,2024-25,2024-25_PHI_034,2024-12-26,PHI,TOR,False,True,24.6,16,4,3,1,0,2,1,3,1,True
SYN0022,Synthetic Player 022,2024-25,2024-25_PHI_035,2024-12-28,PHI,UTA,True,True,26.4,8,3,3,1,1,2,2,1,1,True
SYN0022,Synthetic Player 022,2024-25,2024-25_PHI_036,2024-12-29,PHI,WAS,False,True,26.4,16,4,2,1,1,1,2,2,3,True
SYN0022,Synthetic Player 022,2024-25,2024-25_PHI_037,2024-12-31,PHI,ATL,True,True,26.1,9,4,3,1,0,2,2,1,2,True
SYN0022,Synthetic Player 022,2024-25,2024-25_PHI_038,2025-01-01,PHI,BOS,False,True,24.6,16,4,3,1,0,2,1,2,2,True
SYN0022,Synthetic Player 022,2024-25,2024-25_PHI_039,2025-01-03,PHI,BKN,True,False,17.2,8,2,2,0,0,1,1,1,1,True
SYN0022,Synthetic Player 022,2024-25,2024-25_PHI_040,2025-01-04,PHI,CHA,False,True,27.0,16,5,2,1,0,1,2,3,2,True
SYN0022,Synthetic Player 022,2024-25,2024-25_PHI_041,2025-01-06,PHI,CHI,True,True,31.6,11,8,2,2,1,1,2,2,1,True
SYN0022,Synthetic Player 022,2024-25,2024-25_PHI_042,2025-01-08,PHI,CLE,False,True,26.1,12,4,3,1,0,2,2,2,1,True
SYN0022,Synthetic Player 022,2024-25,2024-25_PHI_043,2025-01-10,PHI,DAL,True,True,28.9,17,6,3,1,1,2,2,2,2,True
SYN0022,Synthetic Player 022,2024-25,2024-25_PHI_044,2025-01-12,PHI,DEN,False,True,37.6,20,7,3,1,1,3,2,4,2,True
SYN0022,Synthetic Player 022,2024-25,2024-25_PHI_045,2025-01-15,PHI,DET,True,True,32.7,14,9,4,1,0,2,2,2,1,True
SYN0022,Synthetic Player 022,2024-25,2024-25_PHI_046,2025-01-16,PHI,GSW,False,True,25.2,11,3,4,1,1,2,2,2,2,True
SYN0022,Synthetic Player 022,2024-25,2024-25_PHI_047,2025-01-18,PHI,HOU,True,True,24.7,11,4,2,1,0,1,2,2,1,True
SYN0022,Synthetic Player 022,2024-25,2024-25_PHI_048,2025-01-19,PHI,IND,False,True,30.4,14,5,4,1,1,3,2,1,1,True
SYN0022,Synthetic Player 022,2024-25,2024-25_PHI_049,2025-01-21,PHI,LAC,True,True,25.7,13,4,3,1,0,2,2,2,2,True
SYN0022,Synthetic Player 022,2024-25,2024-25_PHI_050,2025-01-23,PHI,LAL,False,True,30.9,16,3,5,1,0,2,2,2,3,True
SYN0022,Synthetic Player 022,2024-25,2024-25_PHI_051,2025-01-25,PHI,MEM,True,True,25.8,13,5,3,1,0,1,2,2,1,True
SYN0022,Synthetic Player 022,2024-25,2024-25_PHI_052,2025-01-26,PHI,MIA,False,True,27.3,20,5,5,1,0,1,1,3,3,True
SYN0022,Synthetic Player 022,2024-25,2024-25_PHI_053,2025-01-28,PHI,MIL,True,True,25.1,8,4,3,1,0,2,2,1,1,True
SYN0022,Synthetic Player 022,2024-25,2024-25_PHI_054,2025-01-30,PHI,MIN,False,True,30.5,25,5,6,1,0,1,2,4,3,True
SYN0022,Synthetic Player 022,2024-25,2024-25_PHI_055,2025-02-02,PHI,NOP,True,True,32.4,12,7,2,1,0,1,2,2,1,True
SYN0022,Synthetic Player 022,2024-25,2024-25_PHI_056,2025-02-04,PHI,NYK,False,False,23.2,14,3,2,1,0,1,1,2,1,True
SYN0022,Synthetic Player 022,2024-25,2024-25_PHI_057,2025-02-06,PHI,OKC,True,True,33.8,14,6,4,2,1,2,2,2,2,True
SYN0022,Synthetic Player 022,2024-25,2024-25_PHI_058,2025-02-07,PHI,ORL,False,True,29.2,16,6,3,1,1,2,2,3,2,True
SYN0022,Synthetic Player 022,2024-25,2024-25_PHI_059,2025-02-10,PHI,PHI,True,True,25.7,12,6,3,1,0,2,2,2,1,True
SYN0022,Synthetic Player 022,2024-25,2024-25_PHI_060,2025-02-11,PHI,PHX,False,True,25.0,12,5,2,1,0,1,2,1,1,True
SYN0022,Synthetic Player 022,2024-25,2024-25_PHI_061,2025-02-13,PHI,POR,True,True,26.3,16,5,4,1,0,1,2,2,3,True
SYN0022,Synthetic Player 022,2024-25,2024-25_PHI_062,2025-02-15,PHI,SAC,False,False,21.3,13,3,3,1,0,1,1,3,1,True
SYN0022,Synthetic Player 022,2024-25,2024-25_PHI_063,2025-02-17,PHI,SAS,True,True,25.7,21,3,3,1,0,1,2,4,2,True
SYN0022,Synthetic Player 022,2024-25,2024-25_PHI_064,2025-02-19,PHI,TOR,False,True,30.0,19,5,4,1,0,2,2,3,4,True
SYN0022,Synthetic Player 022,2024-25,2024-25_PHI_065,2025-02-21,PHI,UTA,True,True,29.1,16,5,2,1,0,2,2,3,2,True
SYN0022,Synthetic Player 022,2024-25,2024-25_PHI_066,2025-02-22,PHI,WAS,False,True,27.7,23,4,3,1,0,2,2,6,2,True
SYN0022,Synthetic Player 022,2024-25,2024-25_PHI_067,2025-02-25,PHI,ATL,True,True,37.1,13,5,5,2,1,3,2,3,1,True
SYN0022,Synthetic Player 022,2024-25,2024-25_PHI_068,2025-02-27,PHI,BOS,False,True,34.2,14,6,5,1,0,2,2,3,2,True
SYN0022,Synthetic Player 022,2024-25,2024-25_PHI_069,2025-02-28,PHI,BKN,True,True,24.7,13,3,4,1,1,2,1,3,1,True
SYN0022,Synthetic Player 022,2024-25,2024-25_PHI_070,2025-03-01,PHI,CHA,False,True,25.7,20,5,3,1,0,2,1,2,2,True
SYN0022,Synthetic Player 022,2024-25,2024-25_PHI_071,2025-03-02,PHI,CHI,True,True,31.1,16,3,6,1,1,2,2,2,2,True
SYN0022,Synthetic Player 022,2024-25,2024-25_PHI_072,2025-03-04,PHI,CLE,False,True,31.4,14,4,3,1,1,2,2,2,2,True
SYN0022,Synthetic Player 022,2024-25,2024-25_PHI_073,2025-03-07,PHI,DAL,True,False,19.8,13,3,3,1,0,1,1,1,1,True
SYN0022,Synthetic Player 022,2024-25,2024-25_PHI_074,2025-03-09,PHI,DEN,False,True,25.2,13,7,3,0,0,2,1,3,2,True
SYN0022,Synthetic Player 022,2024-25,2024-25_PHI_075,2025-03-11,PHI,DET,True,False,22.3,12,5,3,1,0,1,2,2,1,True
SYN0022,Synthetic Player 022,2024-25,2024-25_PHI_076,2025-03-13,PHI,GSW,False,True,26.2,13,5,3,1,0,1,2,3,1,True
SYN0022,Synthetic Player 022,2024-25,2024-25_PHI_077,2025-03-15,PHI,HOU,True,True,29.8,15,5,3,1,0,2,2,3,1,True
SYN0022,Synthetic Player 022,2024-25,2024-25_PHI_078,2025-03-18,PHI,IND,False,True,33.4,17,5,5,1,1,2,2,4,2,True
SYN0022,Synthetic Player 022,2024-25,2024-25_PHI_079,2025-03-20,PHI,LAC,True,True,27.1,10,4,4,1,1,2,1,2,0,True
SYN0022,Synthetic Player 022,2024-25,2024-25_PHI_080,2025-03-22,PHI,LAL,False,False,15.4,5,2,1,0,0,1,1,0,1,True
SYN0022,Synthetic Player 022,2024-25,2024-25_PHI_081,2025-03-24,PHI,MEM,True,True,30.2,17,5,4,1,0,2,2,3,2,True
SYN0023,Synthetic Player 023,2024-25,2024-25_PHX_000,2024-10-23,PHX,POR,False,False,15.5,5,3,1,0,0,1,1,1,0,True
SYN0023,Synthetic Player 023,2024-25,2024-25_PHX_001,2024-10-25,PHX,SAC,True,False,14.8,5,3,1,0,0,1,1,1,0,True
SYN0023,Synthetic Player 023,2024-25,2024-25_PHX_002,2024-10-26,PHX,SAS,False,False,14.2,4,3,1,0,0,1,1,1,0,True
SYN0023,Synthetic Player 023,2024-25,2024-25_PHX_003,2024-10-28,PHX,TOR,True,False,15.5,5,3,1,0,0,1,1,1,0,True
SYN0023,Synthetic Player 023,2024-25,2024-25_PHX_004,2024-10-29,PHX,UTA,False,False,7.7,3,1,0,0,0,0,1,0,0,True
SYN0023,Synthetic Player 023,2024-25,2024-25_PHX_005,2024-10-31,PHX,WAS,True,True,27.8,9,6,2,1,1,1,2,1,1,True
SYN0023,Synthetic Player 023,2024-25,2024-25_PHX_006,2024-11-02,PHX,ATL,False,False,6.2,2,1,0,0,0,0,0,0,0,True
SYN0023,Synthetic Player 023,2024-25,2024-25_PHX_008,2024-11-07,PHX,BKN,False,False,16.3,4,3,1,0,1,1,1,1,0,True
SYN0023,Synthetic Player 023,2024-25,2024-25_PHX_009,2024-11-09,PHX,CHA,True,False,14.8,5,3,1,0,1,1,1,1,0,True
SYN0023,Synthetic Player 023,2024-25,2024-25_PHX_010,2024-11-11,PHX,CHI,False,False,11.4,4,2,1,0,0,1,1,1,0,True
SYN0023,Synthetic Player 023,2024-25,2024-25_PHX_011,2024-11-13,PHX,CLE,True,False,19.6,5,5,1,0,1,1,1,1,0,True
SYN0023,Synthetic Player 023,2024-25,2024-25_PHX_012,2024-11-15,PHX,DAL,False,False,15.0,3,3,1,1,0,1,1,0,0,True
SYN0023,Synthetic Player 023,2024-25,2024-25_PHX_013,2024-11-17,PHX,DEN,True,False,12.4,4,3,0,0,0,1,1,0,0,True
SYN0023,Synthetic Player 023,2024-25,2024-25_PHX_014,2024-11-19,PHX,DET,False,False,12.4,4,2,0,0,0,0,1,0,0,True
SYN0023,Synthetic Player 023,2024-25,2024-25_PHX_015,2024-11-21,PHX,GSW,True,False,17.2,5,3,1,0,1,1,1,1,0,True
SYN0023,Synthetic Player 023,2024-25,2024-25_PHX_018,2024-11-24,PHX,LAC,False,False,9.2,3,2,1,0,0,0,1,0,0,True
SYN0023,Synthetic Player 023,2024-25,2024-25_PHX_019,2024-11-25,PHX,LAL,True,False,17.3,6,4,1,0,1,1,1,1,0,True
SYN0023,Synthetic Player 023,2024-25,2024-25_PHX_020,2024-11-26,PHX,MEM,False,False,21.4,5,4,1,0,1,1,2,1,0,True
SYN0023,Synthetic Player 023,2024-25,2024-25_PHX_021,2024-11-28,PHX,MIA,True,False,9.4,3,2,0,0,0,1,1,0,0,True
SYN0023,Synthetic Player 023,2024-25,2024-25_PHX_022,2024-11-29,PHX,MIL,False,False,13.8,4,3,1,0,0,1,1,1,0,True
SYN0023,Synthetic Player 023,2024-25,2024-25_PHX_023,2024-12-01,PHX,MIN,True,False,14.0,3,2,1,0,0,1,1,0,0,True
SYN0023,Synthetic Player 023,2024-25,2024-25_PHX_024,2024-12-02,PHX,NOP,False,False,14.7,4,2,1,0,0,1,1,1,0,True
SYN0023,Synthetic Player 023,2024-25,2024-25_PHX_025,2024-12-03,PHX,NYK,True,False,10.7,4,3,1,0,0,1,1,1,0,True
SYN0023,Synthetic Player 023,2024-25,2024-25_PHX_026,2024-12-04,PHX,OKC,False,False,7.7,3,1,1,0,0,0,1,0,0,True
SYN0023,Synthetic Player 023,2024-25,2024-25_PHX_027,2024-12-06,PHX,ORL,True,False,20.2,6,3,1,1,1,1,1,1,0,True
SYN0023,Synthetic Player 023,2024-25,2024-25_PHX_028,2024-12-08,PHX,PHI,False,False,14.5,5,3,1,0,0,1,1,1,0,True
SYN0023,Synthetic Player 023,2024-25,2024-25_PHX_029,2024-12-10,PHX,PHX,True,False,14.8,6,3,1,1,0,1,1,1,0,True
SYN0023,Synthetic Player 023,2024-25,2024-25_PHX_030,2024-12-12,PHX,POR,False,False,14.9,6,4,1,0,1,1,1,1,1,True
SYN0023,Synthetic Player 023,2024-25,2024-25_PHX_031,2024-12-14,PHX,SAC,True,False,11.3,3,3,1,0,0,1,1,0,0,True
SYN0023,Synthetic Player 023,2024-25,2024-25_PHX_032,2024-12-16,PHX,SAS,False,False,10.9,6,2,1,0,0,1,1,1,0,True
SYN0023,Synthetic Player 023,2024-25,2024-25_PHX_033,2024-12-18,PHX,TOR,True,False,11.0,4,3,1,0,0,1,1,1,0,True
SYN0023,Synthetic Player 023,2024-25,2024-25_PHX_034,2024-12-20,PHX,UTA,False,False,6.2,3,2,0,0,0,0,0,0,0,True
SYN0023,Synthetic Player 023,2024-25,2024-25_PHX_037,2024-12-25,PHX,BOS,True,False,18.5,5,4,1,0,0,1,2,1,0,True
SYN0023,Synthetic Player 023,2024-25,2024-25_PHX_038,2024-12-27,PHX,BKN,False,False,17.5,5,3,1,0,1,1,1,1,0,True
SYN0023,Synthetic Player 023,2024-25,2024-25_PHX_039,2024-12-28,PHX,CHA,True,False,21.3,7,5,1,1,0,1,1,1,0,True
SYN0023,Synthetic Player 023,2024-25,2024-25_PHX_040,2024-12-31,PHX,CHI,False,False,20.1,8,5,1,1,1,1,2,1,0,True
SYN0023,Synthetic Player 023,2024-25,2024-25_PHX_041,2025-01-03,PHX,CLE,True,False,13.7,5,3,1,0,0,1,1,1,0,True
SYN0023,Synthetic Player 023,2024-25,2024-25_PHX_042,2025-01-05,PHX,DAL,False,False,21.8,7,5,1,0,1,1,2,1,0,True
SYN0023,Synthetic Player 023,2024-25,2024-25_PHX_043,2025-01-07,PHX,DEN,True,False,16.4,5,4,1,0,0,1,1,1,0,True
SYN0023,Synthetic Player 023,2024-25,2024-25_PHX_044,2025-01-08,PHX,DET,False,False,11.9,4,2,1,0,0,1,1,1,0,True
SYN0023,Synthetic Player 023,2024-25,2024-25_PHX_045,2025-01-10,PHX,GSW,True,False,17.3,4,3,1,0,1,1,1,1,0,True
SYN0023,Synthetic Player 023,2024-25,2024-25_PHX_046,2025-01-12,PHX,HOU,False,False,9.4,3,2,0,0,0,0,1,0,0,True
SYN0023,Synthetic Player 023,2024-25,2024-25_PHX_047,2025-01-14,PHX,IND,True,False,10.0,3,2,1,0,0,0,1,0,0,True
SYN0023,Synthetic Player 023,2024-25,2024-25_PHX_052,2025-01-24,PHX,MIL,False,False,16.2,4,3,1,0,1,1,1,1,0,True
SYN0023,Synthetic Player 023,2024-25,2024-25_PHX_053,2025-01-26,PHX,MIN,True,False,9.4,3,2,0,0,0,0,1,0,0,True
SYN0023,Synthetic Player 023,2024-25,2024-25_PHX_054,2025-01-27,PHX,NOP,False,False,15.5,5,2,1,1,0,1,1,1,0,True
SYN0023,Synthetic Player 023,2024-25,2024-25_PHX_055,2025-01-28,PHX,NYK,True,False,12.8,4,3,1,0,0,1,1,1,0,True
SYN0023,Synthetic Player 023,2024-25,2024-25_PHX_056,2025-01-30,PHX,OKC,False,False,17.9,5,2,1,0,1,1,1,1,0,True
SYN0023,Synthetic Player 023,2024-25,2024-25_PHX_057,2025-01-31,PHX,ORL,True,False,12.0,3,2,1,0,0,1,1,0,0,True
SYN0023,Synthetic Player 023,2024-25,2024-25_PHX_058,2025-02-02,PHX,PHI,False,False,8.5,3,1,1,0,0,0,1,1,0,True
SYN0023,Synthetic Player 023,2024-25,2024-25_PHX_061,2025-02-08,PHX,SAC,True,False,11.3,3,2,1,0,0,1,1,1,0,True
SYN0023,Synthetic Player 023,2024-25,2024-25_PHX_062,2025-02-10,PHX,SAS,False,False,16.7,7,3,1,0,1,1,1,1,0,True
SYN0023,Synthetic Player 023,2024-25,2024-25_PHX_066,2025-02-17,PHX,ATL,False,False,15.1,3,3,1,0,1,1,1,0,0,True
SYN0023,Synthetic Player 023,2024-25,2024-25_PHX_067,2025-02-18,PHX,BOS,True,False,15.7,5,4,1,1,0,1,1,1,0,True
SYN0023,Synthetic Player 023,2024-25,2024-25_PHX_068,2025-02-19,PHX,BKN,False,False,6.4,2,1,0,0,0,0,1,0,0,True
SYN0023,Synthetic Player 023,2024-25,2024-25_PHX_069,2025-02-21,PHX,CHA,True,False,12.7,5,2,1,0,0,1,1,1,0,True
SYN0023,Synthetic Player 023,2024-25,2024-25_PHX_070,2025-02-24,PHX,CHI,False,False,12.1,4,2,1,0,0,1,1,1,0,True
SYN0023,Synthetic Player 023,2024-25,2024-25_PHX_071,2025-02-25,PHX,CLE,True,False,13.6,6,3,1,0,0,1,1,1,1,True
SYN0023,Synthetic Player 023,2024-25,2024-25_PHX_075,2025-03-04,PHX,GSW,True,False,19.4,7,3,1,1,1,1,1,1,0,True
SYN0023,Synthetic Player 023,2024-25,2024-25_PHX_076,2025-03-06,PHX,HOU,False,False,11.6,4,2,1,0,0,1,1,1,0,True
SYN0023,Synthetic Player 023,2024-25,2024-25_PHX_077,2025-03-08,PHX,IND,True,False,9.5,3,2,0,0,0,0,1,1,0,True
SYN0023,Synthetic Player 023,2024-25,2024-25_PHX_078,2025-03-10,PHX,LAC,False,False,9.5,2,2,0,0,0,1,1,0,0,True
SYN0023,Synthetic Player 023,2024-25,2024-25_PHX_079,2025-03-12,PHX,LAL,True,False,17.7,5,3,1,0,1,1,1,1,0,True
SYN0024,Synthetic Player 024,2024-25,2024-25_POR_000,2024-10-21,POR,SAC,False,True,24.4,10,6,3,1,1,2,2,2,0,True
SYN0024,Synthetic Player 024,2024-25,2024-25_POR_001,2024-10-24,POR,SAS,True,False,20.5,12,6,1,0,1,1,2,2,0,True
SYN0024,Synthetic Player 024,2024-25,2024-25_POR_002,2024-10-25,POR,TOR,False,True,24.9,6,9,2,1,1,1,2,1,0,True
SYN0024,Synthetic Player 024,2024-25,2024-25_POR_003,2024-10-28,POR,UTA,True,False,18.6,9,7,2,0,1,1,1,1,0,True
SYN0024,Synthetic Player 024,2024-25,2024-25_POR_004,2024-10-29,POR,WAS,False,True,27.8,15,5,2,1,1,1,2,2,0,True
SYN0024,Synthetic Player 024,2024-25,2024-25_POR_005,2024-10-30,POR,ATL,True,False,16.0,7,6,2,0,1,1,1,1,0,True
SYN0024,Synthetic Player 024,2024-25,2024-25_POR_006,2024-11-01,POR,BOS,False,False,22.6,7,5,2,1,1,1,1,1,0,True
SYN0024,Synthetic Player 024,2024-25,2024-25_POR_007,2024-11-03,POR,BKN,True,True,28.8,12,9,3,1,2,1,2,1,0,True
SYN0024,Synthetic Player 024,2024-25,2024-25_POR_008,2024-11-04,POR,CHA,False,False,21.9,11,6,1,0,1,1,2,2,0,True
SYN0024,Synthetic Player 024,2024-25,2024-25_POR_009,2024-11-06,POR,CHI,True,True,24.9,11,5,3,0,2,1,2,1,0,True
SYN0024,Synthetic Player 024,2024-25,2024-25_POR_010,2024-11-08,POR,CLE,False,False,20.8,12,8,2,0,1,1,2,2,1,True
SYN0024,Synthetic Player 024,2024-25,2024-25_POR_011,2024-11-10,POR,DAL,True,True,29.7,13,6,3,1,1,2,3,2,1,True
SYN0024,Synthetic Player 024,2024-25,2024-25_POR_012,2024-11-11,POR,DEN,False,True,25.8,10,5,3,0,2,2,2,1,0,True
SYN0024,Synthetic Player 024,2024-25,2024-25_POR_013,2024-11-12,POR,DET,True,True,24.8,13,8,3,1,2,1,2,1,0,True
SYN0024,Synthetic Player 024,2024-25,2024-25_POR_014,2024-11-15,POR,GSW,False,True,26.1,13,7,2,1,2,2,2,2,1,True
SYN0024,Synthetic Player 024,2024-25,2024-25_POR_015,2024-11-16,POR,HOU,True,True,24.2,11,5,2,1,1,1,2,2,0,True
SYN0024,Synthetic Player 024,2024-25,2024-25_POR_016,2024-11-18,POR,IND,False,True,25.4,14,6,3,1,1,1,2,3,0,True
SYN0024,Synthetic Player 024,2024-25,2024-25_POR_017,2024-11-20,POR,LAC,True,False,23.7,7,11,1,0,1,1,2,1,0,True
SYN0024,Synthetic Player 024,2024-25,2024-25_POR_024,2024-12-01,POR,NYK,False,True,29.1,9,5,2,1,1,2,3,1,0,True
SYN0024,Synthetic Player 024,2024-25,2024-25_POR_025,2024-12-03,POR,OKC,True,False,20.1,7,4,3,0,1,1,2,1,0,True
SYN0024,Synthetic Player 024,2024-25,2024-25_POR_026,2024-12-04,POR,ORL,False,False,20.6,12,6,2,0,2,1,2,2,1,True
SYN0024,Synthetic Player 024,2024-25,2024-25_POR_027,2024-12-06,POR,PHI,True,True,28.5,9,8,2,1,2,1,2,1,0,True
SYN0024,Synthetic Player 024,2024-25,2024-25_POR_028,2024-12-07,POR,PHX,False,True,27.7,12,6,3,1,1,2,2,2,0,True
SYN0024,Synthetic Player 024,2024-25,2024-25_POR_029,2024-12-09,POR,POR,True,True,32.7,21,8,4,1,2,2,2,2,1,True
SYN0024,Synthetic Player 024,2024-25,2024-25_POR_030,2024-12-10,POR,SAC,False,True,25.1,9,6,2,1,2,1,2,1,0,True
SYN0024,Synthetic Player 024,2024-25,2024-25_POR_031,2024-12-11,POR,SAS,True,False,19.3,7,4,2,0,2,1,2,1,0,True
SYN0024,Synthetic Player 024,2024-25,2024-25_POR_032,2024-12-13,POR,TOR,False,False,19.5,6,5,2,1,1,1,1,1,0,True
SYN0024,Synthetic Player 024,2024-25,2024-25_POR_033,2024-12-14,POR,UTA,True,False,18.9,12,7,2,0,1,1,2,1,0,True
SYN0024,Synthetic Player 024,2024-25,2024-25_POR_034,2024-12-16,POR,WAS,False,True,27.4,9,7,3,1,2,1,2,1,0,True
SYN0024,Synthetic Player 024,2024-25,2024-25_POR_035,2024-12-17,POR,ATL,True,False,21.0,9,5,2,1,1,1,2,2,0,True
SYN0024,Synthetic Player 024,2024-25,2024-25_POR_036,2024-12-19,POR,BOS,False,True,24.6,6,7,2,1,1,1,2,1,0,True
SYN0024,Synthetic Player 024,2024-25,2024-25_POR_037,2024-12-20,POR,BKN,True,True,25.1,9,5,3,1,1,1,2,2,0,True
SYN0024,Synthetic Player 024,2024-25,2024-25_POR_038,2024-12-22,POR,CHA,False,False,22.7,6,4,3,0,1,1,3,1,0,True
SYN0024,Synthetic Player 024,2024-25,2024-25_POR_039,2024-12-24,POR,CHI,True,True,27.9,7,8,2,0,1,2,2,1,0,True
SYN0024,Synthetic Player 024,2024-25,2024-25_POR_040,2024-12-25,POR,CLE,False,False,22.1,10,5,2,0,1,1,2,1,1,True
SYN0024,Synthetic Player 024,2024-25,2024-25_POR_041,2024-12-27,POR,DAL,True,False,17.7,8,5,2,0,1,1,1,1,0,True
SYN0024,Synthetic Player 024,2024-25,2024-25_POR_042,2024-12-29,POR,DEN,False,False,20.1,13,7,2,0,1,1,2,2,0,True
SYN0024,Synthetic Player 024,2024-25,2024-25_POR_043,2024-12-31,POR,DET,True,False,18.1,9,6,1,0,1,1,2,1,0,True
SYN0024,Synthetic Player 024,2024-25,2024-25_POR_044,2025-01-02,POR,GSW,False,False,17.3,6,7,1,0,1,1,1,1,0,True
SYN0024,Synthetic Player 024,2024-25,2024-25_POR_045,2025-01-03,POR,HOU,True,False,19.3,4,4,1,0,1,1,1,0,0,True
SYN0024,Synthetic Player 024,2024-25,2024-25_POR_046,2025-01-06,POR,IND,False,False,19.5,7,2,2,1,1,1,1,1,0,True
SYN0024,Synthetic Player 024,2024-25,2024-25_POR_048,2025-01-10,POR,LAL,False,False,17.7,7,3,2,0,1,1,1,1,0,True
SYN0024,Synthetic Player 024,2024-25,2024-25_POR_049,2025-01-12,POR,MEM,True,True,34.0,13,7,5,1,1,2,3,2,0,True
SYN0024,Synthetic Player 024,2024-25,2024-25_POR_050,2025-01-14,POR,MIA,False,True,24.7,8,8,2,1,2,1,2,1,0,True
SYN0024,Synthetic Player 024,2024-25,2024-25_POR_051,2025-01-15,POR,MIL,True,True,25.9,12,8,2,1,1,2,2,2,0,True
SYN0024,Synthetic Player 024,2024-25,2024-25_POR_052,2025-01-17,POR,MIN,False,False,16.7,4,5,2,0,1,1,1,1,0,True
SYN0024,Synthetic Player 024,2024-25,2024-25_POR_053,2025-01-19,POR,NOP,True,False,18.5,6,6,2,0,1,1,2,1,0,True
SYN0024,Synthetic Player 024,2024-25,2024-25_POR_057,2025-01-29,POR,PHI,True,True,29.5,15,7,2,1,1,1,2,2,0,True
SYN0024,Synthetic Player 024,2024-25,2024-25_POR_058,2025-02-01,POR,PHX,False,False,22.5,7,3,2,1,1,1,2,1,0,True
SYN0024,Synthetic Player 024,2024-25,2024-25_POR_059,2025-02-03,POR,POR,True,True,26.0,15,6,2,1,2,1,2,4,1,True
SYN0024,Synthetic Player 024,2024-25,2024-25_POR_060,2025-02-05,POR,SAC,False,False,20.1,11,5,1,0,1,1,1,2,0,True
SYN0024,Synthetic Player 024,2024-25,2024-25_POR_061,2025-02-07,POR,SAS,True,False,17.8,4,5,3,0,1,1,2,1,0,True
SYN0024,Synthetic Player 024,2024-25,2024-25_POR_062,2025-02-09,POR,TOR,False,True,24.2,17,10,1,1,1,1,2,2,0,True
SYN0024,Synthetic Player 024,2024-25,2024-25_POR_063,2025-02-10,POR,UTA,True,False,23.2,15,3,2,0,1,2,2,2,0,True
SYN0024,Synthetic Player 024,2024-25,2024-25_POR_064,2025-02-12,POR,WAS,False,True,24.6,12,5,2,0,1,2,2,2,0,True
SYN0024,Synthetic Player 024,2024-25,2024-25_POR_066,2025-02-17,POR,BOS,False,False,21.2,8,8,2,1,1,1,1,1,0,True
SYN0024,Synthetic Player 024,2024-25,2024-25_POR_067,2025-02-19,POR,BKN,True,False,22.3,9,7,1,1,2,1,2,1,0,True
SYN0024,Synthetic Player 024,2024-25,2024-25_POR_068,2025-02-22,POR,CHA,False,True,25.3,9,5,2,0,1,2,2,1,0,True
SYN0024,Synthetic Player 024,2024-25,2024-25_POR_069,2025-02-23,POR,CHI,True,False,21.2,9,7,1,0,1,1,2,1,0,True
SYN0024,Synthetic Player 024,2024-25,2024-25_POR_070,2025-02-24,POR,CLE,False,True,30.1,16,7,2,1,1,1,3,3,1,True
SYN0024,Synthetic Player 024,2024-25,2024-25_POR_071,2025-02-26,POR,DAL,True,True,25.6,5,7,2,1,1,2,2,0,0,True
SYN0024,Synthetic Player 024,2024-25,2024-25_POR_072,2025-02-28,POR,DEN,False,True,26.0,9,6,2,0,2,1,2,2,0,True
SYN0024,Synthetic Player 024,2024-25,2024-25_POR_073,2025-03-01,POR,DET,True,True,25.0,12,7,1,1,1,1,2,3,1,True
SYN0024,Synthetic Player 024,2024-25,2024-25_POR_074,2025-03-03,POR,GSW,False,False,21.1,5,7,2,1,1,1,2,1,0,True
SYN0024,Synthetic Player 024,2024-25,2024-25_POR_075,2025-03-05,POR,HOU,True,False,19.3,6,5,2,1,1,1,1,1,0,True
SYN0024,Synthetic Player 024,2024-25,2024-25_POR_076,2025-03-07,POR,IND,False,True,30.9,7,9,3,0,2,2,3,2,0,True
SYN0024,Synthetic Player 024,2024-25,2024-25_POR_077,2025-03-09,POR,LAC,True,True,25.1,14,8,3,1,1,1,2,2,1,True
SYN0024,Synthetic Player 024,2024-25,2024-25_POR_078,2025-03-10,POR,LAL,False,True,25.1,11,6,4,1,1,2,2,1,0,True
SYN0024,Synthetic Player 024,2024-25,2024-25_POR_079,2025-03-12,POR,MEM,True,True,25.9,17,5,2,0,2,1,2,4,1,True
SYN0024,Synthetic Player 024,2024-25,2024-25_POR_080,2025-03-14,POR,MIA,False,False,19.8,7,5,2,0,1,1,2,0,0,True
SYN0024,Synthetic Player 024,2024-25,2024-25_POR_081,2025-03-16,POR,MIL,True,True,25.9,12,7,2,1,1,2,2,3,0,True
SYN0025,Synthetic Player 025,2024-25,2024-25_SAC_000,2024-10-22,SAC,SAS,False,True,27.2,12,3,7,1,0,2,2,2,2,True
SYN0025,Synthetic Player 025,2024-25,2024-25_SAC_001,2024-10-24,SAC,TOR,True,True,29.9,12,7,6,1,0,2,2,1,1,True
SYN0025,Synthetic Player 025,2024-25,2024-25_SAC_002,2024-10-25,SAC,UTA,False,True,34.0,15,6,6,1,0,3,2,2,2,True
SYN0025,Synthetic Player 025,2024-25,2024-25_SAC_003,2024-10-26,SAC,WAS,True,True,28.8,16,4,5,1,0,2,2,2,2,True
SYN0025,Synthetic Player 025,2024-25,2024-25_SAC_004,2024-10-28,SAC,ATL,False,True,25.5,13,4,5,1,0,2,1,2,2,True
SYN0025,Synthetic Player 025,2024-25,2024-25_SAC_006,2024-10-31,SAC,BKN,False,True,26.9,14,5,4,1,0,2,1,2,1,True
SYN0025,Synthetic Player 025,2024-25,2024-25_SAC_007,2024-11-02,SAC,CHA,True,True,34.5,15,4,7,2,0,3,2,2,2,True
SYN0025,Synthetic Player 025,2024-25,2024-25_SAC_009,2024-11-06,SAC,CLE,True,True,28.1,19,4,5,1,0,2,1,4,2,True
SYN0025,Synthetic Player 025,2024-25,2024-25_SAC_010,2024-11-08,SAC,DAL,False,True,36.2,28,5,6,2,0,3,2,4,3,True
SYN0025,Synthetic Player 025,2024-25,2024-25_SAC_012,2024-11-12,SAC,DET,False,True,29.0,17,4,3,2,0,2,2,4,3,True
SYN0025,Synthetic Player 025,2024-25,2024-25_SAC_013,2024-11-13,SAC,GSW,True,True,31.8,19,6,6,1,0,2,2,2,1,True
SYN0025,Synthetic Player 025,2024-25,2024-25_SAC_014,2024-11-14,SAC,HOU,False,True,35.0,20,6,7,2,0,3,2,4,2,True
SYN0025,Synthetic Player 025,2024-25,2024-25_SAC_015,2024-11-15,SAC,IND,True,False,17.5,10,4,3,1,0,1,1,2,1,True
SYN0025,Synthetic Player 025,2024-25,2024-25_SAC_016,2024-11-17,SAC,LAC,False,True,32.8,16,5,5,2,0,3,2,2,1,True
SYN0025,Synthetic Player 025,2024-25,2024-25_SAC_017,2024-11-19,SAC,LAL,True,True,31.3,15,6,7,1,0,2,2,3,2,True
SYN0025,Synthetic Player 025,2024-25,2024-25_SAC_018,2024-11-21,SAC,MEM,False,True,28.7,21,5,4,1,0,2,2,2,3,True
SYN0025,Synthetic Player 025,2024-25,2024-25_SAC_020,2024-11-24,SAC,MIL,False,True,31.7,16,5,7,1,0,3,2,3,2,True
SYN0025,Synthetic Player 025,2024-25,2024-25_SAC_021,2024-11-25,SAC,MIN,True,True,31.2,16,4,5,1,0,3,2,4,2,True
SYN0025,Synthetic Player 025,2024-25,2024-25_SAC_022,2024-11-27,SAC,NOP,False,True,25.9,16,4,4,1,0,2,1,2,2,True
SYN0025,Synthetic Player 025,2024-25,2024-25_SAC_023,2024-11-28,SAC,NYK,True,True,24.6,9,4,6,1,0,2,2,1,1,True
SYN0025,Synthetic Player 025,2024-25,2024-25_SAC_027,2024-12-04,SAC,PHX,True,True,28.9,14,6,5,2,0,3,2,3,1,True
SYN0025,Synthetic Player 025,2024-25,2024-25_SAC_028,2024-12-06,SAC,POR,False,False,23.7,11,3,4,1,0,2,2,2,1,True
SYN0025,Synthetic Player 025,2024-25,2024-25_SAC_029,2024-12-07,SAC,SAC,True,True,38.1,18,7,6,2,0,3,2,3,2,True
SYN0025,Synthetic Player 025,2024-25,2024-25_SAC_030,2024-12-10,SAC,SAS,False,True,33.9,17,5,8,1,0,3,2,2,2,True
SYN0025,Synthetic Player 025,2024-25,2024-25_SAC_031,2024-12-11,SAC,TOR,True,True,33.3,19,4,6,1,0,2,2,3,2,True
SYN0025,Synthetic Player 025,2024-25,2024-25_SAC_032,2024-12-13,SAC,UTA,False,True,35.3,21,7,8,1,0,3,2,4,2,True
SYN0025,Synthetic Player 025,2024-25,2024-25_SAC_033,2024-12-14,SAC,WAS,True,True,35.5,19,7,7,2,0,3,2,4,3,True
SYN0025,Synthetic Player 025,2024-25,2024-25_SAC_034,2024-12-16,SAC,ATL,False,True,28.6,11,5,6,1,0,2,2,1,1,True
SYN0025,Synthetic Player 025,2024-25,2024-25_SAC_035,2024-12-18,SAC,BOS,True,True,27.8,17,5,3,2,0,2,1,3,3,True
SYN0025,Synthetic Player 025,2024-25,2024-25_SAC_043,2025-01-05,SAC,GSW,True,True,38.2,17,5,6,2,0,3,2,2,2,True
SYN0025,Synthetic Player 025,2024-25,2024-25_SAC_044,2025-01-07,SAC,HOU,False,True,29.1,14,6,4,1,0,2,2,2,2,True
SYN0025,Synthetic Player 025,2024-25,2024-25_SAC_045,2025-01-09,SAC,IND,True,True,25.1,10,5,4,1,0,2,1,2,1,True
SYN0025,Synthetic Player 025,2024-25,2024-25_SAC_052,2025-01-21,SAC,NOP,False,True,35.1,33,5,7,1,0,2,2,4,3,True
SYN0025,Synthetic Player 025,2024-25,2024-25_SAC_053,2025-01-23,SAC,NYK,True,True,28.5,14,5,7,1,0,2,2,2,1,True
SYN0025,Synthetic Player 025,2024-25,2024-25_SAC_054,2025-01-24,SAC,OKC,False,False,20.0,14,2,5,1,0,2,1,3,3,True
SYN0025,Synthetic Player 025,2024-25,2024-25_SAC_055,2025-01-26,SAC,ORL,True,True,30.8,11,5,6,1,0,2,2,2,1,True
SYN0025,Synthetic Player 025,2024-25,2024-25_SAC_056,2025-01-29,SAC,PHI,False,True,30.2,13,3,6,1,0,2,1,2,1,True
SYN0025,Synthetic Player 025,2024-25,2024-25_SAC_057,2025-01-31,SAC,PHX,True,True,29.3,12,5,5,1,0,3,2,2,1,True
SYN0025,Synthetic Player 025,2024-25,2024-25_SAC_058,2025-02-02,SAC,POR,False,True,24.8,12,3,5,1,0,2,1,1,1,True
SYN0025,Synthetic Player 025,2024-25,2024-25_SAC_059,2025-02-04,SAC,SAC,True,True,30.7,11,5,6,1,0,2,2,2,1,True
SYN0025,Synthetic Player 025,2024-25,2024-25_SAC_060,2025-02-05,SAC,SAS,False,True,32.8,21,4,9,1,0,3,2,3,3,True
SYN0025,Synthetic Player 025,2024-25,2024-25_SAC_061,2025-02-06,SAC,TOR,True,True,26.1,14,4,8,1,0,2,1,2,1,True
SYN0025,Synthetic Player 025,2024-25,2024-25_SAC_062,2025-02-08,SAC,UTA,False,True,33.5,19,4,9,1,0,3,2,4,2,True
SYN0025,Synthetic Player 025,2024-25,2024-25_SAC_063,2025-02-10,SAC,WAS,True,True,33.9,16,7,7,2,0,3,2,3,1,True
SYN0025,Synthetic Player 025,2024-25,2024-25_SAC_064,2025-02-13,SAC,ATL,False,True,33.2,23,6,4,1,0,3,2,4,2,True
SYN0025,Synthetic Player 025,2024-25,2024-25_SAC_065,2025-02-15,SAC,BOS,True,True,24.2,23,3,4,1,0,2,1,4,2,True
SYN0025,Synthetic Player 025,2024-25,2024-25_SAC_066,2025-02-17,SAC,BKN,False,True,25.1,7,4,6,1,0,2,1,1,1,True
SYN0025,Synthetic Player 025,2024-25,2024-25_SAC_067,2025-02-19,SAC,CHA,True,True,31.7,17,4,6,1,0,3,2,3,1,True
SYN0025,Synthetic Player 025,2024-25,2024-25_SAC_068,2025-02-21,SAC,CHI,False,True,30.1,10,5,7,2,0,3,2,1,1,True
SYN0025,Synthetic Player 025,2024-25,2024-25_SAC_069,2025-02-23,SAC,CLE,True,True,27.1,17,4,6,1,0,2,2,3,2,True
SYN0025,Synthetic Player 025,2024-25,2024-25_SAC_070,2025-02-24,SAC,DAL,False,True,30.9,13,5,4,1,0,3,2,2,1,True
SYN0025,Synthetic Player 025,2024-25,2024-25_SAC_071,2025-02-25,SAC,DEN,True,True,34.7,13,6,6,1,0,3,2,2,2,True
SYN0025,Synthetic Player 025,2024-25,2024-25_SAC_072,2025-02-27,SAC,DET,False,True,34.0,25,4,5,1,0,3,2,4,3,True
SYN0025,Synthetic Player 025,2024-25,2024-25_SAC_073,2025-03-01,SAC,GSW,True,True,25.8,15,4,5,1,0,2,2,3,2,True
SYN0025,Synthetic Player 025,2024-25,2024-25_SAC_074,2025-03-02,SAC,HOU,False,False,23.8,9,3,4,1,0,2,1,1,1,True
SYN0025,Synthetic Player 025,2024-25,2024-25_SAC_075,2025-03-03,SAC,IND,True,True,28.9,18,3,7,1,0,2,2,2,1,True
SYN0025,Synthetic Player 025,2024-25,2024-25_SAC_076,2025-03-04,SAC,LAC,False,True,30.1,14,5,4,1,0,2,2,3,1,True
SYN0025,Synthetic Player 025,2024-25,2024-25_SAC_077,2025-03-07,SAC,LAL,True,True,35.0,25,6,7,1,0,3,2,4,3,True
SYN0025,Synthetic Player 025,2024-25,2024-25_SAC_078,2025-03-09,SAC,MEM,False,True,28.6,15,4,5,1,0,2,2,3,1,True
SYN0025,Synthetic Player 025,2024-25,2024-25_SAC_079,2025-03-10,SAC,MIA,True,True,24.8,13,5,4,1,0,2,1,2,1,True
SYN0025,Synthetic Player 025,2024-25,2024-25_SAC_080,2025-03-12,SAC,MIL,False,True,27.4,11,5,6,1,0,3,1,2,1,True
SYN0025,Synthetic Player 025,2024-25,2024-25_SAC_081,2025-03-14,SAC,MIN,True,True,26.5,11,5,7,1,0,2,1,2,1,True
SYN0026,Synthetic Player 026,2024-25,2024-25_SAS_000,2024-10-23,SAS,TOR,False,True,27.0,22,3,1,1,0,1,2,3,2,True
SYN0026,Synthetic Player 026,2024-25,2024-25_SAS_001,2024-10-25,SAS,UTA,True,True,26.8,21,5,2,1,0,2,2,4,2,True
SYN0026,Synthetic Player 026,2024-25,2024-25_SAS_002,2024-10-27,SAS,WAS,False,True,33.2,22,4,5,1,0,2,2,5,2,True
SYN0026,Synthetic Player 026,2024-25,2024-25_SAS_003,2024-10-28,SAS,ATL,True,True,28.3,10,3,1,1,0,1,2,2,1,True
SYN0026,Synthetic Player 026,2024-25,2024-25_SAS_004,2024-10-29,SAS,BOS,False,True,26.0,12,3,3,1,0,2,2,2,2,True
SYN0026,Synthetic Player 026,2024-25,2024-25_SAS_005,2024-10-30,SAS,BKN,True,True,31.8,27,5,4,1,0,2,1,6,3,True
SYN0026,Synthetic Player 026,2024-25,2024-25_SAS_007,2024-11-03,SAS,CHI,True,True,31.6,15,3,4,1,0,2,2,3,2,True
SYN0026,Synthetic Player 026,2024-25,2024-25_SAS_008,2024-11-05,SAS,CLE,False,True,24.4,15,3,2,0,0,1,2,3,2,True
SYN0026,Synthetic Player 026,2024-25,2024-25_SAS_009,2024-11-07,SAS,DAL,True,True,30.4,23,5,4,1,0,2,2,5,3,True
SYN0026,Synthetic Player 026,2024-25,2024-25_SAS_016,2024-11-18,SAS,LAL,False,True,25.0,10,2,3,1,0,2,2,1,1,True
SYN0026,Synthetic Player 026,2024-25,2024-25_SAS_017,2024-11-19,SAS,MEM,True,True,33.6,15,4,5,2,0,2,2,3,2,True
SYN0026,Synthetic Player 026,2024-25,2024-25_SAS_018,2024-11-21,SAS,MIA,False,True,28.2,25,5,5,1,0,2,1,4,5,True
SYN0026,Synthetic Player 026,2024-25,2024-25_SAS_019,2024-11-23,SAS,MIL,True,True,32.3,20,3,5,1,0,2,2,4,3,True
SYN0026,Synthetic Player 026,2024-25,2024-25_SAS_020,2024-11-25,SAS,MIN,False,True,24.9,14,3,3,1,0,2,1,3,2,True
SYN0026,Synthetic Player 026,2024-25,2024-25_SAS_021,2024-11-27,SAS,NOP,True,True,30.4,15,4,3,1,0,2,2,3,2,True
SYN0026,Synthetic Player 026,2024-25,2024-25_SAS_022,2024-11-29,SAS,NYK,False,True,25.1,16,4,2,1,0,2,1,3,3,True
SYN0026,Synthetic Player 026,2024-25,2024-25_SAS_023,2024-12-01,SAS,OKC,True,True,31.8,22,3,5,1,0,2,2,5,3,True
SYN0026,Synthetic Player 026,2024-25,2024-25_SAS_024,2024-12-02,SAS,ORL,False,True,29.2,9,4,6,1,0,2,2,1,1,True
SYN0026,Synthetic Player 026,2024-25,2024-25_SAS_025,2024-12-04,SAS,PHI,True,True,32.8,28,5,5,1,0,2,3,4,5,True
SYN0026,Synthetic Player 026,2024-25,2024-25_SAS_026,2024-12-05,SAS,PHX,False,True,31.2,19,4,4,1,0,2,2,4,3,True
SYN0026,Synthetic Player 026,2024-25,2024-25_SAS_027,2024-12-06,SAS,POR,True,True,24.5,13,5,2,1,0,1,2,2,2,True
SYN0026,Synthetic Player 026,2024-25,2024-25_SAS_029,2024-12-11,SAS,SAS,True,False,19.4,16,2,3,0,0,1,1,3,2,True
SYN0026,Synthetic Player 026,2024-25,2024-25_SAS_030,2024-12-13,SAS,TOR,False,False,20.7,10,3,3,1,0,1,1,1,2,True
SYN0026,Synthetic Player 026,2024-25,2024-25_SAS_031,2024-12-15,SAS,UTA,True,False,19.1,9,3,2,1,0,1,1,1,1,True
SYN0026,Synthetic Player 026,2024-25,2024-25_SAS_032,2024-12-17,SAS,WAS,False,False,22.8,16,3,2,0,0,2,1,3,2,True
SYN0026,Synthetic Player 026,2024-25,2024-25_SAS_033,2024-12-19,SAS,ATL,True,True,26.9,24,6,3,1,0,2,2,3,4,True
SYN0026,Synthetic Player 026,2024-25,2024-25_SAS_036,2024-12-23,SAS,CHA,False,True,27.3,17,3,3,1,0,2,2,4,2,True
SYN0026,Synthetic Player 026,2024-25,2024-25_SAS_037,2024-12-25,SAS,CHI,True,True,33.1,22,4,6,1,0,2,2,3,3,True
SYN0026,Synthetic Player 026,2024-25,2024-25_SAS_038,2024-12-28,SAS,CLE,False,True,31.8,11,4,3,1,0,2,2,2,1,True
SYN0026,Synthetic Player 026,2024-25,2024-25_SAS_039,2024-12-29,SAS,DAL,True,True,28.5,13,3,3,1,0,2,2,2,1,True
SYN0026,Synthetic Player 026,2024-25,2024-25_SAS_040,2024-12-30,SAS,DEN,False,True,35.9,23,4,4,2,1,2,2,3,3,True
SYN0026,Synthetic Player 026,2024-25,2024-25_SAS_041,2025-01-01,SAS,DET,True,True,25.6,11,3,3,1,0,1,2,2,1,True
SYN0026,Synthetic Player 026,2024-25,2024-25_SAS_045,2025-01-08,SAS,LAC,True,True,32.4,30,5,6,1,0,2,2,5,4,True
SYN0026,Synthetic Player 026,2024-25,2024-25_SAS_046,2025-01-10,SAS,LAL,False,True,28.7,30,4,4,1,0,2,2,7,4,True
SYN0026,Synthetic Player 026,2024-25,2024-25_SAS_047,2025-01-12,SAS,MEM,True,True,28.5,13,4,3,1,0,2,2,3,1,True
SYN0026,Synthetic Player 026,2024-25,2024-25_SAS_049,2025-01-17,SAS,MIL,True,True,26.2,18,4,4,1,0,2,2,3,3,True
SYN0026,Synthetic Player 026,2024-25,2024-25_SAS_050,2025-01-18,SAS,MIN,False,True,29.6,18,4,5,1,0,2,2,3,2,True
SYN0026,Synthetic Player 026,2024-25,2024-25_SAS_051,2025-01-19,SAS,NOP,True,True,26.9,12,3,3,1,0,1,2,2,2,True
SYN0026,Synthetic Player 026,2024-25,2024-25_SAS_052,2025-01-21,SAS,NYK,False,True,28.9,24,3,3,1,1,2,2,5,4,True
SYN0026,Synthetic Player 026,2024-25,2024-25_SAS_053,2025-01-23,SAS,OKC,True,True,26.8,13,3,3,1,0,1,2,2,1,True
SYN0026,Synthetic Player 026,2024-25,2024-25_SAS_054,2025-01-26,SAS,ORL,False,True,26.7,19,3,4,1,0,2,2,4,3,True
SYN0026,Synthetic Player 026,2024-25,2024-25_SAS_055,2025-01-27,SAS,PHI,True,True,28.5,21,4,3,1,0,2,2,4,2,True
SYN0026,Synthetic Player 026,2024-25,2024-25_SAS_056,2025-01-29,SAS,PHX,False,True,33.3,23,4,6,1,1,2,2,5,3,True
SYN0026,Synthetic Player 026,2024-25,2024-25_SAS_057,2025-01-31,SAS,POR,True,False,21.2,12,3,2,1,0,1,1,2,1,True
SYN0026,Synthetic Player 026,2024-25,2024-25_SAS_058,2025-02-02,SAS,SAC,False,False,21.4,13,2,2,1,0,1,2,2,2,True
SYN0026,Synthetic Player 026,2024-25,2024-25_SAS_059,2025-02-04,SAS,SAS,True,True,24.7,17,3,3,1,0,2,1,2,2,True
SYN0026,Synthetic Player 026,2024-25,2024-25_SAS_060,2025-02-06,SAS,TOR,False,False,19.0,10,3,1,0,0,1,1,2,1,True
SYN0026,Synthetic Player 026,2024-25,2024-25_SAS_061,2025-02-08,SAS,UTA,True,True,31.0,25,4,3,2,0,2,2,4,2,True
SYN0026,Synthetic Player 026,2024-25,2024-25_SAS_062,2025-02-10,SAS,WAS,False,True,25.3,15,3,3,1,0,2,2,2,2,True
SYN0026,Synthetic Player 026,2024-25,2024-25_SAS_063,2025-02-11,SAS,ATL,True,True,33.6,23,6,4,1,0,2,2,3,4,True
SYN0026,Synthetic Player 026,2024-25,2024-25_SAS_064,2025-02-13,SAS,BOS,False,True,27.9,21,3,3,1,0,2,2,3,3,True
SYN0026,Synthetic Player 026,2024-25,2024-25_SAS_065,2025-02-15,SAS,BKN,True,True,26.5,11,2,3,1,0,1,2,1,1,True
SYN0026,Synthetic Player 026,2024-25,2024-25_SAS_066,2025-02-18,SAS,CHA,False,True,27.6,20,4,4,1,0,2,2,4,2,True
SYN0026,Synthetic Player 026,2024-25,2024-25_SAS_067,2025-02-20,SAS,CHI,True,True,28.8,14,3,5,1,0,2,2,2,2,True
SYN0026,Synthetic Player 026,2024-25,2024-25_SAS_068,2025-02-22,SAS,CLE,False,False,23.4,13,3,4,1,0,1,1,2,2,True
SYN0026,Synthetic Player 026,2024-25,2024-25_SAS_069,2025-02-23,SAS,DAL,True,False,18.8,8,3,2,1,0,1,1,2,1,True
SYN0026,Synthetic Player 026,2024-25,2024-25_SAS_070,2025-02-24,SAS,DEN,False,False,21.7,11,2,2,1,0,2,1,2,2,True
SYN0026,Synthetic Player 026,2024-25,2024-25_SAS_071,2025-02-26,SAS,DET,True,True,31.0,16,3,4,1,0,3,2,3,2,True
SYN0026,Synthetic Player 026,2024-25,2024-25_SAS_072,2025-02-28,SAS,GSW,False,True,38.5,21,5,4,1,0,2,2,3,2,True
SYN0026,Synthetic Player 026,2024-25,2024-25_SAS_073,2025-03-02,SAS,HOU,True,True,30.7,24,3,5,1,0,2,2,5,2,True
SYN0026,Synthetic Player 026,2024-25,2024-25_SAS_074,2025-03-04,SAS,IND,False,True,39.7,23,4,5,1,0,3,2,4,3,True
SYN0026,Synthetic Player 026,2024-25,2024-25_SAS_075,2025-03-06,SAS,LAC,True,False,21.1,17,2,2,1,0,2,1,3,2,True
SYN0026,Synthetic Player 026,2024-25,2024-25_SAS_076,2025-03-08,SAS,LAL,False,True,24.2,15,3,4,1,0,1,1,3,3,True
SYN0026,Synthetic Player 026,2024-25,2024-25_SAS_077,2025-03-09,SAS,MEM,True,True,31.9,22,3,3,1,0,1,2,3,3,True
SYN0026,Synthetic Player 026,2024-25,2024-25_SAS_078,2025-03-10,SAS,MIA,False,True,28.7,23,3,3,1,0,2,2,3,4,True
SYN0026,Synthetic Player 026,2024-25,2024-25_SAS_079,2025-03-11,SAS,MIL,True,True,28.1,25,5,4,1,0,2,2,4,4,True
SYN0026,Synthetic Player 026,2024-25,2024-25_SAS_080,2025-03-13,SAS,MIN,False,True,37.8,28,4,4,1,1,2,3,5,4,True
SYN0026,Synthetic Player 026,2024-25,2024-25_SAS_081,2025-03-15,SAS,NOP,True,True,35.8,30,4,6,1,0,2,2,5,3,True
SYN0027,Synthetic Player 027,2024-25,2024-25_TOR_000,2024-10-21,TOR,UTA,False,False,18.8,14,4,4,1,0,1,1,3,2,True
SYN0027,Synthetic Player 027,2024-25,2024-25_TOR_001,2024-10-23,TOR,WAS,True,False,15.4,13,3,4,1,0,1,1,2,2,True
SYN0027,Synthetic Player 027,2024-25,2024-25_TOR_002,2024-10-25,TOR,ATL,False,False,22.0,13,3,3,1,0,1,2,2,2,True
SYN0027,Synthetic Player 027,2024-25,2024-25_TOR_003,2024-10-27,TOR,BOS,True,False,20.1,13,3,3,1,0,1,1,2,2,True
SYN0027,Synthetic Player 027,2024-25,2024-25_TOR_004,2024-10-29,TOR,BKN,False,False,18.9,12,4,4,0,1,1,1,1,1,True
SYN0027,Synthetic Player 027,2024-25,2024-25_TOR_005,2024-11-01,TOR,CHA,True,False,13.1,8,2,3,0,0,1,1,2,1,True
SYN0027,Synthetic Player 027,2024-25,2024-25_TOR_006,2024-11-02,TOR,CHI,False,False,15.4,10,3,2,0,0,1,1,1,1,True
SYN0027,Synthetic Player 027,2024-25,2024-25_TOR_007,2024-11-04,TOR,CLE,True,False,18.4,20,3,3,1,0,1,1,4,3,True
SYN0027,Synthetic Player 027,2024-25,2024-25_TOR_008,2024-11-06,TOR,DAL,False,False,14.2,9,2,2,1,0,1,1,2,1,True
SYN0027,Synthetic Player 027,2024-25,2024-25_TOR_009,2024-11-07,TOR,DEN,True,False,23.4,13,4,3,1,0,2,1,2,1,True
SYN0027,Synthetic Player 027,2024-25,2024-25_TOR_010,2024-11-08,TOR,DET,False,False,12.4,8,2,2,0,0,1,1,1,1,True
SYN0027,Synthetic Player 027,2024-25,2024-25_TOR_011,2024-11-10,TOR,GSW,True,False,19.5,10,4,3,1,0,1,1,1,1,True
SYN0027,Synthetic Player 027,2024-25,2024-25_TOR_012,2024-11-12,TOR,HOU,False,False,19.6,15,4,3,1,0,1,1,3,1,True
SYN0027,Synthetic Player 027,2024-25,2024-25_TOR_013,2024-11-13,TOR,IND,True,False,14.3,6,4,2,1,0,1,1,1,1,True
SYN0027,Synthetic Player 027,2024-25,2024-25_TOR_014,2024-11-16,TOR,LAC,False,False,20.0,13,4,3,1,0,2,1,2,1,True
SYN0027,Synthetic Player 027,2024-25,2024-25_TOR_015,2024-11-18,TOR,LAL,True,False,19.1,11,3,3,0,0,1,1,2,2,True
SYN0027,Synthetic Player 027,2024-25,2024-25_TOR_016,2024-11-19,TOR,MEM,False,False,21.5,19,3,3,0,0,1,1,3,2,True
SYN0027,Synthetic Player 027,2024-25,2024-25_TOR_017,2024-11-21,TOR,MIA,True,False,18.9,16,4,5,1,0,1,1,3,1,True
SYN0027,Synthetic Player 027,2024-25,2024-25_TOR_018,2024-11-23,TOR,MIL,False,False,15.2,10,3,3,1,0,1,1,2,1,True
SYN0027,Synthetic Player 027,2024-25,2024-25_TOR_019,2024-11-25,TOR,MIN,True,False,14.9,11,4,2,1,0,1,1,2,1,True
SYN0027,Synthetic Player 027,2024-25,2024-25_TOR_020,2024-11-27,TOR,NOP,False,False,20.9,9,3,2,1,0,1,1,1,1,True
SYN0027,Synthetic Player 027,2024-25,2024-25_TOR_021,2024-11-29,TOR,NYK,True,False,17.4,6,4,4,1,0,1,1,1,1,True
SYN0027,Synthetic Player 027,2024-25,2024-25_TOR_022,2024-11-30,TOR,OKC,False,False,21.9,24,4,4,1,0,2,1,5,2,True
SYN0027,Synthetic Player 027,2024-25,2024-25_TOR_023,2024-12-02,TOR,ORL,True,False,17.5,11,3,2,1,0,2,1,1,1,True
SYN0027,Synthetic Player 027,2024-25,2024-25_TOR_024,2024-12-04,TOR,PHI,False,False,22.7,20,4,3,1,0,1,1,3,3,True
SYN0027,Synthetic Player 027,2024-25,2024-25_TOR_025,2024-12-06,TOR,PHX,True,False,13.4,8,2,2,0,0,1,1,2,1,True
SYN0027,Synthetic Player 027,2024-25,2024-25_TOR_026,2024-12-08,TOR,POR,False,False,15.5,10,3,3,0,0,1,1,2,1,True
SYN0027,Synthetic Player 027,2024-25,2024-25_TOR_027,2024-12-09,TOR,SAC,True,True,26.0,19,4,4,1,0,1,2,3,2,True
SYN0027,Synthetic Player 027,2024-25,2024-25_TOR_028,2024-12-11,TOR,SAS,False,False,17.2,7,3,3,0,0,1,1,1,1,True
SYN0027,Synthetic Player 027,2024-25,2024-25_TOR_029,2024-12-12,TOR,TOR,True,False,16.4,9,2,3,0,0,1,1,1,1,True
SYN0027,Synthetic Player 027,2024-25,2024-25_TOR_030,2024-12-13,TOR,UTA,False,False,21.0,25,4,3,1,0,1,1,5,3,True
SYN0027,Synthetic Player 027,2024-25,2024-25_TOR_031,2024-12-16,TOR,WAS,True,False,16.7,11,3,4,0,0,1,1,2,1,True
SYN0027,Synthetic Player 027,2024-25,2024-25_TOR_032,2024-12-18,TOR,ATL,False,False,13.3,9,3,2,0,0,1,1,2,1,True
SYN0027,Synthetic Player 027,2024-25,2024-25_TOR_033,2024-12-20,TOR,BOS,True,False,16.3,11,2,3,1,0,1,1,2,1,True
SYN0027,Synthetic Player 027,2024-25,2024-25_TOR_034,2024-12-21,TOR,BKN,False,False,15.3,11,3,2,0,0,1,1,1,2,True
SYN0027,Synthetic Player 027,2024-25,2024-25_TOR_035,2024-12-22,TOR,CHA,True,False,15.0,6,2,2,1,0,1,1,1,1,True
SYN0027,Synthetic Player 027,2024-25,2024-25_TOR_036,2024-12-24,TOR,CHI,False,False,15.3,9,3,4,0,0,1,1,2,1,True
SYN0027,Synthetic Player 027,2024-25,2024-25_TOR_037,2024-12-26,TOR,CLE,True,False,19.7,17,3,4,1,0,1,1,2,2,True
SYN0027,Synthetic Player 027,2024-25,2024-25_TOR_038,2024-12-27,TOR,DAL,False,False,16.5,11,3,3,1,0,1,1,2,1,True
SYN0027,Synthetic Player 027,2024-25,2024-25_TOR_039,2024-12-29,TOR,DEN,True,False,19.0,15,3,2,1,0,1,1,2,1,True
SYN0027,Synthetic Player 027,2024-25,2024-25_TOR_040,2024-12-31,TOR,DET,False,False,16.3,11,4,3,0,0,1,1,1,1,True
SYN0027,Synthetic Player 027,2024-25,2024-25_TOR_041,2025-01-02,TOR,GSW,True,False,22.2,14,3,3,1,0,1,1,2,1,True
SYN0027,Synthetic Player 027,2024-25,2024-25_TOR_042,2025-01-04,TOR,HOU,False,True,24.3,16,5,4,1,0,1,1,2,2,True
SYN0027,Synthetic Player 027,2024-25,2024-25_TOR_043,2025-01-06,TOR,IND,True,False,13.1,10,2,2,0,0,1,1,1,2,True
SYN0027,Synthetic Player 027,2024-25,2024-25_TOR_044,2025-01-08,TOR,LAC,False,True,24.2,13,5,4,0,0,2,2,2,1,True
SYN0027,Synthetic Player 027,2024-25,2024-25_TOR_045,2025-01-09,TOR,LAL,True,False,17.8,11,4,3,0,0,1,1,1,1,True
SYN0027,Synthetic Player 027,2024-25,2024-25_TOR_046,2025-01-11,TOR,MEM,False,False,23.1,21,6,4,1,0,1,1,3,2,True
SYN0027,Synthetic Player 027,2024-25,2024-25_TOR_047,2025-01-13,TOR,MIA,True,False,18.0,16,5,4,0,0,1,1,3,2,True
SYN0027,Synthetic Player 027,2024-25,2024-25_TOR_048,2025-01-14,TOR,MIL,False,False,17.9,14,4,4,0,0,2,1,2,2,True
SYN0027,Synthetic Player 027,2024-25,2024-25_TOR_052,2025-01-23,TOR,OKC,False,False,20.9,20,4,5,1,0,2,1,4,2,True
SYN0027,Synthetic Player 027,2024-25,2024-25_TOR_053,2025-01-24,TOR,ORL,True,False,17.3,10,3,3,1,0,1,1,2,1,True
SYN0027,Synthetic Player 027,2024-25,2024-25_TOR_054,2025-01-26,TOR,PHI,False,True,25.9,11,6,4,1,1,2,2,1,1,True
SYN0027,Synthetic Player 027,2024-25,2024-25_TOR_055,2025-01-27,TOR,PHX,True,False,17.3,6,4,2,1,0,1,1,1,1,True
SYN0027,Synthetic Player 027,2024-25,2024-25_TOR_056,2025-01-29,TOR,POR,False,False,21.1,7,4,3,1,0,1,1,1,1,True
SYN0027,Synthetic Player 027,2024-25,2024-25_TOR_057,2025-01-31,TOR,SAC,True,False,15.8,13,3,2,0,0,1,1,2,1,True
SYN0027,Synthetic Player 027,2024-25,2024-25_TOR_058,2025-02-02,TOR,SAS,False,True,24.1,14,4,5,1,1,2,2,3,1,True
SYN0027,Synthetic Player 027,2024-25,2024-25_TOR_059,2025-02-03,TOR,TOR,True,False,22.4,15,4,5,1,0,1,1,4,2,True
SYN0027,Synthetic Player 027,2024-25,2024-25_TOR_060,2025-02-04,TOR,UTA,False,False,23.9,20,4,4,0,0,1,2,3,2,True
SYN0027,Synthetic Player 027,2024-25,2024-25_TOR_061,2025-02-05,TOR,WAS,True,False,11.3,8,2,3,0,0,1,1,1,1,True
SYN0027,Synthetic Player 027,2024-25,2024-25_TOR_062,2025-02-07,TOR,ATL,False,False,22.8,13,3,4,0,0,2,2,2,1,True
SYN0027,Synthetic Player 027,2024-25,2024-25_TOR_063,2025-02-09,TOR,BOS,True,False,11.6,9,3,3,0,0,1,1,1,1,True
SYN0027,Synthetic Player 027,2024-25,2024-25_TOR_064,2025-02-11,TOR,BKN,False,False,14.8,9,2,3,1,0,1,1,1,1,True
SYN0027,Synthetic Player 027,2024-25,2024-25_TOR_065,2025-02-12,TOR,CHA,True,False,22.7,19,5,3,0,0,1,1,3,1,True
SYN0027,Synthetic Player 027,2024-25,2024-25_TOR_066,2025-02-14,TOR,CHI,False,False,15.0,10,4,2,1,0,1,1,1,1,True
SYN0027,Synthetic Player 027,2024-25,2024-25_TOR_067,2025-02-15,TOR,CLE,True,True,26.1,20,6,4,1,0,2,2,4,3,True
SYN0027,Synthetic Player 027,2024-25,2024-25_TOR_069,2025-02-18,TOR,DEN,True,False,21.2,11,3,4,1,0,2,1,2,1,True
SYN0027,Synthetic Player 027,2024-25,2024-25_TOR_070,2025-02-20,TOR,DET,False,False,23.5,20,5,3,1,1,2,2,3,3,True
SYN0027,Synthetic Player 027,2024-25,2024-25_TOR_071,2025-02-21,TOR,GSW,True,False,19.4,12,4,3,1,0,1,1,2,1,True
SYN0027,Synthetic Player 027,2024-25,2024-25_TOR_072,2025-02-22,TOR,HOU,False,False,21.7,14,3,2,1,0,1,1,2,2,True
SYN0027,Synthetic Player 027,2024-25,2024-25_TOR_073,2025-02-23,TOR,IND,True,False,13.1,6,3,2,0,0,1,1,1,1,True
SYN0027,Synthetic Player 027,2024-25,2024-25_TOR_074,2025-02-24,TOR,LAC,False,False,22.7,13,5,3,1,0,2,2,2,2,True
SYN0027,Synthetic Player 027,2024-25,2024-25_TOR_075,2025-02-26,TOR,LAL,True,False,18.5,8,4,3,1,0,1,1,2,1,True
SYN0027,Synthetic Player 027,2024-25,2024-25_TOR_076,2025-02-28,TOR,MEM,False,True,26.4,12,5,5,1,0,2,2,2,1,True
SYN0027,Synthetic Player 027,2024-25,2024-25_TOR_077,2025-03-02,TOR,MIA,True,False,14.9,14,3,3,1,0,1,1,3,2,True
SYN0027,Synthetic Player 027,2024-25,2024-25_TOR_078,2025-03-04,TOR,MIL,False,False,12.9,7,2,2,0,0,1,1,1,1,True
SYN0027,Synthetic Player 027,2024-25,2024-25_TOR_079,2025-03-05,TOR,MIN,True,False,18.5,15,4,3,1,1,2,1,3,2,True
SYN0027,Synthetic Player 027,2024-25,2024-25_TOR_080,2025-03-07,TOR,NOP,False,False,12.3,9,2,2,0,0,1,1,2,1,True
SYN0027,Synthetic Player 027,2024-25,2024-25_TOR_081,2025-03-08,TOR,NYK,True,False,20.3,11,3,3,1,0,1,1,3,1,True
SYN0028,Synthetic Player 028,2024-25,2024-25_UTA_000,2024-10-22,UTA,WAS,False,True,28.6,8,4,3,1,1,2,2,1,1,True
SYN0028,Synthetic Player 028,2024-25,2024-25_UTA_001,2024-10-24,UTA,ATL,True,False,20.0,4,5,2,0,0,1,1,0,0,True
SYN0028,Synthetic Player 028,2024-25,2024-25_UTA_002,2024-10-26,UTA,BOS,False,True,25.0,13,5,3,1,1,2,2,3,1,True
SYN0028,Synthetic Player 028,2024-25,2024-25_UTA_003,2024-10-27,UTA,BKN,True,True,30.4,18,3,3,1,1,2,2,3,1,True
SYN0028,Synthetic Player 028,2024-25,2024-25_UTA_004,2024-10-29,UTA,CHA,False,True,27.8,10,6,1,0,1,1,2,1,0,True
SYN0028,Synthetic Player 028,2024-25,2024-25_UTA_005,2024-10-31,UTA,CHI,True,True,33.1,14,7,3,1,1,1,2,1,1,True
SYN0028,Synthetic Player 028,2024-25,2024-25_UTA_006,2024-11-03,UTA,CLE,False,True,36.1,18,2,2,0,1,3,2,3,1,True
SYN0028,Synthetic Player 028,2024-25,2024-25_UTA_007,2024-11-05,UTA,DAL,True,True,36.5,12,5,4,1,1,1,2,2,1,True
SYN0028,Synthetic Player 028,2024-25,2024-25_UTA_008,2024-11-07,UTA,DEN,False,True,33.7,7,7,2,1,1,2,2,1,1,True
SYN0028,Synthetic Player 028,2024-25,2024-25_UTA_009,2024-11-09,UTA,DET,True,True,27.5,4,5,3,1,1,2,2,0,0,True
SYN0028,Synthetic Player 028,2024-25,2024-25_UTA_010,2024-11-11,UTA,GSW,False,False,18.5,5,3,1,0,1,1,1,1,0,True
SYN0028,Synthetic Player 028,2024-25,2024-25_UTA_011,2024-11-13,UTA,HOU,True,True,28.4,12,5,2,1,1,1,2,2,0,True
SYN0028,Synthetic Player 028,2024-25,2024-25_UTA_012,2024-11-14,UTA,IND,False,True,26.8,11,4,3,1,1,2,2,1,1,True
SYN0028,Synthetic Player 028,2024-25,2024-25_UTA_013,2024-11-16,UTA,LAC,True,False,19.8,7,3,1,0,1,1,1,1,0,True
SYN0028,Synthetic Player 028,2024-25,2024-25_UTA_014,2024-11-18,UTA,LAL,False,True,33.2,10,7,2,1,1,2,3,2,0,True
SYN0028,Synthetic Player 028,2024-25,2024-25_UTA_015,2024-11-20,UTA,MEM,True,True,32.3,8,3,5,1,1,2,2,1,0,True
SYN0028,Synthetic Player 028,2024-25,2024-25_UTA_016,2024-11-23,UTA,MIA,False,True,30.4,12,6,2,1,1,1,2,2,1,True
SYN0028,Synthetic Player 028,2024-25,2024-25_UTA_017,2024-11-24,UTA,MIL,True,True,27.1,6,6,2,1,1,1,2,1,0,True
SYN0028,Synthetic Player 028,2024-25,2024-25_UTA_018,2024-11-25,UTA,MIN,False,True,30.9,12,4,3,1,0,1,1,2,1,True
SYN0028,Synthetic Player 028,2024-25,2024-25_UTA_019,2024-11-27,UTA,NOP,True,True,30.4,8,5,2,2,1,2,2,1,1,True
SYN0028,Synthetic Player 028,2024-25,2024-25_UTA_020,2024-11-29,UTA,NYK,False,True,28.6,7,5,2,1,0,2,2,1,1,True
SYN0028,Synthetic Player 028,2024-25,2024-25_UTA_021,2024-12-01,UTA,OKC,True,True,24.9,7,5,3,1,1,1,1,1,0,True
SYN0028,Synthetic Player 028,2024-25,2024-25_UTA_022,2024-12-02,UTA,ORL,False,True,26.3,14,5,2,1,1,1,2,1,1,True
SYN0028,Synthetic Player 028,2024-25,2024-25_UTA_023,2024-12-03,UTA,PHI,True,True,26.5,8,6,2,1,1,1,2,1,0,True
SYN0028,Synthetic Player 028,2024-25,2024-25_UTA_024,2024-12-05,UTA,PHX,False,False,22.1,6,4,2,1,0,1,1,1,0,True
SYN0028,Synthetic Player 028,2024-25,2024-25_UTA_037,2024-12-25,UTA,DAL,True,False,23.8,5,4,1,1,1,2,1,1,0,True
SYN0028,Synthetic Player 028,2024-25,2024-25_UTA_038,2024-12-26,UTA,DEN,False,True,31.5,11,5,3,1,2,2,2,2,1,True
SYN0028,Synthetic Player 028,2024-25,2024-25_UTA_039,2024-12-27,UTA,DET,True,True,28.2,9,6,2,0,1,2,2,2,1,True
SYN0028,Synthetic Player 028,2024-25,2024-25_UTA_040,2024-12-29,UTA,GSW,False,True,24.1,9,4,2,1,1,1,1,1,1,True
SYN0028,Synthetic Player 028,2024-25,2024-25_UTA_041,2024-12-31,UTA,HOU,True,True,27.1,5,8,4,1,0,1,2,1,0,True
SYN0028,Synthetic Player 028,2024-25,2024-25_UTA_042,2025-01-01,UTA,IND,False,False,22.0,9,3,3,1,0,1,2,1,0,True
SYN0028,Synthetic Player 028,2024-25,2024-25_UTA_043,2025-01-03,UTA,LAC,True,True,35.8,10,6,3,1,1,2,2,1,1,True
SYN0028,Synthetic Player 028,2024-25,2024-25_UTA_046,2025-01-09,UTA,MIA,False,True,31.9,9,9,2,1,1,2,2,1,1,True
SYN0028,Synthetic Player 028,2024-25,2024-25_UTA_047,2025-01-11,UTA,MIL,True,True,24.1,12,5,1,1,0,1,2,1,1,True
SYN0028,Synthetic Player 028,2024-25,2024-25_UTA_048,2025-01-13,UTA,MIN,False,False,22.1,7,6,1,1,1,1,2,1,0,True
SYN0028,Synthetic Player 028,2024-25,2024-25_UTA_049,2025-01-14,UTA,NOP,True,True,27.7,11,6,2,1,0,1,2,1,1,True
SYN0028,Synthetic Player 028,2024-25,2024-25_UTA_050,2025-01-16,UTA,NYK,False,True,30.8,8,4,2,1,1,1,2,1,0,True
SYN0028,Synthetic Player 028,2024-25,2024-25_UTA_051,2025-01-18,UTA,OKC,True,True,30.2,8,4,3,1,1,2,2,1,0,True
SYN0028,Synthetic Player 028,2024-25,2024-25_UTA_052,2025-01-20,UTA,ORL,False,True,25.6,4,4,2,1,1,1,2,1,0,True
SYN0028,Synthetic Player 028,2024-25,2024-25_UTA_053,2025-01-22,UTA,PHI,True,True,25.3,5,4,2,1,0,1,1,1,0,True
SYN0028,Synthetic Player 028,2024-25,2024-25_UTA_054,2025-01-24,UTA,PHX,False,False,22.4,4,5,2,0,0,1,2,1,0,True
SYN0028,Synthetic Player 028,2024-25,2024-25_UTA_055,2025-01-26,UTA,POR,True,True,27.7,7,4,4,1,1,1,2,1,0,True
SYN0028,Synthetic Player 028,2024-25,2024-25_UTA_056,2025-01-28,UTA,SAC,False,True,26.1,8,7,4,1,1,1,2,1,0,True
SYN0028,Synthetic Player 028,2024-25,2024-25_UTA_057,2025-01-30,UTA,SAS,True,True,27.9,7,5,2,1,1,2,1,1,1,True
SYN0028,Synthetic Player 028,2024-25,2024-25_UTA_058,2025-02-01,UTA,TOR,False,True,24.6,6,3,1,0,1,1,2,1,0,True
SYN0028,Synthetic Player 028,2024-25,2024-25_UTA_059,2025-02-03,UTA,UTA,True,True,30.3,11,6,3,1,1,1,3,1,0,True
SYN0028,Synthetic Player 028,2024-25,2024-25_UTA_060,2025-02-05,UTA,WAS,False,True,26.4,5,6,2,0,0,1,2,1,0,True
SYN0028,Synthetic Player 028,2024-25,2024-25_UTA_061,2025-02-08,UTA,ATL,True,True,34.3,27,9,4,1,1,2,3,2,1,True
SYN0028,Synthetic Player 028,2024-25,2024-25_UTA_062,2025-02-10,UTA,BOS,False,True,29.7,13,6,2,0,1,1,3,2,1,True
SYN0028,Synthetic Player 028,2024-25,2024-25_UTA_063,2025-02-11,UTA,BKN,True,True,30.4,7,5,3,1,1,2,2,1,0,True
SYN0028,Synthetic Player 028,2024-25,2024-25_UTA_064,2025-02-13,UTA,CHA,False,True,30.0,4,5,3,1,1,1,2,0,0,True
SYN0028,Synthetic Player 028,2024-25,2024-25_UTA_065,2025-02-14,UTA,CHI,True,True,29.3,12,9,2,0,1,2,3,2,1,True
SYN0028,Synthetic Player 028,2024-25,2024-25_UTA_066,2025-02-16,UTA,CLE,False,True,26.0,6,3,3,1,0,1,3,1,0,True
SYN0028,Synthetic Player 028,2024-25,2024-25_UTA_067,2025-02-18,UTA,DAL,True,True,25.2,5,3,2,1,1,1,2,1,0,True
SYN0028,Synthetic Player 028,2024-25,2024-25_UTA_068,2025-02-20,UTA,DEN,False,True,33.5,11,3,4,1,1,1,2,1,1,True
SYN0028,Synthetic Player 028,2024-25,2024-25_UTA_069,2025-02-21,UTA,DET,True,True,30.6,8,5,3,1,1,2,2,1,0,True
SYN0028,Synthetic Player 028,2024-25,2024-25_UTA_070,2025-02-23,UTA,GSW,False,False,23.7,5,5,1,1,0,1,2,0,0,True
SYN0028,Synthetic Player 028,2024-25,2024-25_UTA_071,2025-02-26,UTA,HOU,True,True,26.2,10,4,3,1,1,1,2,2,1,True
SYN0028,Synthetic Player 028,2024-25,2024-25_UTA_072,2025-02-27,UTA,IND,False,False,16.0,2,3,1,0,0,1,1,0,0,True
SYN0028,Synthetic Player 028,2024-25,2024-25_UTA_073,2025-03-01,UTA,LAC,True,False,22.6,12,3,1,1,1,1,1,1,1,True
SYN0028,Synthetic Player 028,2024-25,2024-25_UTA_074,2025-03-02,UTA,LAL,False,True,31.9,13,4,5,1,1,2,3,1,1,True
SYN0028,Synthetic Player 028,2024-25,2024-25_UTA_075,2025-03-05,UTA,MEM,True,True,31.1,8,6,3,1,1,2,2,1,1,True
SYN0028,Synthetic Player 028,2024-25,2024-25_UTA_076,2025-03-06,UTA,MIA,False,True,30.6,6,5,3,2,1,1,3,1,0,True
SYN0028,Synthetic Player 028,2024-25,2024-25_UTA_077,2025-03-08,UTA,MIL,True,True,27.1,8,2,1,1,1,2,2,1,1,True
SYN0028,Synthetic Player 028,2024-25,2024-25_UTA_078,2025-03-10,UTA,MIN,False,True,34.1,8,5,4,1,1,1,2,1,1,True
SYN0028,Synthetic Player 028,2024-25,2024-25_UTA_079,2025-03-12,UTA,NOP,True,True,28.1,10,3,2,1,1,1,2,1,1,True
SYN0028,Synthetic Player 028,2024-25,2024-25_UTA_080,2025-03-13,UTA,NYK,False,True,33.2,16,4,3,1,1,2,3,3,1,True
SYN0028,Synthetic Player 028,2024-25,2024-25_UTA_081,2025-03-14,UTA,OKC,True,True,32.7,8,8,3,1,0,2,3,1,1,True
SYN0029,Synthetic Player 029,2024-25,2024-25_WAS_010,2024-11-11,WAS,HOU,False,False,21.2,12,6,2,0,1,1,2,2,0,True
SYN0029,Synthetic Player 029,2024-25,2024-25_WAS_011,2024-11-13,WAS,IND,True,False,19.2,7,4,2,1,1,1,1,1,0,True
SYN0029,Synthetic Player 029,2024-25,2024-25_WAS_012,2024-11-14,WAS,LAC,False,False,20.6,9,7,2,0,1,1,2,1,0,True
SYN0029,Synthetic Player 029,2024-25,2024-25_WAS_013,2024-11-16,WAS,LAL,True,False,23.3,9,6,2,1,1,1,2,1,0,True
SYN0029,Synthetic Player 029,2024-25,2024-25_WAS_014,2024-11-17,WAS,MEM,False,False,19.0,10,5,2,0,1,1,2,2,0,True
SYN0029,Synthetic Player 029,2024-25,2024-25_WAS_015,2024-11-18,WAS,MIA,True,False,23.8,11,5,2,0,2,1,2,2,0,True
SYN0029,Synthetic Player 029,2024-25,2024-25_WAS_042,2024-12-31,WAS,LAC,False,True,30.0,15,11,3,1,1,2,2,2,0,True
SYN0029,Synthetic Player 029,2024-25,2024-25_WAS_043,2025-01-03,WAS,LAL,True,False,15.9,7,5,1,0,1,1,1,1,0,True
SYN0029,Synthetic Player 029,2024-25,2024-25_WAS_044,2025-01-04,WAS,MEM,False,False,21.5,8,5,2,0,1,2,2,1,0,True
SYN0029,Synthetic Player 029,2024-25,2024-25_WAS_045,2025-01-06,WAS,MIA,True,True,33.8,20,8,3,0,1,2,3,2,1,True
SYN0029,Synthetic Player 029,2024-25,2024-25_WAS_046,2025-01-08,WAS,MIL,False,False,17.9,9,5,2,0,1,1,1,1,0,True
SYN0029,Synthetic Player 029,2024-25,2024-25_WAS_047,2025-01-10,WAS,MIN,True,False,22.6,14,7,2,1,1,1,2,2,0,True
SYN0029,Synthetic Player 029,2024-25,2024-25_WAS_048,2025-01-11,WAS,NOP,False,False,18.5,9,5,2,0,1,1,2,2,0,True
SYN0029,Synthetic Player 029,2024-25,2024-25_WAS_049,2025-01-13,WAS,NYK,True,False,23.7,9,7,3,1,1,1,2,1,0,True
SYN0029,Synthetic Player 029,2024-25,2024-25_WAS_050,2025-01-14,WAS,OKC,False,False,23.5,6,7,3,0,1,2,2,1,0,True
SYN0029,Synthetic Player 029,2024-25,2024-25_WAS_059,2025-01-29,WAS,WAS,True,True,24.1,12,8,2,1,1,1,2,2,0,True
SYN0029,Synthetic Player 029,2024-25,2024-25_WAS_060,2025-01-30,WAS,ATL,False,False,17.7,7,5,1,0,1,1,2,1,0,True
SYN0029,Synthetic Player 029,2024-25,2024-25_WAS_061,2025-02-02,WAS,BOS,True,False,22.2,11,6,2,1,1,1,2,2,0,True
SYN0029,Synthetic Player 029,2024-25,2024-25_WAS_067,2025-02-15,WAS,DEN,True,True,25.2,12,7,3,1,1,2,2,2,1,True
SYN0029,Synthetic Player 029,2024-25,2024-25_WAS_068,2025-02-16,WAS,DET,False,False,22.5,9,7,2,0,1,1,2,1,0,True
SYN0029,Synthetic Player 029,2024-25,2024-25_WAS_069,2025-02-18,WAS,GSW,True,True,24.0,14,8,2,0,1,1,2,3,0,True
SYN0029,Synthetic Player 029,2024-25,2024-25_WAS_070,2025-02-20,WAS,HOU,False,False,20.9,10,6,2,1,1,1,1,1,0,True
SYN0029,Synthetic Player 029,2024-25,2024-25_WAS_071,2025-02-22,WAS,IND,True,False,19.1,8,5,2,0,1,1,1,1,0,True
SYN0029,Synthetic Player 029,2024-25,2024-25_WAS_072,2025-02-24,WAS,LAC,False,True,26.8,8,7,3,1,1,1,2,1,0,True
SYN0029,Synthetic Player 029,2024-25,2024-25_WAS_073,2025-02-25,WAS,LAL,True,False,20.8,10,7,2,1,1,1,2,2,0,True
SYN0029,Synthetic Player 029,2024-25,2024-25_WAS_074,2025-02-26,WAS,MEM,False,False,12.7,6,4,1,0,1,1,1,1,0,True
SYN0029,Synthetic Player 029,2024-25,2024-25_WAS_075,2025-03-01,WAS,MIA,True,True,26.0,13,5,2,0,2,1,2,2,0,True
SYN0029,Synthetic Player 029,2024-25,2024-25_WAS_076,2025-03-02,WAS,MIL,False,False,20.5,11,6,2,0,1,1,2,2,0,True
SYN0029,Synthetic Player 029,2024-25,2024-25_WAS_077,2025-03-04,WAS,MIN,True,False,20.2,10,4,2,0,1,1,1,1,0,True
SYN0029,Synthetic Player 029,2024-25,2024-25_WAS_078,2025-03-05,WAS,NOP,False,False,20.4,9,6,2,0,1,1,2,2,0,True
SYN0029,Synthetic Player 029,2024-25,2024-25_WAS_079,2025-03-08,WAS,NYK,True,False,21.4,7,5,3,0,1,1,2,1,0,True
SYN0029,Synthetic Player 029,2024-25,2024-25_WAS_081,2025-03-10,WAS,ORL,True,False,18.7,6,6,2,0,1,1,1,1,0,True
SYN0030,Synthetic Player 030,2024-25,2024-25_ATL_000,2024-10-21,ATL,BOS,False,False,19.7,6,3,5,1,0,1,1,1,1,True
SYN0030,Synthetic Player 030,2024-25,2024-25_ATL_001,2024-10-23,ATL,BKN,True,False,17.7,6,2,4,1,0,2,1,1,1,True
SYN0030,Synthetic Player 030,2024-25,2024-25_ATL_002,2024-10-24,ATL,CHA,False,False,10.8,5,1,1,0,0,1,1,1,1,True
SYN0030,Synthetic Player 030,2024-25,2024-25_ATL_003,2024-10-26,ATL,CHI,True,False,14.1,6,2,4,0,0,1,1,1,0,True
SYN0030,Synthetic Player 030,2024-25,2024-25_ATL_004,2024-10-28,ATL,CLE,False,False,13.1,6,2,3,0,0,1,1,1,0,True
SYN0030,Synthetic Player 030,2024-25,2024-25_ATL_005,2024-10-30,ATL,DAL,True,False,10.6,5,1,3,1,0,1,0,1,0,True
SYN0030,Synthetic Player 030,2024-25,2024-25_ATL_006,2024-10-31,ATL,DEN,False,False,15.9,9,3,3,1,0,1,1,1,1,True
SYN0030,Synthetic Player 030,2024-25,2024-25_ATL_007,2024-11-01,ATL,DET,True,False,12.3,8,2,5,1,0,1,1,1,1,True
SYN0030,Synthetic Player 030,2024-25,2024-25_ATL_012,2024-11-10,ATL,LAL,False,False,14.2,6,2,4,1,0,2,1,1,1,True
SYN0030,Synthetic Player 030,2024-25,2024-25_ATL_013,2024-11-12,ATL,MEM,True,True,27.8,11,3,7,1,0,3,2,2,1,True
SYN0030,Synthetic Player 030,2024-25,2024-25_ATL_014,2024-11-14,ATL,MIA,False,False,15.2,9,2,2,1,0,1,1,2,1,True
SYN0030,Synthetic Player 030,2024-25,2024-25_ATL_015,2024-11-16,ATL,MIL,True,False,18.6,8,3,5,1,0,2,1,2,1,True
SYN0030,Synthetic Player 030,2024-25,2024-25_ATL_017,2024-11-20,ATL,NOP,True,True,27.0,16,2,9,2,0,2,1,1,2,True
SYN0030,Synthetic Player 030,2024-25,2024-25_ATL_018,2024-11-21,ATL,NYK,False,False,17.7,11,2,3,1,0,1,1,2,1,True
SYN0030,Synthetic Player 030,2024-25,2024-25_ATL_019,2024-11-23,ATL,OKC,True,False,20.8,8,4,2,1,0,2,1,1,1,True
SYN0030,Synthetic Player 030,2024-25,2024-25_ATL_020,2024-11-24,ATL,ORL,False,False,13.9,11,2,2,0,0,1,1,3,2,True
SYN0030,Synthetic Player 030,2024-25,2024-25_ATL_021,2024-11-26,ATL,PHI,True,False,20.2,8,2,6,1,0,2,1,1,1,True
SYN0030,Synthetic Player 030,2024-25,2024-25_ATL_024,2024-11-29,ATL,SAC,False,False,16.1,8,3,3,1,0,1,1,1,1,True
SYN0030,Synthetic Player 030,2024-25,2024-25_ATL_025,2024-12-01,ATL,SAS,True,False,18.1,14,3,3,1,0,2,1,2,2,True
SYN0030,Synthetic Player 030,2024-25,2024-25_ATL_026,2024-12-03,ATL,TOR,False,False,10.5,11,1,3,1,0,1,1,3,1,True
SYN0030,Synthetic Player 030,2024-25,2024-25_ATL_027,2024-12-05,ATL,UTA,True,False,15.3,5,2,2,0,0,1,1,1,0,True
SYN0030,Synthetic Player 030,2024-25,2024-25_ATL_031,2024-12-11,ATL,BKN,True,True,24.5,8,3,8,1,0,1,1,1,1,True
SYN0030,Synthetic Player 030,2024-25,2024-25_ATL_032,2024-12-12,ATL,CHA,False,False,11.8,7,2,2,0,0,1,1,2,1,True
SYN0030,Synthetic Player 030,2024-25,2024-25_ATL_033,2024-12-14,ATL,CHI,True,False,17.3,13,3,6,1,0,1,1,2,1,True
SYN0030,Synthetic Player 030,2024-25,2024-25_ATL_034,2024-12-16,ATL,CLE,False,False,22.7,9,3,3,0,0,2,1,1,1,True
SYN0030,Synthetic Player 030,2024-25,2024-25_ATL_035,2024-12-17,ATL,DAL,True,False,15.9,10,2,2,1,0,1,1,2,1,True
SYN0030,Synthetic Player 030,2024-25,2024-25_ATL_036,2024-12-18,ATL,DEN,False,False,19.7,7,3,2,1,0,2,1,1,1,True
SYN0030,Synthetic Player 030,2024-25,2024-25_ATL_037,2024-12-20,ATL,DET,True,False,16.1,7,2,2,1,0,1,1,1,1,True
SYN0030,Synthetic Player 030,2024-25,2024-25_ATL_038,2024-12-21,ATL,GSW,False,False,20.5,10,3,6,1,0,1,1,2,1,True
SYN0030,Synthetic Player 030,2024-25,2024-25_ATL_039,2024-12-23,ATL,HOU,True,False,18.0,13,3,5,1,0,1,1,2,2,True
SYN0030,Synthetic Player 030,2024-25,2024-25_ATL_040,2024-12-24,ATL,IND,False,False,22.6,14,2,3,1,0,1,2,1,2,True
SYN0030,Synthetic Player 030,2024-25,2024-25_ATL_042,2024-12-27,ATL,LAL,False,False,18.8,10,2,3,1,0,1,1,2,1,True
SYN0030,Synthetic Player 030,2024-25,2024-25_ATL_043,2024-12-29,ATL,MEM,True,False,11.9,6,1,2,0,0,1,1,1,0,True
SYN0030,Synthetic Player 030,2024-25,2024-25_ATL_044,2024-12-31,ATL,MIA,False,False,17.3,9,3,2,1,0,1,1,2,1,True
SYN0030,Synthetic Player 030,2024-25,2024-25_ATL_045,2025-01-02,ATL,MIL,True,False,17.7,6,2,5,0,0,1,1,1,1,True
SYN0030,Synthetic Player 030,2024-25,2024-25_ATL_046,2025-01-04,ATL,MIN,False,False,9.4,6,1,2,1,0,1,0,1,0,True
SYN0030,Synthetic Player 030,2024-25,2024-25_ATL_047,2025-01-06,ATL,NOP,True,False,17.4,10,2,2,1,0,2,1,1,1,True
SYN0030,Synthetic Player 030,2024-25,2024-25_ATL_048,2025-01-08,ATL,NYK,False,False,16.2,12,1,3,0,0,1,1,2,1,True
SYN0030,Synthetic Player 030,2024-25,2024-25_ATL_049,2025-01-11,ATL,OKC,True,False,12.9,11,3,3,1,0,1,1,2,1,True
SYN0030,Synthetic Player 030,2024-25,2024-25_ATL_050,2025-01-12,ATL,ORL,False,False,19.0,14,2,3,1,0,2,1,2,2,True
SYN0030,Synthetic Player 030,2024-25,2024-25_ATL_051,2025-01-15,ATL,PHI,True,False,14.2,8,2,3,1,0,1,1,1,1,True
SYN0030,Synthetic Player 030,2024-25,2024-25_ATL_052,2025-01-17,ATL,PHX,False,True,25.5,9,4,6,1,0,3,2,2,1,True
SYN0030,Synthetic Player 030,2024-25,2024-25_ATL_054,2025-01-21,ATL,SAC,False,False,19.9,15,2,6,1,0,2,1,2,1,True
SYN0030,Synthetic Player 030,2024-25,2024-25_ATL_055,2025-01-23,ATL,SAS,True,False,16.8,10,1,3,1,0,2,1,2,1,True
SYN0030,Synthetic Player 030,2024-25,2024-25_ATL_056,2025-01-24,ATL,TOR,False,False,5.4,3,1,1,0,0,0,0,0,0,True
SYN0030,Synthetic Player 030,2024-25,2024-25_ATL_059,2025-01-28,ATL,ATL,True,False,12.6,10,2,3,0,0,1,1,1,1,True
SYN0030,Synthetic Player 030,2024-25,2024-25_ATL_060,2025-01-29,ATL,BOS,False,False,16.3,10,1,2,1,0,1,1,1,1,True
SYN0030,Synthetic Player 030,2024-25,2024-25_ATL_061,2025-01-31,ATL,BKN,True,False,18.5,6,2,3,1,0,2,1,1,1,True
SYN0030,Synthetic Player 030,2024-25,2024-25_ATL_062,2025-02-02,ATL,CHA,False,False,15.0,10,2,3,1,0,1,1,1,1,True
SYN0030,Synthetic Player 030,2024-25,2024-25_ATL_063,2025-02-04,ATL,CHI,True,False,13.9,8,1,3,1,0,1,1,1,1,True
SYN0030,Synthetic Player 030,2024-25,2024-25_ATL_066,2025-02-08,ATL,DEN,False,False,16.4,11,1,5,1,0,2,1,2,1,True
SYN0030,Synthetic Player 030,2024-25,2024-25_ATL_067,2025-02-09,ATL,DET,True,False,13.9,5,2,1,0,0,1,1,1,1,True
SYN0030,Synthetic Player 030,2024-25,2024-25_ATL_068,2025-02-10,ATL,GSW,False,False,9.0,7,1,3,0,0,1,0,1,1,True
SYN0030,Synthetic Player 030,2024-25,2024-25_ATL_069,2025-02-12,ATL,HOU,True,False,17.4,9,2,3,1,0,1,1,1,1,True
SYN0030,Synthetic Player 030,2024-25,2024-25_ATL_070,2025-02-14,ATL,IND,False,False,15.5,7,2,2,1,0,2,1,2,1,True
SYN0030,Synthetic Player 030,2024-25,2024-25_ATL_071,2025-02-17,ATL,LAC,True,False,23.5,7,3,6,1,0,2,2,1,1,True
SYN0030,Synthetic Player 030,2024-25,2024-25_ATL_072,2025-02-19,ATL,LAL,False,False,15.9,6,2,4,1,0,1,1,1,1,True
SYN0030,Synthetic Player 030,2024-25,2024-25_ATL_073,2025-02-21,ATL,MEM,True,False,12.0,6,1,4,1,0,1,1,1,1,True
SYN0030,Synthetic Player 030,2024-25,2024-25_ATL_074,2025-02-23,ATL,MIA,False,False,16.9,9,1,4,1,0,2,1,1,1,True
SYN0030,Synthetic Player 030,2024-25,2024-25_ATL_075,2025-02-25,ATL,MIL,True,False,14.6,10,2,3,1,0,1,1,1,1,True
SYN0030,Synthetic Player 030,2024-25,2024-25_ATL_076,2025-02-27,ATL,MIN,False,False,10.7,5,1,1,0,0,1,1,1,1,True
SYN0030,Synthetic Player 030,2024-25,2024-25_ATL_077,2025-02-28,ATL,NOP,True,False,19.1,16,2,4,0,0,1,1,2,1,True
SYN0030,Synthetic Player 030,2024-25,2024-25_ATL_081,2025-03-07,ATL,PHI,True,False,16.0,13,2,4,1,0,2,1,2,1,True
SYN0031,Synthetic Player 031,2024-25,2024-25_BOS_000,2024-10-22,BOS,BKN,False,True,29.1,16,3,2,1,0,2,2,2,1,True
SYN0031,Synthetic Player 031,2024-25,2024-25_BOS_002,2024-10-24,BOS,CHI,False,True,28.3,13,3,3,1,0,2,1,2,2,True
SYN0031,Synthetic Player 031,2024-25,2024-25_BOS_003,2024-10-26,BOS,CLE,True,True,27.2,13,3,4,1,0,1,2,2,1,True
SYN0031,Synthetic Player 031,2024-25,2024-25_BOS_004,2024-10-27,BOS,DAL,False,True,29.0,16,4,3,1,0,2,2,4,2,True
SYN0031,Synthetic Player 031,2024-25,2024-25_BOS_005,2024-10-29,BOS,DEN,True,True,35.8,15,5,5,1,0,2,2,3,2,True
SYN0031,Synthetic Player 031,2024-25,2024-25_BOS_006,2024-10-31,BOS,DET,False,True,36.3,23,5,3,1,0,2,2,3,4,True
SYN0031,Synthetic Player 031,2024-25,2024-25_BOS_007,2024-11-02,BOS,GSW,True,True,30.1,15,3,3,1,0,2,2,3,2,True
SYN0031,Synthetic Player 031,2024-25,2024-25_BOS_008,2024-11-03,BOS,HOU,False,True,29.6,13,4,3,1,0,2,2,3,2,True
SYN0031,Synthetic Player 031,2024-25,2024-25_BOS_009,2024-11-05,BOS,IND,True,True,31.7,21,4,3,1,0,2,2,3,4,True
SYN0031,Synthetic Player 031,2024-25,2024-25_BOS_010,2024-11-06,BOS,LAC,False,True,28.7,16,3,3,1,0,1,2,3,2,True
SYN0031,Synthetic Player 031,2024-25,2024-25_BOS_011,2024-11-07,BOS,LAL,True,True,40.7,19,6,5,1,0,2,2,3,2,True
SYN0031,Synthetic Player 031,2024-25,2024-25_BOS_012,2024-11-09,BOS,MEM,False,True,27.2,12,3,2,1,0,2,2,2,2,True
SYN0031,Synthetic Player 031,2024-25,2024-25_BOS_013,2024-11-11,BOS,MIA,True,True,27.5,16,3,4,1,0,2,2,2,2,True
SYN0031,Synthetic Player 031,2024-25,2024-25_BOS_014,2024-11-12,BOS,MIL,False,True,28.3,14,3,4,1,0,1,2,3,1,True
SYN0031,Synthetic Player 031,2024-25,2024-25_BOS_015,2024-11-14,BOS,MIN,True,True,29.1,15,3,3,1,0,2,2,3,3,True
SYN0031,Synthetic Player 031,2024-25,2024-25_BOS_016,2024-11-16,BOS,NOP,False,True,33.6,17,4,2,1,1,2,2,3,2,True
SYN0031,Synthetic Player 031,2024-25,2024-25_BOS_017,2024-11-18,BOS,NYK,True,True,33.4,22,4,4,1,0,2,2,4,3,True
SYN0031,Synthetic Player 031,2024-25,2024-25_BOS_018,2024-11-20,BOS,OKC,False,True,37.2,17,5,4,1,0,3,3,3,2,True
SYN0031,Synthetic Player 031,2024-25,2024-25_BOS_019,2024-11-21,BOS,ORL,True,True,36.2,18,5,3,1,1,3,3,3,3,True
SYN0031,Synthetic Player 031,2024-25,2024-25_BOS_020,2024-11-22,BOS,PHI,False,True,25.8,15,4,2,1,0,1,1,3,2,True
SYN0031,Synthetic Player 031,2024-25,2024-25_BOS_021,2024-11-23,BOS,PHX,True,True,24.3,17,3,3,1,0,1,2,3,2,True
SYN0031,Synthetic Player 031,2024-25,2024-25_BOS_022,2024-11-24,BOS,POR,False,True,32.1,17,3,3,1,0,2,2,4,2,True
SYN0031,Synthetic Player 031,2024-25,2024-25_BOS_023,2024-11-26,BOS,SAC,True,True,30.9,15,4,4,1,0,2,2,3,2,True
SYN0031,Synthetic Player 031,2024-25,2024-25_BOS_024,2024-11-27,BOS,SAS,False,True,30.0,17,4,4,1,0,1,2,3,3,True
SYN0031,Synthetic Player 031,2024-25,2024-25_BOS_025,2024-11-28,BOS,TOR,True,True,35.1,17,5,4,1,0,2,2,3,2,True
SYN0031,Synthetic Player 031,2024-25,2024-25_BOS_026,2024-11-30,BOS,UTA,False,True,29.6,16,3,3,1,0,2,2,3,2,True
SYN0031,Synthetic Player 031,2024-25,2024-25_BOS_027,2024-12-02,BOS,WAS,True,True,35.2,27,4,3,1,0,2,2,4,3,True
SYN0031,Synthetic Player 031,2024-25,2024-25_BOS_028,2024-12-03,BOS,ATL,False,True,38.2,20,5,4,1,1,2,2,3,3,True
SYN0031,Synthetic Player 031,2024-25,2024-25_BOS_029,2024-12-05,BOS,BOS,True,True,29.8,15,2,3,1,0,2,2,2,2,True
SYN0031,Synthetic Player 031,2024-25,2024-25_BOS_030,2024-12-07,BOS,BKN,False,True,33.5,18,3,3,1,0,2,2,3,2,True
SYN0031,Synthetic Player 031,2024-25,2024-25_BOS_031,2024-12-10,BOS,CHA,True,True,32.7,20,3,5,1,0,2,2,3,2,True
SYN0031,Synthetic Player 031,2024-25,2024-25_BOS_032,2024-12-13,BOS,CHI,False,True,28.2,15,3,4,1,0,1,2,2,2,True
SYN0031,Synthetic Player 031,2024-25,2024-25_BOS_033,2024-12-15,BOS,CLE,True,True,32.8,16,3,3,1,0,2,2,4,2,True
SYN0031,Synthetic Player 031,2024-25,2024-25_BOS_034,2024-12-17,BOS,DAL,False,True,33.0,18,3,3,1,0,2,3,4,2,True
SYN0031,Synthetic Player 031,2024-25,2024-25_BOS_035,2024-12-18,BOS,DEN,True,True,35.0,18,5,4,1,0,2,2,3,3,True
SYN0031,Synthetic Player 031,2024-25,2024-25_BOS_036,2024-12-19,BOS,DET,False,True,32.5,13,4,3,1,0,3,2,2,1,True
SYN0031,Synthetic Player 031,2024-25,2024-25_BOS_037,2024-12-22,BOS,GSW,True,True,32.9,18,4,3,1,0,2,2,3,3,True
SYN0031,Synthetic Player 031,2024-25,2024-25_BOS_038,2024-12-24,BOS,HOU,False,True,25.7,15,4,2,1,0,1,2,3,2,True
SYN0031,Synthetic Player 031,2024-25,2024-25_BOS_039,2024-12-26,BOS,IND,True,True,26.4,16,3,2,1,0,1,2,2,2,True
SYN0031,Synthetic Player 031,2024-25,2024-25_BOS_040,2024-12-27,BOS,LAC,False,True,32.8,19,2,6,1,0,2,2,3,2,True
SYN0031,Synthetic Player 031,2024-25,2024-25_BOS_041,2024-12-28,BOS,LAL,True,True,30.6,17,4,4,1,0,2,2,4,3,True
SYN0031,Synthetic Player 031,2024-25,2024-25_BOS_042,2024-12-30,BOS,MEM,False,True,32.6,17,4,3,1,0,2,2,2,2,True
SYN0031,Synthetic Player 031,2024-25,2024-25_BOS_044,2025-01-01,BOS,MIL,False,True,31.1,15,4,3,1,1,2,2,4,2,True
SYN0031,Synthetic Player 031,2024-25,2024-25_BOS_045,2025-01-03,BOS,MIN,True,True,31.7,14,3,4,1,0,2,2,2,2,True
SYN0031,Synthetic Player 031,2024-25,2024-25_BOS_046,2025-01-04,BOS,NOP,False,True,33.4,13,4,4,1,0,2,2,3,2,True
SYN0031,Synthetic Player 031,2024-25,2024-25_BOS_047,2025-01-06,BOS,NYK,True,True,33.7,30,4,3,1,0,1,2,4,4,True
SYN0031,Synthetic Player 031,2024-25,2024-25_BOS_048,2025-01-08,BOS,OKC,False,True,30.2,19,4,3,1,0,1,2,3,3,True
SYN0031,Synthetic Player 031,2024-25,2024-25_BOS_049,2025-01-09,BOS,ORL,True,True,42.1,24,5,4,1,1,3,2,3,4,True
SYN0031,Synthetic Player 031,2024-25,2024-25_BOS_050,2025-01-11,BOS,PHI,False,True,31.6,15,3,3,1,0,2,2,4,2,True
SYN0031,Synthetic Player 031,2024-25,2024-25_BOS_051,2025-01-12,BOS,PHX,True,True,26.0,13,2,2,1,1,2,1,3,2,True
SYN0031,Synthetic Player 031,2024-25,2024-25_BOS_052,2025-01-15,BOS,POR,False,True,32.3,17,4,3,1,0,2,2,3,2,True
SYN0031,Synthetic Player 031,2024-25,2024-25_BOS_053,2025-01-16,BOS,SAC,True,True,32.3,14,4,3,1,0,2,2,3,2,True
SYN0031,Synthetic Player 031,2024-25,2024-25_BOS_054,2025-01-18,BOS,SAS,False,True,32.0,17,3,4,1,0,2,2,3,2,True
SYN0031,Synthetic Player 031,2024-25,2024-25_BOS_055,2025-01-20,BOS,TOR,True,True,27.7,14,3,4,1,0,2,1,2,1,True
SYN0031,Synthetic Player 031,2024-25,2024-25_BOS_056,2025-01-21,BOS,UTA,False,True,36.1,15,4,4,1,0,2,2,3,2,True
SYN0031,Synthetic Player 031,2024-25,2024-25_BOS_057,2025-01-23,BOS,WAS,True,True,33.0,24,4,3,1,0,2,2,3,3,True
SYN0031,Synthetic Player 031,2024-25,2024-25_BOS_058,2025-01-25,BOS,ATL,False,True,35.9,25,4,5,1,0,2,2,4,2,True
SYN0031,Synthetic Player 031,2024-25,2024-25_BOS_059,2025-01-26,BOS,BOS,True,True,27.5,18,4,2,1,0,2,2,5,2,True
SYN0031,Synthetic Player 031,2024-25,2024-25_BOS_060,2025-01-28,BOS,BKN,False,True,36.5,20,5,5,1,0,3,3,4,3,True
SYN0031,Synthetic Player 031,2024-25,2024-25_BOS_061,2025-01-29,BOS,CHA,True,True,29.9,15,3,3,1,0,2,2,2,2,True
SYN0031,Synthetic Player 031,2024-25,2024-25_BOS_063,2025-02-01,BOS,CLE,True,True,32.1,14,4,4,1,0,2,2,2,1,True
SYN0031,Synthetic Player 031,2024-25,2024-25_BOS_064,2025-02-03,BOS,DAL,False,True,31.4,13,4,2,1,0,2,2,2,2,True
SYN0031,Synthetic Player 031,2024-25,2024-25_BOS_065,2025-02-04,BOS,DEN,True,True,26.9,13,3,2,1,0,2,2,2,2,True
SYN0031,Synthetic Player 031,2024-25,2024-25_BOS_066,2025-02-06,BOS,DET,False,True,29.2,16,4,2,1,0,2,2,3,2,True
SYN0031,Synthetic Player 031,2024-25,2024-25_BOS_067,2025-02-08,BOS,GSW,True,True,29.2,17,3,3,1,0,2,2,3,2,True
SYN0031,Synthetic Player 031,2024-25,2024-25_BOS_074,2025-02-24,BOS,MIL,False,True,36.5,15,4,4,1,0,2,2,3,2,True
SYN0031,Synthetic Player 031,2024-25,2024-25_BOS_075,2025-02-27,BOS,MIN,True,True,37.1,17,4,3,1,0,2,2,4,3,True
SYN0031,Synthetic Player 031,2024-25,2024-25_BOS_076,2025-02-28,BOS,NOP,False,True,26.0,9,4,3,1,0,2,2,1,1,True
SYN0031,Synthetic Player 031,2024-25,2024-25_BOS_077,2025-03-02,BOS,NYK,True,True,25.8,11,4,2,1,0,1,2,2,1,True
SYN0031,Synthetic Player 031,2024-25,2024-25_BOS_078,2025-03-04,BOS,OKC,False,True,34.0,22,4,4,2,0,2,2,4,4,True
SYN0031,Synthetic Player 031,2024-25,2024-25_BOS_079,2025-03-05,BOS,ORL,True,True,36.4,27,4,5,1,1,2,2,6,3,True
SYN0031,Synthetic Player 031,2024-25,2024-25_BOS_080,2025-03-06,BOS,PHI,False,True,34.3,17,4,3,1,0,2,2,3,1,True
SYN0031,Synthetic Player 031,2024-25,2024-25_BOS_081,2025-03-08,BOS,PHX,True,True,29.5,11,4,4,1,0,2,2,1,2,True
SYN0032,Synthetic Player 032,2024-25,2024-25_BKN_000,2024-10-23,BKN,CHA,False,False,15.8,10,5,2,1,0,1,1,2,1,True
SYN0032,Synthetic Player 032,2024-25,2024-25_BKN_001,2024-10-25,BKN,CHI,True,False,16.9,12,3,1,1,0,1,1,1,1,True
SYN0032,Synthetic Player 032,2024-25,2024-25_BKN_002,2024-10-28,BKN,CLE,False,True,24.2,15,3,2,1,0,1,2,3,2,True
SYN0032,Synthetic Player 032,2024-25,2024-25_BKN_004,2024-10-31,BKN,DEN,False,False,13.6,5,2,2,0,0,1,1,1,1,True
SYN0032,Synthetic Player 032,2024-25,2024-25_BKN_007,2024-11-05,BKN,HOU,True,True,24.6,10,4,4,1,0,1,1,1,1,True
SYN0032,Synthetic Player 032,2024-25,2024-25_BKN_008,2024-11-06,BKN,IND,False,False,16.3,6,2,2,1,0,1,1,1,1,True
SYN0032,Synthetic Player 032,2024-25,2024-25_BKN_009,2024-11-08,BKN,LAC,True,False,23.8,7,3,1,1,0,2,1,1,1,True
SYN0032,Synthetic Player 032,2024-25,2024-25_BKN_010,2024-11-10,BKN,LAL,False,False,17.3,6,3,2,1,0,1,1,1,1,True
SYN0032,Synthetic Player 032,2024-25,2024-25_BKN_011,2024-11-12,BKN,MEM,True,False,21.8,12,3,2,0,0,1,2,2,1,True
SYN0032,Synthetic Player 032,2024-25,2024-25_BKN_012,2024-11-15,BKN,MIA,False,False,19.2,7,4,3,1,0,1,2,1,1,True
SYN0032,Synthetic Player 032,2024-25,2024-25_BKN_013,2024-11-17,BKN,MIL,True,False,17.3,7,2,1,0,0,1,1,1,1,True
SYN0032,Synthetic Player 032,2024-25,2024-25_BKN_014,2024-11-19,BKN,MIN,False,False,17.0,6,3,2,1,0,1,1,1,0,True
SYN0032,Synthetic Player 032,2024-25,2024-25_BKN_015,2024-11-21,BKN,NOP,True,False,22.3,11,6,2,1,0,1,1,2,1,True
SYN0032,Synthetic Player 032,2024-25,2024-25_BKN_016,2024-11-22,BKN,NYK,False,False,13.9,7,2,2,1,0,1,1,1,1,True
SYN0032,Synthetic Player 032,2024-25,2024-25_BKN_017,2024-11-24,BKN,OKC,True,False,21.7,9,4,2,1,0,1,2,2,1,True
SYN0032,Synthetic Player 032,2024-25,2024-25_BKN_018,2024-11-26,BKN,ORL,False,False,18.2,13,3,2,1,0,1,1,2,1,True
SYN0032,Synthetic Player 032,2024-25,2024-25_BKN_019,2024-11-29,BKN,PHI,True,False,21.4,16,3,2,1,0,1,2,3,1,True
SYN0032,Synthetic Player 032,2024-25,2024-25_BKN_021,2024-12-02,BKN,POR,True,False,21.0,5,2,2,1,0,1,2,1,1,True
SYN0032,Synthetic Player 032,2024-25,2024-25_BKN_022,2024-12-04,BKN,SAC,False,False,16.2,8,3,3,0,0,1,1,2,1,True
SYN0032,Synthetic Player 032,2024-25,2024-25_BKN_024,2024-12-08,BKN,TOR,False,False,22.7,12,3,1,1,0,2,1,3,1,True
SYN0032,Synthetic Player 032,2024-25,2024-25_BKN_025,2024-12-10,BKN,UTA,True,False,18.1,10,3,2,1,0,1,1,1,1,True
SYN0032,Synthetic Player 032,2024-25,2024-25_BKN_026,2024-12-12,BKN,WAS,False,False,18.0,10,2,3,1,0,1,1,1,1,True
SYN0032,Synthetic Player 032,2024-25,2024-25_BKN_029,2024-12-19,BKN,BKN,True,True,24.2,15,4,2,0,0,1,1,3,1,True
SYN0032,Synthetic Player 032,2024-25,2024-25_BKN_031,2024-12-21,BKN,CHI,True,True,25.0,18,4,3,2,0,1,2,2,2,True
SYN0032,Synthetic Player 032,2024-25,2024-25_BKN_032,2024-12-22,BKN,CLE,False,False,19.1,11,2,3,1,0,1,1,2,2,True
SYN0032,Synthetic Player 032,2024-25,2024-25_BKN_033,2024-12-23,BKN,DAL,True,False,20.8,9,4,4,1,0,1,2,1,2,True
SYN0032,Synthetic Player 032,2024-25,2024-25_BKN_034,2024-12-25,BKN,DEN,False,False,17.9,12,3,2,0,0,1,1,2,2,True
SYN0032,Synthetic Player 032,2024-25,2024-25_BKN_035,2024-12-28,BKN,DET,True,True,24.4,4,3,4,1,0,1,2,1,0,True
SYN0032,Synthetic Player 032,2024-25,2024-25_BKN_036,2024-12-30,BKN,GSW,False,False,20.9,9,3,3,1,0,1,1,1,1,True
SYN0032,Synthetic Player 032,2024-25,2024-25_BKN_043,2025-01-10,BKN,MIL,True,False,18.9,8,4,1,0,0,1,2,3,1,True
SYN0032,Synthetic Player 032,2024-25,2024-25_BKN_044,2025-01-11,BKN,MIN,False,False,15.3,8,2,2,0,0,1,1,2,1,True
SYN0032,Synthetic Player 032,2024-25,2024-25_BKN_045,2025-01-13,BKN,NOP,True,False,15.3,6,2,2,1,0,1,1,1,0,True
SYN0032,Synthetic Player 032,2024-25,2024-25_BKN_046,2025-01-15,BKN,NYK,False,False,13.0,6,1,1,1,0,1,1,1,1,True
SYN0032,Synthetic Player 032,2024-25,2024-25_BKN_047,2025-01-17,BKN,OKC,True,False,14.8,6,2,2,1,0,1,1,1,1,True
SYN0032,Synthetic Player 032,2024-25,2024-25_BKN_048,2025-01-19,BKN,ORL,False,False,16.2,14,2,2,1,0,1,1,2,1,True
SYN0032,Synthetic Player 032,2024-25,2024-25_BKN_049,2025-01-21,BKN,PHI,True,False,13.2,6,4,1,1,0,1,1,1,1,True
SYN0032,Synthetic Player 032,2024-25,2024-25_BKN_050,2025-01-23,BKN,PHX,False,False,18.8,8,3,2,1,0,1,1,1,1,True
SYN0032,Synthetic Player 032,2024-25,2024-25_BKN_051,2025-01-24,BKN,POR,True,True,24.7,15,3,3,1,1,1,1,3,2,True
SYN0032,Synthetic Player 032,2024-25,2024-25_BKN_052,2025-01-26,BKN,SAC,False,False,20.3,5,2,3,1,0,1,2,1,0,True
SYN0032,Synthetic Player 032,2024-25,2024-25_BKN_054,2025-01-30,BKN,TOR,False,False,16.0,5,2,2,1,0,1,1,1,1,True
SYN0032,Synthetic Player 032,2024-25,2024-25_BKN_055,2025-02-01,BKN,UTA,True,False,15.8,4,2,2,1,0,1,1,1,0,True
SYN0032,Synthetic Player 032,2024-25,2024-25_BKN_056,2025-02-02,BKN,WAS,False,False,21.6,6,5,1,1,0,2,1,1,0,True
SYN0032,Synthetic Player 032,2024-25,2024-25_BKN_063,2025-02-12,BKN,DAL,True,False,18.1,7,3,2,1,0,1,1,1,1,True
SYN0032,Synthetic Player 032,2024-25,2024-25_BKN_064,2025-02-14,BKN,DEN,False,False,15.3,5,3,2,0,0,1,1,1,1,True
SYN0032,Synthetic Player 032,2024-25,2024-25_BKN_065,2025-02-16,BKN,DET,True,False,19.2,9,2,3,1,0,1,1,1,1,True
SYN0032,Synthetic Player 032,2024-25,2024-25_BKN_066,2025-02-18,BKN,GSW,False,False,19.8,11,2,2,0,0,1,1,3,2,True
SYN0032,Synthetic Player 032,2024-25,2024-25_BKN_067,2025-02-20,BKN,HOU,True,False,11.4,6,2,1,0,0,0,1,1,1,True
SYN0032,Synthetic Player 032,2024-25,2024-25_BKN_068,2025-02-21,BKN,IND,False,False,22.1,12,3,2,1,0,2,2,1,3,True
SYN0032,Synthetic Player 032,2024-25,2024-25_BKN_069,2025-02-22,BKN,LAC,True,False,12.6,5,2,1,0,0,0,1,1,1,True
SYN0032,Synthetic Player 032,2024-25,2024-25_BKN_070,2025-02-24,BKN,LAL,False,True,25.1,10,4,2,1,0,2,2,1,1,True
SYN0032,Synthetic Player 032,2024-25,2024-25_BKN_071,2025-02-26,BKN,MEM,True,False,20.1,9,4,2,1,0,1,1,2,1,True
SYN0032,Synthetic Player 032,2024-25,2024-25_BKN_072,2025-03-01,BKN,MIA,False,False,22.3,16,4,3,1,0,1,1,3,2,True
SYN0032,Synthetic Player 032,2024-25,2024-25_BKN_073,2025-03-03,BKN,MIL,True,False,20.1,15,4,3,1,0,2,1,3,2,True
SYN0032,Synthetic Player 032,2024-25,2024-25_BKN_074,2025-03-05,BKN,MIN,False,False,20.4,6,3,2,1,0,1,2,1,0,True
SYN0032,Synthetic Player 032,2024-25,2024-25_BKN_075,2025-03-07,BKN,NOP,True,False,16.1,8,2,2,1,0,1,1,2,1,True
SYN0032,Synthetic Player 032,2024-25,2024-25_BKN_076,2025-03-09,BKN,NYK,False,False,23.5,16,2,3,0,0,2,1,5,2,True
SYN0032,Synthetic Player 032,2024-25,2024-25_BKN_077,2025-03-12,BKN,OKC,True,False,10.9,5,2,1,1,0,1,1,1,0,True
SYN0032,Synthetic Player 032,2024-25,2024-25_BKN_078,2025-03-13,BKN,ORL,False,True,28.9,17,4,2,1,1,2,2,2,2,True
SYN0032,Synthetic Player 032,2024-25,2024-25_BKN_079,2025-03-15,BKN,PHI,True,False,15.3,6,2,1,1,0,1,1,1,1,True
SYN0032,Synthetic Player 032,2024-25,2024-25_BKN_080,2025-03-17,BKN,PHX,False,False,17.5,9,2,2,1,0,1,1,2,1,True
SYN0032,Synthetic Player 032,2024-25,2024-25_BKN_081,2025-03-19,BKN,POR,True,False,17.6,8,5,2,1,0,1,1,1,0,True
SYN0033,Synthetic Player 033,2024-25,2024-25_CHA_000,2024-10-21,CHA,CHI,False,True,29.1,19,5,4,1,1,1,3,3,2,True
SYN0033,Synthetic Player 033,2024-25,2024-25_CHA_001,2024-10-24,CHA,CLE,True,False,22.3,10,4,1,1,1,1,2,1,1,True
SYN0033,Synthetic Player 033,2024-25,2024-25_CHA_002,2024-10-26,CHA,DAL,False,True,25.7,11,5,2,1,1,1,2,2,0,True
SYN0033,Synthetic Player 033,2024-25,2024-25_CHA_003,2024-10-27,CHA,DEN,True,True,27.0,10,6,2,1,1,1,3,2,1,True
SYN0033,Synthetic Player 033,2024-25,2024-25_CHA_009,2024-11-06,CHA,LAL,True,False,23.8,9,7,2,1,1,1,2,1,0,True
SYN0033,Synthetic Player 033,2024-25,2024-25_CHA_010,2024-11-08,CHA,MEM,False,True,29.6,9,5,4,1,1,2,2,1,1,True
SYN0033,Synthetic Player 033,2024-25,2024-25_CHA_011,2024-11-10,CHA,MIA,True,True,26.3,9,6,2,1,1,1,2,1,1,True
SYN0033,Synthetic Player 033,2024-25,2024-25_CHA_013,2024-11-13,CHA,MIN,True,True,25.6,12,7,2,1,1,1,1,2,1,True
SYN0033,Synthetic Player 033,2024-25,2024-25_CHA_016,2024-11-18,CHA,OKC,False,True,24.9,6,7,2,1,1,1,2,1,0,True
SYN0033,Synthetic Player 033,2024-25,2024-25_CHA_017,2024-11-20,CHA,ORL,True,False,23.6,9,6,3,1,1,1,1,1,1,True
SYN0033,Synthetic Player 033,2024-25,2024-25_CHA_018,2024-11-22,CHA,PHI,False,True,25.1,6,4,3,1,1,2,2,1,0,True
SYN0033,Synthetic Player 033,2024-25,2024-25_CHA_019,2024-11-23,CHA,PHX,True,True,24.5,9,5,2,1,1,1,2,1,1,True
SYN0033,Synthetic Player 033,2024-25,2024-25_CHA_024,2024-12-03,CHA,UTA,False,True,32.3,12,5,4,1,1,2,2,1,1,True
SYN0033,Synthetic Player 033,2024-25,2024-25_CHA_025,2024-12-04,CHA,WAS,True,True,30.1,12,7,2,1,1,2,2,2,1,True
SYN0033,Synthetic Player 033,2024-25,2024-25_CHA_026,2024-12-06,CHA,ATL,False,False,17.3,7,4,1,0,0,1,1,1,0,True
SYN0033,Synthetic Player 033,2024-25,2024-25_CHA_028,2024-12-10,CHA,BKN,False,True,29.4,16,7,2,1,0,1,2,2,1,True
SYN0033,Synthetic Player 033,2024-25,2024-25_CHA_029,2024-12-12,CHA,CHA,True,True,36.1,23,7,4,1,1,2,3,3,2,True
SYN0033,Synthetic Player 033,2024-25,2024-25_CHA_030,2024-12-14,CHA,CHI,False,True,24.1,6,3,4,1,1,1,2,1,0,True
SYN0033,Synthetic Player 033,2024-25,2024-25_CHA_031,2024-12-15,CHA,CLE,True,True,27.3,11,6,3,2,1,1,3,1,1,True
SYN0033,Synthetic Player 033,2024-25,2024-25_CHA_032,2024-12-17,CHA,DAL,False,True,28.7,9,7,2,1,1,1,2,1,0,True
SYN0033,Synthetic Player 033,2024-25,2024-25_CHA_033,2024-12-19,CHA,DEN,True,True,25.2,14,4,2,0,1,1,2,2,1,True
SYN0033,Synthetic Player 033,2024-25,2024-25_CHA_034,2024-12-21,CHA,DET,False,True,29.8,11,6,3,1,1,1,2,2,1,True
SYN0033,Synthetic Player 033,2024-25,2024-25_CHA_035,2024-12-23,CHA,GSW,True,True,29.7,16,8,5,1,1,1,2,2,1,True
SYN0033,Synthetic Player 033,2024-25,2024-25_CHA_036,2024-12-25,CHA,HOU,False,True,26.5,18,5,2,0,1,1,2,3,1,True
SYN0033,Synthetic Player 033,2024-25,2024-25_CHA_037,2024-12-26,CHA,IND,True,True,28.2,13,5,2,1,1,1,2,2,1,True
SYN0033,Synthetic Player 033,2024-25,2024-25_CHA_040,2025-01-01,CHA,MEM,False,True,27.6,13,5,4,1,1,1,2,2,1,True
SYN0033,Synthetic Player 033,2024-25,2024-25_CHA_042,2025-01-05,CHA,MIL,False,True,31.4,12,5,2,1,1,2,2,2,1,True
SYN0033,Synthetic Player 033,2024-25,2024-25_CHA_043,2025-01-06,CHA,MIN,True,False,20.3,10,3,2,1,1,1,1,1,1,True
SYN0033,Synthetic Player 033,2024-25,2024-25_CHA_044,2025-01-07,CHA,NOP,False,False,20.7,11,2,2,0,1,1,1,1,1,True
SYN0033,Synthetic Player 033,2024-25,2024-25_CHA_045,2025-01-09,CHA,NYK,True,False,23.4,6,3,2,1,1,1,2,1,0,True
SYN0033,Synthetic Player 033,2024-25,2024-25_CHA_046,2025-01-11,CHA,OKC,False,True,31.2,12,6,3,1,2,1,3,2,1,True
SYN0033,Synthetic Player 033,2024-25,2024-25_CHA_047,2025-01-13,CHA,ORL,True,True,26.2,12,3,3,1,1,1,2,1,1,True
SYN0033,Synthetic Player 033,2024-25,2024-25_CHA_048,2025-01-14,CHA,PHI,False,False,16.7,6,3,2,1,0,1,1,1,1,True
SYN0033,Synthetic Player 033,2024-25,2024-25_CHA_049,2025-01-16,CHA,PHX,True,True,27.9,16,5,2,1,1,1,2,3,2,True
SYN0033,Synthetic Player 033,2024-25,2024-25_CHA_052,2025-01-23,CHA,SAS,False,False,22.7,8,6,2,1,1,1,1,1,0,True
SYN0033,Synthetic Player 033,2024-25,2024-25_CHA_053,2025-01-24,CHA,TOR,True,True,32.6,6,6,4,2,1,2,3,1,0,True
SYN0033,Synthetic Player 033,2024-25,2024-25_CHA_054,2025-01-26,CHA,UTA,False,True,26.9,8,9,2,1,1,1,2,1,1,True
SYN0033,Synthetic Player 033,2024-25,2024-25_CHA_055,2025-01-28,CHA,WAS,True,False,21.3,10,5,2,1,1,1,2,2,1,True
SYN0033,Synthetic Player 033,2024-25,2024-25_CHA_056,2025-01-30,CHA,ATL,False,True,30.9,16,5,2,1,1,2,3,3,2,True
SYN0033,Synthetic Player 033,2024-25,2024-25_CHA_057,2025-02-01,CHA,BOS,True,True,32.3,11,6,3,1,1,1,3,2,1,True
SYN0033,Synthetic Player 033,2024-25,2024-25_CHA_058,2025-02-03,CHA,BKN,False,True,27.0,11,8,2,1,0,2,2,1,1,True
SYN0033,Synthetic Player 033,2024-25,2024-25_CHA_059,2025-02-05,CHA,CHA,True,False,21.6,7,4,3,1,1,1,1,1,1,True
SYN0033,Synthetic Player 033,2024-25,2024-25_CHA_063,2025-02-11,CHA,DEN,True,False,19.8,7,4,2,1,1,1,1,1,1,True
SYN0033,Synthetic Player 033,2024-25,2024-25_CHA_064,2025-02-13,CHA,DET,False,True,25.2,7,5,2,1,1,1,2,1,1,True
SYN0033,Synthetic Player 033,2024-25,2024-25_CHA_065,2025-02-14,CHA,GSW,True,True,27.9,10,5,3,1,1,2,2,1,1,True
SYN0033,Synthetic Player 033,2024-25,2024-25_CHA_066,2025-02-15,CHA,HOU,False,False,21.2,10,4,1,1,0,1,1,2,1,True
SYN0033,Synthetic Player 033,2024-25,2024-25_CHA_069,2025-02-18,CHA,LAL,True,False,22.9,12,6,2,1,0,1,2,2,1,True
SYN0033,Synthetic Player 033,2024-25,2024-25_CHA_070,2025-02-20,CHA,MEM,False,False,23.9,13,6,2,1,1,1,1,3,1,True
SYN0033,Synthetic Player 033,2024-25,2024-25_CHA_071,2025-02-22,CHA,MIA,True,False,22.6,8,5,2,0,0,1,1,1,1,True
SYN0033,Synthetic Player 033,2024-25,2024-25_CHA_072,2025-02-25,CHA,MIL,False,True,26.8,13,7,3,1,0,1,2,2,1,True
SYN0033,Synthetic Player 033,2024-25,2024-25_CHA_073,2025-02-28,CHA,MIN,True,True,25.0,6,5,2,1,1,1,1,1,0,True
SYN0033,Synthetic Player 033,2024-25,2024-25_CHA_074,2025-03-02,CHA,NOP,False,False,21.2,9,4,2,0,1,1,2,1,1,True
SYN0033,Synthetic Player 033,2024-25,2024-25_CHA_075,2025-03-03,CHA,NYK,True,True,33.6,8,6,4,1,2,1,3,1,1,True
SYN0033,Synthetic Player 033,2024-25,2024-25_CHA_076,2025-03-05,CHA,OKC,False,True,30.9,17,6,2,1,1,2,2,3,1,True
SYN0033,Synthetic Player 033,2024-25,2024-25_CHA_078,2025-03-10,CHA,PHI,False,True,25.0,7,4,2,1,1,1,2,1,0,True
SYN0033,Synthetic Player 033,2024-25,2024-25_CHA_079,2025-03-12,CHA,PHX,True,False,22.7,7,4,3,1,0,1,1,1,1,True
SYN0033,Synthetic Player 033,2024-25,2024-25_CHA_080,2025-03-14,CHA,POR,False,True,28.2,10,5,2,1,1,1,2,1,1,True
SYN0033,Synthetic Player 033,2024-25,2024-25_CHA_081,2025-03-16,CHA,SAC,True,True,27.1,6,6,2,1,1,1,2,1,0,True
SYN0034,Synthetic Player 034,2024-25,2024-25_CHI_007,2024-11-03,CHI,LAC,True,False,19.3,6,8,1,0,1,1,2,1,0,True
SYN0034,Synthetic Player 034,2024-25,2024-25_CHI_008,2024-11-04,CHI,LAL,False,False,14.4,5,5,1,0,1,1,1,1,0,True
SYN0034,Synthetic Player 034,2024-25,2024-25_CHI_009,2024-11-05,CHI,MEM,True,False,17.8,6,5,2,0,1,1,2,1,0,True
SYN0034,Synthetic Player 034,2024-25,2024-25_CHI_010,2024-11-07,CHI,MIA,False,False,12.6,3,3,1,0,1,1,1,0,0,True
SYN0034,Synthetic Player 034,2024-25,2024-25_CHI_011,2024-11-10,CHI,MIL,True,False,23.0,8,6,2,0,1,1,2,2,0,True
SYN0034,Synthetic Player 034,2024-25,2024-25_CHI_012,2024-11-11,CHI,MIN,False,False,15.6,8,4,1,0,1,1,2,1,0,True
SYN0034,Synthetic Player 034,2024-25,2024-25_CHI_015,2024-11-16,CHI,OKC,True,False,20.6,5,5,2,0,1,1,2,1,0,True
SYN0034,Synthetic Player 034,2024-25,2024-25_CHI_016,2024-11-18,CHI,ORL,False,False,20.9,7,4,2,0,1,1,1,2,0,True
SYN0034,Synthetic Player 034,2024-25,2024-25_CHI_017,2024-11-19,CHI,PHI,True,False,19.2,6,5,1,0,1,1,2,1,0,True
SYN0034,Synthetic Player 034,2024-25,2024-25_CHI_018,2024-11-21,CHI,PHX,False,False,11.4,4,3,1,0,1,1,1,1,0,True
SYN0034,Synthetic Player 034,2024-25,2024-25_CHI_019,2024-11-23,CHI,POR,True,False,18.4,5,3,1,0,1,1,2,1,0,True
SYN0034,Synthetic Player 034,2024-25,2024-25_CHI_020,2024-11-25,CHI,SAC,False,False,17.9,4,4,1,0,1,1,1,0,0,True
SYN0034,Synthetic Player 034,2024-25,2024-25_CHI_021,2024-11-27,CHI,SAS,True,True,25.1,8,7,2,1,1,2,2,1,0,True
SYN0034,Synthetic Player 034,2024-25,2024-25_CHI_022,2024-11-28,CHI,TOR,False,False,14.2,3,3,1,0,1,1,1,1,0,True
SYN0034,Synthetic Player 034,2024-25,2024-25_CHI_027,2024-12-07,CHI,BKN,True,False,18.1,8,6,1,0,1,1,2,2,0,True
SYN0034,Synthetic Player 034,2024-25,2024-25_CHI_028,2024-12-08,CHI,CHA,False,False,20.2,8,6,1,1,1,1,2,1,0,True
SYN0034,Synthetic Player 034,2024-25,2024-25_CHI_029,2024-12-09,CHI,CHI,True,False,17.7,7,5,1,0,1,1,1,1,0,True
SYN0034,Synthetic Player 034,2024-25,2024-25_CHI_030,2024-12-11,CHI,CLE,False,False,14.2,4,4,1,0,1,1,1,1,0,True
SYN0034,Synthetic Player 034,2024-25,2024-25_CHI_031,2024-12-12,CHI,DAL,True,False,11.2,4,2,1,0,1,1,1,1,0,True
SYN0034,Synthetic Player 034,2024-25,2024-25_CHI_032,2024-12-14,CHI,DEN,False,False,14.3,6,4,1,0,1,1,1,1,0,True
SYN0034,Synthetic Player 034,2024-25,2024-25_CHI_033,2024-12-16,CHI,DET,True,False,17.6,6,5,2,0,1,1,1,1,0,True
SYN0034,Synthetic Player 034,2024-25,2024-25_CHI_035,2024-12-20,CHI,HOU,True,False,7.5,2,2,1,0,0,0,1,0,0,True
SYN0034,Synthetic Player 034,2024-25,2024-25_CHI_036,2024-12-22,CHI,IND,False,False,12.3,4,4,1,0,1,1,1,0,0,True
SYN0034,Synthetic Player 034,2024-25,2024-25_CHI_037,2024-12-23,CHI,LAC,True,False,16.1,5,6,1,0,1,1,1,1,0,True
SYN0034,Synthetic Player 034,2024-25,2024-25_CHI_038,2024-12-26,CHI,LAL,False,False,8.3,3,1,0,0,1,0,1,1,0,True
SYN0034,Synthetic Player 034,2024-25,2024-25_CHI_039,2024-12-28,CHI,MEM,True,False,15.8,4,4,1,0,1,1,1,1,0,True
SYN0034,Synthetic Player 034,2024-25,2024-25_CHI_040,2024-12-30,CHI,MIA,False,False,5.1,1,1,0,0,0,0,0,0,0,True
SYN0034,Synthetic Player 034,2024-25,2024-25_CHI_042,2025-01-03,CHI,MIN,False,False,15.6,6,3,1,0,1,1,1,1,0,True
SYN0034,Synthetic Player 034,2024-25,2024-25_CHI_043,2025-01-04,CHI,NOP,True,False,12.5,4,5,1,0,1,1,1,1,0,True
SYN0034,Synthetic Player 034,2024-25,2024-25_CHI_044,2025-01-06,CHI,NYK,False,False,14.8,7,3,1,0,1,1,1,1,0,True
SYN0034,Synthetic Player 034,2024-25,2024-25_CHI_045,2025-01-08,CHI,OKC,True,False,14.1,7,4,1,0,1,1,1,1,0,True
SYN0034,Synthetic Player 034,2024-25,2024-25_CHI_046,2025-01-10,CHI,ORL,False,False,15.4,5,4,1,0,1,1,1,1,0,True
SYN0034,Synthetic Player 034,2024-25,2024-25_CHI_047,2025-01-12,CHI,PHI,True,False,12.4,3,3,1,0,1,1,1,0,0,True
SYN0034,Synthetic Player 034,2024-25,2024-25_CHI_048,2025-01-14,CHI,PHX,False,False,16.7,8,5,1,0,1,1,2,1,0,True
SYN0034,Synthetic Player 034,2024-25,2024-25_CHI_049,2025-01-16,CHI,POR,True,False,22.2,7,4,2,0,1,1,2,1,0,True
SYN0034,Synthetic Player 034,2024-25,2024-25_CHI_050,2025-01-18,CHI,SAC,False,False,10.5,3,3,1,0,1,1,1,1,0,True
SYN0034,Synthetic Player 034,2024-25,2024-25_CHI_051,2025-01-19,CHI,SAS,True,False,21.2,8,5,2,1,1,1,1,1,0,True
SYN0034,Synthetic Player 034,2024-25,2024-25_CHI_058,2025-02-05,CHI,CHA,False,False,19.5,7,8,1,0,1,1,1,1,0,True
SYN0034,Synthetic Player 034,2024-25,2024-25_CHI_059,2025-02-07,CHI,CHI,True,False,19.5,8,6,1,0,1,1,1,1,0,True
SYN0034,Synthetic Player 034,2024-25,2024-25_CHI_060,2025-02-09,CHI,CLE,False,False,17.8,5,4,2,0,1,1,1,0,0,True
SYN0034,Synthetic Player 034,2024-25,2024-25_CHI_061,2025-02-11,CHI,DAL,True,False,13.7,5,4,1,0,0,1,1,1,0,True
SYN0034,Synthetic Player 034,2024-25,2024-25_CHI_062,2025-02-12,CHI,DEN,False,False,20.1,10,4,2,1,1,1,2,2,0,True
SYN0034,Synthetic Player 034,2024-25,2024-25_CHI_063,2025-02-14,CHI,DET,True,False,16.7,6,5,1,1,1,1,2,1,0,True
SYN0034,Synthetic Player 034,2024-25,2024-25_CHI_064,2025-02-15,CHI,GSW,False,False,21.9,5,6,2,0,1,1,2,1,0,True
SYN0034,Synthetic Player 034,2024-25,2024-25_CHI_065,2025-02-16,CHI,HOU,True,False,14.9,7,3,1,0,1,1,1,1,0,True
SYN0034,Synthetic Player 034,2024-25,2024-25_CHI_072,2025-03-01,CHI,MIN,False,False,16.9,6,4,1,0,1,1,1,1,0,True
SYN0034,Synthetic Player 034,2024-25,2024-25_CHI_073,2025-03-03,CHI,NOP,True,False,16.8,3,5,2,0,1,1,2,1,0,True
SYN0034,Synthetic Player 034,2024-25,2024-25_CHI_074,2025-03-04,CHI,NYK,False,False,19.0,6,4,2,1,1,1,1,1,0,True
SYN0034,Synthetic Player 034,2024-25,2024-25_CHI_075,2025-03-06,CHI,OKC,True,False,14.6,7,4,1,0,1,1,1,1,0,True
SYN0034,Synthetic Player 034,2024-25,2024-25_CHI_076,2025-03-07,CHI,ORL,False,False,19.0,7,7,2,0,1,1,2,1,0,True
SYN0034,Synthetic Player 034,2024-25,2024-25_CHI_078,2025-03-11,CHI,PHX,False,False,11.8,7,3,1,0,0,1,1,1,0,True
SYN0034,Synthetic Player 034,2024-25,2024-25_CHI_079,2025-03-13,CHI,POR,True,False,14.0,6,2,1,0,1,1,1,1,0,True
SYN0034,Synthetic Player 034,2024-25,2024-25_CHI_080,2025-03-15,CHI,SAC,False,True,26.4,9,8,2,1,1,1,2,1,0,True
SYN0034,Synthetic Player 034,2024-25,2024-25_CHI_081,2025-03-17,CHI,SAS,True,False,19.7,8,6,2,0,1,1,2,1,0,True
SYN0035,Synthetic Player 035,2024-25,2024-25_CLE_000,2024-10-23,CLE,DAL,False,True,38.4,33,10,19,2,0,4,2,7,3,True
SYN0035,Synthetic Player 035,2024-25,2024-25_CLE_001,2024-10-25,CLE,DEN,True,True,27.6,14,5,12,1,0,3,1,2,2,True
SYN0035,Synthetic Player 035,2024-25,2024-25_CLE_002,2024-10-27,CLE,DET,False,True,30.6,41,6,25,2,0,3,2,6,5,True
SYN0035,Synthetic Player 035,2024-25,2024-25_CLE_003,2024-10-29,CLE,GSW,True,True,32.9,48,7,6,1,0,4,1,6,6,True
SYN0035,Synthetic Player 035,2024-25,2024-25_CLE_004,2024-10-31,CLE,HOU,False,True,27.8,26,3,13,1,0,3,2,3,5,True
SYN0035,Synthetic Player 035,2024-25,2024-25_CLE_005,2024-11-02,CLE,IND,True,True,37.0,23,5,16,1,0,4,2,1,2,True
SYN0035,Synthetic Player 035,2024-25,2024-25_CLE_006,2024-11-03,CLE,LAC,False,False,23.7,11,3,4,1,0,3,1,1,2,True
SYN0035,Synthetic Player 035,2024-25,2024-25_CLE_007,2024-11-05,CLE,LAL,True,True,32.3,33,7,12,2,0,2,2,3,3,True
SYN0035,Synthetic Player 035,2024-25,2024-25_CLE_008,2024-11-07,CLE,MEM,False,True,31.0,29,4,9,1,0,4,2,7,5,True
SYN0035,Synthetic Player 035,2024-25,2024-25_CLE_009,2024-11-09,CLE,MIA,True,True,36.6,14,8,22,2,0,5,2,2,1,True
SYN0035,Synthetic Player 035,2024-25,2024-25_CLE_010,2024-11-11,CLE,MIL,False,True,36.9,43,10,20,2,0,4,3,8,5,True
SYN0035,Synthetic Player 035,2024-25,2024-25_CLE_011,2024-11-13,CLE,MIN,True,True,30.3,35,7,20,1,0,2,1,5,4,True
SYN0035,Synthetic Player 035,2024-25,2024-25_CLE_014,2024-11-17,CLE,OKC,False,True,33.0,64,4,10,1,0,2,2,9,7,True
SYN0035,Synthetic Player 035,2024-25,2024-25_CLE_015,2024-11-18,CLE,ORL,True,True,33.9,32,7,13,1,0,3,1,3,3,True
SYN0035,Synthetic Player 035,2024-25,2024-25_CLE_016,2024-11-20,CLE,PHI,False,True,32.9,55,4,8,2,0,3,2,7,3,True
SYN0035,Synthetic Player 035,2024-25,2024-25_CLE_017,2024-11-21,CLE,PHX,True,False,22.9,20,2,16,1,0,1,1,2,2,True
SYN0035,Synthetic Player 035,2024-25,2024-25_CLE_018,2024-11-22,CLE,POR,False,True,26.9,28,5,19,1,0,4,1,3,2,True
SYN0035,Synthetic Player 035,2024-25,2024-25_CLE_019,2024-11-24,CLE,SAC,True,True,30.6,30,4,19,1,0,3,2,6,1,True
SYN0035,Synthetic Player 035,2024-25,2024-25_CLE_020,2024-11-26,CLE,SAS,False,True,34.4,28,7,16,1,0,3,2,3,2,True
SYN0035,Synthetic Player 035,2024-25,2024-25_CLE_021,2024-11-28,CLE,TOR,True,True,34.2,32,4,15,1,0,1,2,7,6,True
SYN0035,Synthetic Player 035,2024-25,2024-25_CLE_022,2024-11-30,CLE,UTA,False,True,31.1,38,6,15,1,0,2,2,6,3,True
SYN0035,Synthetic Player 035,2024-25,2024-25_CLE_023,2024-12-02,CLE,WAS,True,True,34.3,38,6,12,2,0,3,2,6,5,True
SYN0035,Synthetic Player 035,2024-25,2024-25_CLE_024,2024-12-04,CLE,ATL,False,True,39.5,31,5,12,4,0,4,2,5,3,True
SYN0035,Synthetic Player 035,2024-25,2024-25_CLE_025,2024-12-06,CLE,BOS,True,True,32.0,38,5,11,1,0,3,1,8,5,True
SYN0035,Synthetic Player 035,2024-25,2024-25_CLE_026,2024-12-08,CLE,BKN,False,True,44.0,43,5,31,2,0,6,3,8,3,True
SYN0035,Synthetic Player 035,2024-25,2024-25_CLE_027,2024-12-09,CLE,CHA,True,True,33.0,24,4,11,2,0,5,1,4,2,True
SYN0035,Synthetic Player 035,2024-25,2024-25_CLE_028,2024-12-11,CLE,CHI,False,True,33.8,42,8,10,2,0,3,2,7,3,True
SYN0035,Synthetic Player 035,2024-25,2024-25_CLE_029,2024-12-13,CLE,CLE,True,True,30.1,42,6,12,2,1,3,1,6,1,True
SYN0035,Synthetic Player 035,2024-25,2024-25_CLE_030,2024-12-15,CLE,DAL,False,True,29.4,27,6,17,1,0,2,2,3,3,True
SYN0035,Synthetic Player 035,2024-25,2024-25_CLE_031,2024-12-18,CLE,DEN,True,True,37.8,44,4,22,2,0,5,3,5,3,True
SYN0035,Synthetic Player 035,2024-25,2024-25_CLE_032,2024-12-20,CLE,DET,False,True,31.2,36,3,14,1,0,4,2,4,6,True
SYN0035,Synthetic Player 035,2024-25,2024-25_CLE_033,2024-12-22,CLE,GSW,True,True,39.5,51,5,18,1,0,2,2,8,8,True
SYN0035,Synthetic Player 035,2024-25,2024-25_CLE_034,2024-12-24,CLE,HOU,False,True,39.3,38,10,13,2,0,6,2,4,3,True
SYN0035,Synthetic Player 035,2024-25,2024-25_CLE_035,2024-12-26,CLE,IND,True,True,26.5,24,3,10,1,0,4,1,2,2,True
SYN0035,Synthetic Player 035,2024-25,2024-25_CLE_036,2024-12-27,CLE,LAC,False,True,33.0,57,3,7,1,0,3,2,10,7,True
SYN0035,Synthetic Player 035,2024-25,2024-25_CLE_037,2024-12-29,CLE,LAL,True,True,29.7,27,5,15,1,0,2,1,4,2,True
SYN0035,Synthetic Player 035,2024-25,2024-25_CLE_038,2024-12-31,CLE,MEM,False,True,33.5,20,4,8,3,0,7,2,2,2,True
SYN0035,Synthetic Player 035,2024-25,2024-25_CLE_039,2025-01-01,CLE,MIA,True,True,34.9,21,6,9,2,0,3,2,3,1,True
SYN0035,Synthetic Player 035,2024-25,2024-25_CLE_040,2025-01-02,CLE,MIL,False,True,31.8,28,5,13,1,0,4,2,5,3,True
SYN0035,Synthetic Player 035,2024-25,2024-25_CLE_041,2025-01-03,CLE,MIN,True,True,27.3,29,7,10,2,0,3,2,4,3,True
SYN0035,Synthetic Player 035,2024-25,2024-25_CLE_042,2025-01-05,CLE,NOP,False,True,36.8,37,5,24,1,0,3,1,6,5,True
SYN0035,Synthetic Player 035,2024-25,2024-25_CLE_043,2025-01-07,CLE,NYK,True,True,35.1,17,3,24,1,0,3,2,4,2,True
SYN0035,Synthetic Player 035,2024-25,2024-25_CLE_044,2025-01-08,CLE,OKC,False,True,35.1,34,6,20,1,0,2,2,5,2,True
SYN0035,Synthetic Player 035,2024-25,2024-25_CLE_045,2025-01-11,CLE,ORL,True,True,32.1,20,4,6,2,0,2,2,5,1,True
SYN0035,Synthetic Player 035,2024-25,2024-25_CLE_046,2025-01-12,CLE,PHI,False,True,36.4,38,8,22,2,0,3,2,5,2,True
SYN0035,Synthetic Player 035,2024-25,2024-25_CLE_047,2025-01-14,CLE,PHX,True,True,27.2,39,3,19,1,0,2,1,6,5,True
SYN0035,Synthetic Player 035,2024-25,2024-25_CLE_048,2025-01-17,CLE,POR,False,True,29.6,22,2,11,1,0,2,2,5,3,True
SYN0035,Synthetic Player 035,2024-25,2024-25_CLE_049,2025-01-18,CLE,SAC,True,False,22.8,15,2,6,1,0,2,1,2,3,True
SYN0035,Synthetic Player 035,2024-25,2024-25_CLE_050,2025-01-20,CLE,SAS,False,True,42.6,59,4,12,2,0,4,1,9,6,True
SYN0035,Synthetic Player 035,2024-25,2024-25_CLE_051,2025-01-22,CLE,TOR,True,True,30.5,18,6,12,1,0,4,1,3,2,True
SYN0035,Synthetic Player 035,2024-25,2024-25_CLE_052,2025-01-23,CLE,UTA,False,True,38.1,22,8,18,3,0,5,1,4,1,True
SYN0035,Synthetic Player 035,2024-25,2024-25_CLE_053,2025-01-24,CLE,WAS,True,True,33.9,53,6,15,2,0,1,2,12,5,True
SYN0035,Synthetic Player 035,2024-25,2024-25_CLE_054,2025-01-26,CLE,ATL,False,True,31.7,41,5,8,1,0,4,2,6,3,True
SYN0035,Synthetic Player 035,2024-25,2024-25_CLE_055,2025-01-28,CLE,BOS,True,True,37.4,36,7,10,2,0,2,2,5,5,True
SYN0035,Synthetic Player 035,2024-25,2024-25_CLE_056,2025-01-30,CLE,BKN,False,True,26.6,17,5,9,1,0,4,2,3,1,True
SYN0035,Synthetic Player 035,2024-25,2024-25_CLE_057,2025-02-01,CLE,CHA,True,True,36.8,17,6,9,1,0,4,2,2,3,True
SYN0035,Synthetic Player 035,2024-25,2024-25_CLE_058,2025-02-03,CLE,CHI,False,True,31.2,22,9,8,1,0,4,1,2,3,True
SYN0035,Synthetic Player 035,2024-25,2024-25_CLE_059,2025-02-05,CLE,CLE,True,True,35.8,30,4,16,2,0,4,2,7,7,True
SYN0035,Synthetic Player 035,2024-25,2024-25_CLE_060,2025-02-07,CLE,DAL,False,True,33.7,20,4,10,1,0,4,2,4,2,True
SYN0035,Synthetic Player 035,2024-25,2024-25_CLE_061,2025-02-09,CLE,DEN,True,True,32.4,26,2,11,2,0,5,2,5,1,True
SYN0035,Synthetic Player 035,2024-25,2024-25_CLE_062,2025-02-10,CLE,DET,False,True,30.5,46,6,7,1,0,3,2,11,3,True
SYN0035,Synthetic Player 035,2024-25,2024-25_CLE_063,2025-02-12,CLE,GSW,True,True,32.5,38,4,10,0,0,2,2,7,10,True
SYN0035,Synthetic Player 035,2024-25,2024-25_CLE_076,2025-03-08,CLE,PHI,False,True,34.8,66,6,15,1,0,3,2,10,3,True
SYN0035,Synthetic Player 035,2024-25,2024-25_CLE_077,2025-03-10,CLE,PHX,True,True,30.1,48,4,8,1,0,2,2,8,6,True
SYN0035,Synthetic Player 035,2024-25,2024-25_CLE_078,2025-03-11,CLE,POR,False,True,42.7,57,6,14,3,0,4,2,6,13,True
SYN0035,Synthetic Player 035,2024-25,2024-25_CLE_079,2025-03-12,CLE,SAC,True,True,30.4,23,6,15,2,0,3,2,6,3,True
SYN0035,Synthetic Player 035,2024-25,2024-25_CLE_080,2025-03-15,CLE,SAS,False,True,35.2,28,7,25,2,1,4,2,3,3,True
SYN0035,Synthetic Player 035,2024-25,2024-25_CLE_081,2025-03-18,CLE,TOR,True,True,34.8,38,5,13,2,0,4,2,6,4,True
SYN0036,Synthetic Player 036,2024-25,2024-25_DAL_002,2024-10-25,DAL,GSW,False,False,21.6,15,3,2,1,0,2,1,2,2,True
SYN0036,Synthetic Player 036,2024-25,2024-25_DAL_003,2024-10-27,DAL,HOU,True,False,17.7,12,3,1,0,0,1,1,1,2,True
SYN0036,Synthetic Player 036,2024-25,2024-25_DAL_004,2024-10-29,DAL,IND,False,False,22.2,19,3,3,1,0,1,1,2,2,True
SYN0036,Synthetic Player 036,2024-25,2024-25_DAL_005,2024-10-31,DAL,LAC,True,False,20.1,7,2,4,0,0,1,1,1,1,True
SYN0036,Synthetic Player 036,2024-25,2024-25_DAL_006,2024-11-02,DAL,LAL,False,False,15.1,12,2,3,1,0,1,1,1,2,True
SYN0036,Synthetic Player 036,2024-25,2024-25_DAL_007,2024-11-03,DAL,MEM,True,False,13.1,5,2,1,1,0,1,1,1,1,True
SYN0036,Synthetic Player 036,2024-25,2024-25_DAL_008,2024-11-05,DAL,MIA,False,False,16.9,11,1,2,0,0,1,1,1,2,True
SYN0036,Synthetic Player 036,2024-25,2024-25_DAL_009,2024-11-06,DAL,MIL,True,False,13.6,12,2,1,0,0,1,1,3,1,True
SYN0036,Synthetic Player 036,2024-25,2024-25_DAL_022,2024-12-02,DAL,WAS,False,False,19.5,7,3,2,0,0,1,1,1,1,True
SYN0036,Synthetic Player 036,2024-25,2024-25_DAL_027,2024-12-09,DAL,CHI,True,False,13.5,16,2,1,0,0,1,1,4,1,True
SYN0036,Synthetic Player 036,2024-25,2024-25_DAL_028,2024-12-10,DAL,CLE,False,False,12.1,7,2,2,0,0,1,1,1,1,True
SYN0036,Synthetic Player 036,2024-25,2024-25_DAL_029,2024-12-12,DAL,DAL,True,False,14.3,8,2,2,0,0,1,1,1,1,True
SYN0036,Synthetic Player 036,2024-25,2024-25_DAL_030,2024-12-14,DAL,DEN,False,False,18.5,6,3,3,1,0,1,1,1,1,True
SYN0036,Synthetic Player 036,2024-25,2024-25_DAL_031,2024-12-15,DAL,DET,True,False,14.2,10,2,1,1,0,1,1,2,2,True
SYN0036,Synthetic Player 036,2024-25,2024-25_DAL_034,2024-12-20,DAL,IND,False,False,12.6,9,2,1,1,0,1,1,3,2,True
SYN0036,Synthetic Player 036,2024-25,2024-25_DAL_035,2024-12-22,DAL,LAC,True,False,13.0,6,2,1,0,0,1,1,1,1,True
SYN0036,Synthetic Player 036,2024-25,2024-25_DAL_036,2024-12-24,DAL,LAL,False,False,13.6,10,1,2,1,0,1,1,2,1,True
SYN0036,Synthetic Player 036,2024-25,2024-25_DAL_037,2024-12-27,DAL,MEM,True,True,24.6,20,3,6,1,0,1,1,4,2,True
SYN0036,Synthetic Player 036,2024-25,2024-25_DAL_038,2024-12-29,DAL,MIA,False,False,12.5,10,1,2,0,0,1,1,2,1,True
SYN0036,Synthetic Player 036,2024-25,2024-25_DAL_039,2024-12-30,DAL,MIL,True,False,16.9,11,4,2,0,0,1,1,3,1,True
SYN0036,Synthetic Player 036,2024-25,2024-25_DAL_041,2025-01-04,DAL,NOP,True,False,12.9,7,1,2,0,0,1,1,1,1,True
SYN0036,Synthetic Player 036,2024-25,2024-25_DAL_042,2025-01-06,DAL,NYK,False,False,14.7,8,1,2,1,0,1,1,2,1,True
SYN0036,Synthetic Player 036,2024-25,2024-25_DAL_043,2025-01-08,DAL,OKC,True,False,17.8,9,3,2,0,0,1,1,2,1,True
SYN0036,Synthetic Player 036,2024-25,2024-25_DAL_044,2025-01-09,DAL,ORL,False,False,11.3,6,2,1,0,0,1,1,1,1,True
SYN0036,Synthetic Player 036,2024-25,2024-25_DAL_045,2025-01-11,DAL,PHI,True,False,16.9,13,1,2,1,0,1,1,2,2,True
SYN0036,Synthetic Player 036,2024-25,2024-25_DAL_046,2025-01-13,DAL,PHX,False,False,10.2,2,1,1,0,0,0,1,0,0,True
SYN0036,Synthetic Player 036,2024-25,2024-25_DAL_047,2025-01-15,DAL,POR,True,True,26.0,8,4,6,0,0,2,2,1,1,True
SYN0036,Synthetic Player 036,2024-25,2024-25_DAL_048,2025-01-18,DAL,SAC,False,False,14.4,8,2,1,0,0,1,1,1,1,True
SYN0036,Synthetic Player 036,2024-25,2024-25_DAL_049,2025-01-19,DAL,SAS,True,False,14.3,11,1,1,0,0,1,1,2,1,True
SYN0036,Synthetic Player 036,2024-25,2024-25_DAL_050,2025-01-22,DAL,TOR,False,False,5.1,2,1,1,0,0,1,0,1,0,True
SYN0036,Synthetic Player 036,2024-25,2024-25_DAL_051,2025-01-24,DAL,UTA,True,False,17.4,15,3,2,0,0,1,1,2,3,True
SYN0036,Synthetic Player 036,2024-25,2024-25_DAL_052,2025-01-26,DAL,WAS,False,False,13.9,10,2,1,0,0,1,1,1,1,True
SYN0036,Synthetic Player 036,2024-25,2024-25_DAL_053,2025-01-28,DAL,ATL,True,False,21.7,13,2,3,0,0,1,1,3,2,True
SYN0036,Synthetic Player 036,2024-25,2024-25_DAL_060,2025-02-08,DAL,DEN,False,False,13.0,9,2,2,0,0,1,1,2,1,True
SYN0036,Synthetic Player 036,2024-25,2024-25_DAL_061,2025-02-10,DAL,DET,True,True,24.0,12,3,2,1,0,2,1,4,1,True
SYN0036,Synthetic Player 036,2024-25,2024-25_DAL_063,2025-02-14,DAL,HOU,True,False,6.4,2,1,1,0,0,0,0,0,0,True
SYN0036,Synthetic Player 036,2024-25,2024-25_DAL_064,2025-02-16,DAL,IND,False,False,15.3,13,2,2,1,0,1,1,2,2,True
SYN0036,Synthetic Player 036,2024-25,2024-25_DAL_065,2025-02-19,DAL,LAC,True,False,16.2,13,1,2,1,0,1,1,2,2,True
SYN0036,Synthetic Player 036,2024-25,2024-25_DAL_066,2025-02-20,DAL,LAL,False,False,16.1,13,2,1,1,0,1,1,2,1,True
SYN0036,Synthetic Player 036,2024-25,2024-25_DAL_067,2025-02-22,DAL,MEM,True,False,11.0,7,2,2,0,0,1,1,1,1,True
SYN0036,Synthetic Player 036,2024-25,2024-25_DAL_068,2025-02-24,DAL,MIA,False,False,13.4,7,1,1,0,0,1,1,1,1,True
SYN0036,Synthetic Player 036,2024-25,2024-25_DAL_069,2025-02-25,DAL,MIL,True,False,16.9,12,1,2,1,0,1,1,1,1,True
SYN0036,Synthetic Player 036,2024-25,2024-25_DAL_070,2025-02-26,DAL,MIN,False,False,16.6,6,2,3,1,0,1,1,1,1,True
SYN0036,Synthetic Player 036,2024-25,2024-25_DAL_071,2025-02-28,DAL,NOP,True,False,17.8,7,4,2,1,0,1,1,1,1,True
SYN0036,Synthetic Player 036,2024-25,2024-25_DAL_072,2025-03-02,DAL,NYK,False,False,17.1,12,3,1,0,0,1,1,2,2,True
SYN0036,Synthetic Player 036,2024-25,2024-25_DAL_073,2025-03-04,DAL,OKC,True,False,8.2,8,1,1,0,0,0,1,1,1,True
SYN0036,Synthetic Player 036,2024-25,2024-25_DAL_074,2025-03-05,DAL,ORL,False,False,11.7,6,2,1,0,0,1,1,1,1,True
SYN0036,Synthetic Player 036,2024-25,2024-25_DAL_075,2025-03-07,DAL,PHI,True,False,10.8,3,1,1,0,0,1,0,0,0,True
SYN0036,Synthetic Player 036,2024-25,2024-25_DAL_076,2025-03-09,DAL,PHX,False,False,19.3,15,2,2,1,0,2,1,3,1,True
SYN0036,Synthetic Player 036,2024-25,2024-25_DAL_077,2025-03-12,DAL,POR,True,False,15.3,5,2,1,0,0,1,1,1,1,True
SYN0036,Synthetic Player 036,2024-25,2024-25_DAL_078,2025-03-14,DAL,SAC,False,False,11.1,8,1,1,0,0,1,1,1,1,True
SYN0036,Synthetic Player 036,2024-25,2024-25_DAL_079,2025-03-16,DAL,SAS,True,False,20.3,10,2,3,1,0,1,1,2,1,True
SYN0036,Synthetic Player 036,2024-25,2024-25_DAL_080,2025-03-17,DAL,TOR,False,False,21.9,7,3,3,0,0,2,1,1,1,True
SYN0037,Synthetic Player 037,2024-25,2024-25_DEN_000,2024-10-22,DEN,DET,False,True,30.1,29,9,3,2,1,2,2,5,5,True
SYN0037,Synthetic Player 037,2024-25,2024-25_DEN_001,2024-10-24,DEN,GSW,True,True,28.6,26,6,4,1,1,2,2,4,2,True
SYN0037,Synthetic Player 037,2024-25,2024-25_DEN_002,2024-10-26,DEN,HOU,False,True,26.8,16,5,3,1,0,1,2,3,1,True
SYN0037,Synthetic Player 037,2024-25,2024-25_DEN_003,2024-10-28,DEN,IND,True,True,31.3,27,8,6,1,0,3,2,5,2,True
SYN0037,Synthetic Player 037,2024-25,2024-25_DEN_004,2024-10-29,DEN,LAC,False,True,29.3,24,4,3,2,1,2,1,3,3,True
SYN0037,Synthetic Player 037,2024-25,2024-25_DEN_005,2024-10-30,DEN,LAL,True,False,22.2,28,3,3,1,0,2,2,4,4,True
SYN0037,Synthetic Player 037,2024-25,2024-25_DEN_006,2024-10-31,DEN,MEM,False,True,26.3,13,4,6,1,1,2,2,1,1,True
SYN0037,Synthetic Player 037,2024-25,2024-25_DEN_007,2024-11-03,DEN,MIA,True,True,26.1,16,3,2,1,0,2,2,3,1,True
SYN0037,Synthetic Player 037,2024-25,2024-25_DEN_008,2024-11-04,DEN,MIL,False,True,28.2,13,7,4,1,0,2,2,3,2,True
SYN0037,Synthetic Player 037,2024-25,2024-25_DEN_009,2024-11-07,DEN,MIN,True,True,24.8,11,6,5,1,0,1,2,1,1,True
SYN0037,Synthetic Player 037,2024-25,2024-25_DEN_010,2024-11-08,DEN,NOP,False,True,33.5,29,4,4,2,1,2,3,5,4,True
SYN0037,Synthetic Player 037,2024-25,2024-25_DEN_011,2024-11-10,DEN,NYK,True,False,22.3,6,4,3,0,0,1,1,1,0,True
SYN0037,Synthetic Player 037,2024-25,2024-25_DEN_012,2024-11-11,DEN,OKC,False,True,35.4,31,8,4,1,0,2,2,5,3,True
SYN0037,Synthetic Player 037,2024-25,2024-25_DEN_013,2024-11-13,DEN,ORL,True,False,16.5,14,4,1,1,0,1,1,1,2,True
SYN0037,Synthetic Player 037,2024-25,2024-25_DEN_014,2024-11-14,DEN,PHI,False,True,28.0,18,5,3,1,1,2,2,3,1,True
SYN0037,Synthetic Player 037,2024-25,2024-25_DEN_015,2024-11-15,DEN,PHX,True,True,29.1,26,8,4,1,0,2,2,5,3,True
SYN0037,Synthetic Player 037,2024-25,2024-25_DEN_016,2024-11-18,DEN,POR,False,True,33.4,21,6,5,1,0,2,2,4,4,True
SYN0037,Synthetic Player 037,2024-25,2024-25_DEN_017,2024-11-20,DEN,SAC,True,True,35.9,33,6,7,1,0,3,3,3,4,True
SYN0037,Synthetic Player 037,2024-25,2024-25_DEN_018,2024-11-22,DEN,SAS,False,True,25.2,20,3,2,1,0,1,2,3,2,True
SYN0037,Synthetic Player 037,2024-25,2024-25_DEN_019,2024-11-23,DEN,TOR,True,True,28.1,33,6,4,1,1,2,2,5,6,True
SYN0037,Synthetic Player 037,2024-25,2024-25_DEN_020,2024-11-24,DEN,UTA,False,True,35.2,19,8,5,1,1,3,3,2,2,True
SYN0037,Synthetic Player 037,2024-25,2024-25_DEN_021,2024-11-26,DEN,WAS,True,True,28.4,16,6,4,1,0,2,2,3,2,True
SYN0037,Synthetic Player 037,2024-25,2024-25_DEN_022,2024-11-29,DEN,ATL,False,True,30.5,22,8,3,2,1,3,2,3,3,True
SYN0037,Synthetic Player 037,2024-25,2024-25_DEN_023,2024-11-30,DEN,BOS,True,True,28.8,25,4,5,1,1,2,2,4,3,True
SYN0037,Synthetic Player 037,2024-25,2024-25_DEN_024,2024-12-03,DEN,BKN,False,True,33.5,31,11,6,1,1,3,2,6,3,True
SYN0037,Synthetic Player 037,2024-25,2024-25_DEN_025,2024-12-05,DEN,CHA,True,True,32.3,36,7,7,1,0,2,2,4,2,True
SYN0037,Synthetic Player 037,2024-25,2024-25_DEN_026,2024-12-06,DEN,CHI,False,True,32.2,18,7,7,1,1,3,2,5,2,True
SYN0037,Synthetic Player 037,2024-25,2024-25_DEN_027,2024-12-07,DEN,CLE,True,True,30.5,21,4,4,1,0,2,2,3,2,True
SYN0037,Synthetic Player 037,2024-25,2024-25_DEN_028,2024-12-09,DEN,DAL,False,True,28.3,14,6,4,1,0,2,2,3,2,True
SYN0037,Synthetic Player 037,2024-25,2024-25_DEN_029,2024-12-11,DEN,DEN,True,True,28.6,33,5,3,1,0,3,2,7,4,True
SYN0037,Synthetic Player 037,2024-25,2024-25_DEN_030,2024-12-13,DEN,DET,False,True,32.9,24,7,5,1,1,3,2,3,2,True
SYN0037,Synthetic Player 037,2024-25,2024-25_DEN_031,2024-12-15,DEN,GSW,True,True,26.1,9,3,3,1,0,2,2,1,1,True
SYN0037,Synthetic Player 037,2024-25,2024-25_DEN_032,2024-12-18,DEN,HOU,False,True,29.5,13,5,5,1,1,1,2,2,1,True
SYN0037,Synthetic Player 037,2024-25,2024-25_DEN_033,2024-12-19,DEN,IND,True,True,24.2,19,4,2,1,1,2,2,4,3,True
SYN0037,Synthetic Player 037,2024-25,2024-25_DEN_034,2024-12-22,DEN,LAC,False,True,24.1,17,7,5,1,0,2,2,3,2,True
SYN0037,Synthetic Player 037,2024-25,2024-25_DEN_035,2024-12-25,DEN,LAL,True,True,29.5,21,7,5,1,1,2,2,3,1,True
SYN0037,Synthetic Player 037,2024-25,2024-25_DEN_036,2024-12-26,DEN,MEM,False,True,30.8,36,6,5,1,1,3,2,5,3,True
SYN0037,Synthetic Player 037,2024-25,2024-25_DEN_040,2025-01-01,DEN,NOP,False,True,26.8,29,7,4,1,0,2,1,7,3,True
SYN0037,Synthetic Player 037,2024-25,2024-25_DEN_041,2025-01-03,DEN,NYK,True,True,30.0,27,6,2,1,1,2,2,2,2,True
SYN0037,Synthetic Player 037,2024-25,2024-25_DEN_042,2025-01-04,DEN,OKC,False,True,28.3,34,3,4,1,1,2,2,7,4,True
SYN0037,Synthetic Player 037,2024-25,2024-25_DEN_043,2025-01-06,DEN,ORL,True,True,30.7,34,7,6,1,1,2,2,5,3,True
SYN0037,Synthetic Player 037,2024-25,2024-25_DEN_044,2025-01-08,DEN,PHI,False,True,25.7,28,4,3,1,0,2,1,4,3,True
SYN0037,Synthetic Player 037,2024-25,2024-25_DEN_045,2025-01-10,DEN,PHX,True,True,29.5,18,5,5,1,0,2,3,1,2,True
SYN0037,Synthetic Player 037,2024-25,2024-25_DEN_046,2025-01-11,DEN,POR,False,False,21.2,9,5,2,1,0,1,1,1,1,True
SYN0037,Synthetic Player 037,2024-25,2024-25_DEN_047,2025-01-13,DEN,SAC,True,True,28.5,17,6,3,1,0,2,2,2,1,True
SYN0037,Synthetic Player 037,2024-25,2024-25_DEN_048,2025-01-15,DEN,SAS,False,True,33.4,28,6,5,2,1,2,2,6,3,True
SYN0037,Synthetic Player 037,2024-25,2024-25_DEN_049,2025-01-18,DEN,TOR,True,True,29.1,19,5,2,1,0,2,2,2,2,True
SYN0037,Synthetic Player 037,2024-25,2024-25_DEN_050,2025-01-19,DEN,UTA,False,True,31.3,36,8,8,1,0,3,2,4,4,True
SYN0037,Synthetic Player 037,2024-25,2024-25_DEN_051,2025-01-20,DEN,WAS,True,True,26.5,24,8,3,1,0,2,1,2,2,True
SYN0037,Synthetic Player 037,2024-25,2024-25_DEN_052,2025-01-21,DEN,ATL,False,True,33.4,20,6,5,1,0,2,2,2,3,True
SYN0037,Synthetic Player 037,2024-25,2024-25_DEN_053,2025-01-22,DEN,BOS,True,True,26.9,22,3,6,0,1,3,2,3,2,True
SYN0037,Synthetic Player 037,2024-25,2024-25_DEN_054,2025-01-23,DEN,BKN,False,True,31.1,19,5,9,2,1,2,2,5,2,True
SYN0037,Synthetic Player 037,2024-25,2024-25_DEN_055,2025-01-25,DEN,CHA,True,True,29.5,25,6,9,1,0,2,2,6,3,True
SYN0037,Synthetic Player 037,2024-25,2024-25_DEN_056,2025-01-27,DEN,CHI,False,False,23.8,15,4,4,1,0,1,2,4,2,True
SYN0037,Synthetic Player 037,2024-25,2024-25_DEN_057,2025-01-29,DEN,CLE,True,True,29.4,21,7,4,1,1,2,2,3,3,True
SYN0037,Synthetic Player 037,2024-25,2024-25_DEN_058,2025-01-31,DEN,DAL,False,True,34.5,46,10,6,1,1,2,2,7,5,True
SYN0037,Synthetic Player 037,2024-25,2024-25_DEN_059,2025-02-01,DEN,DEN,True,True,30.4,13,5,3,1,0,2,2,2,1,True
SYN0037,Synthetic Player 037,2024-25,2024-25_DEN_060,2025-02-03,DEN,DET,False,True,28.4,35,7,3,1,0,2,1,4,4,True
SYN0037,Synthetic Player 037,2024-25,2024-25_DEN_061,2025-02-06,DEN,GSW,True,True,24.8,11,5,2,0,0,1,1,2,2,True
SYN0037,Synthetic Player 037,2024-25,2024-25_DEN_062,2025-02-08,DEN,HOU,False,True,26.2,24,7,2,1,0,1,2,4,1,True
SYN0037,Synthetic Player 037,2024-25,2024-25_DEN_063,2025-02-10,DEN,IND,True,True,33.3,19,7,7,1,1,2,2,4,2,True
SYN0037,Synthetic Player 037,2024-25,2024-25_DEN_064,2025-02-12,DEN,LAC,False,True,27.3,25,6,2,1,0,1,1,3,4,True
SYN0037,Synthetic Player 037,2024-25,2024-25_DEN_065,2025-02-14,DEN,LAL,True,True,29.5,22,4,8,1,1,2,2,5,2,True
SYN0037,Synthetic Player 037,2024-25,2024-25_DEN_066,2025-02-15,DEN,MEM,False,True,28.5,31,6,5,1,0,3,2,9,3,True
SYN0037,Synthetic Player 037,2024-25,2024-25_DEN_067,2025-02-16,DEN,MIA,True,True,32.6,34,5,5,1,0,2,2,10,6,True
SYN0037,Synthetic Player 037,2024-25,2024-25_DEN_068,2025-02-17,DEN,MIL,False,True,35.6,31,8,4,2,1,2,3,9,4,True
SYN0037,Synthetic Player 037,2024-25,2024-25_DEN_069,2025-02-19,DEN,MIN,True,True,31.4,22,6,3,1,1,2,2,3,1,True
SYN0037,Synthetic Player 037,2024-25,2024-25_DEN_070,2025-02-21,DEN,NOP,False,True,27.8,29,7,6,1,0,2,2,4,4,True
SYN0037,Synthetic Player 037,2024-25,2024-25_DEN_071,2025-02-23,DEN,NYK,True,True,32.6,15,5,4,1,0,2,2,2,2,True
SYN0037,Synthetic Player 037,2024-25,2024-25_DEN_072,2025-02-25,DEN,OKC,False,True,28.9,17,6,4,1,0,3,2,3,2,True
SYN0037,Synthetic Player 037,2024-25,2024-25_DEN_073,2025-02-27,DEN,ORL,True,False,21.2,27,5,4,1,0,1,2,4,4,True
SYN0037,Synthetic Player 037,2024-25,2024-25_DEN_074,2025-03-01,DEN,PHI,False,True,30.7,17,6,4,1,0,2,2,3,2,True
SYN0037,Synthetic Player 037,2024-25,2024-25_DEN_075,2025-03-03,DEN,PHX,True,True,34.9,20,9,4,1,1,2,2,2,2,True
SYN0037,Synthetic Player 037,2024-25,2024-25_DEN_076,2025-03-05,DEN,POR,False,True,27.0,26,6,4,1,1,1,2,3,3,True
SYN0037,Synthetic Player 037,2024-25,2024-25_DEN_077,2025-03-06,DEN,SAC,True,True,30.3,55,5,5,1,0,3,2,8,8,True
SYN0037,Synthetic Player 037,2024-25,2024-25_DEN_078,2025-03-08,DEN,SAS,False,True,28.7,27,8,2,1,1,2,2,4,3,True
SYN0037,Synthetic Player 037,2024-25,2024-25_DEN_079,2025-03-10,DEN,TOR,True,True,29.0,20,7,4,1,0,2,2,3,2,True
SYN0037,Synthetic Player 037,2024-25,2024-25_DEN_080,2025-03-13,DEN,UTA,False,True,33.0,30,4,3,1,0,2,2,5,4,True
SYN0037,Synthetic Player 037,2024-25,2024-25_DEN_081,2025-03-15,DEN,WAS,True,True,33.3,21,8,5,2,0,1,2,4,2,True
SYN0038,Synthetic Player 038,2024-25,2024-25_DET_000,2024-10-23,DET,GSW,False,False,21.9,11,4,2,1,1,2,2,2,1,True
SYN0038,Synthetic Player 038,2024-25,2024-25_DET_001,2024-10-25,DET,HOU,True,False,18.7,6,4,2,0,0,1,1,1,0,True
SYN0038,Synthetic Player 038,2024-25,2024-25_DET_002,2024-10-26,DET,IND,False,False,21.5,11,5,3,1,0,1,2,2,1,True
SYN0038,Synthetic Player 038,2024-25,2024-25_DET_005,2024-11-01,DET,MEM,True,False,19.9,11,3,2,1,1,1,2,2,1,True
SYN0038,Synthetic Player 038,2024-25,2024-25_DET_006,2024-11-02,DET,MIA,False,False,20.7,9,3,1,1,0,1,1,1,0,True
SYN0038,Synthetic Player 038,2024-25,2024-25_DET_007,2024-11-04,DET,MIL,True,False,18.4,9,4,1,1,0,1,1,1,0,True
SYN0038,Synthetic Player 038,2024-25,2024-25_DET_008,2024-11-05,DET,MIN,False,False,16.1,4,3,1,1,1,1,1,1,0,True
SYN0038,Synthetic Player 038,2024-25,2024-25_DET_009,2024-11-08,DET,NOP,True,False,18.1,6,4,2,0,0,1,2,1,0,True
SYN0038,Synthetic Player 038,2024-25,2024-25_DET_010,2024-11-10,DET,NYK,False,False,21.5,8,4,2,1,1,1,2,1,1,True
SYN0038,Synthetic Player 038,2024-25,2024-25_DET_019,2024-11-27,DET,UTA,True,False,21.2,10,5,2,1,0,1,2,2,0,True
SYN0038,Synthetic Player 038,2024-25,2024-25_DET_020,2024-11-28,DET,WAS,False,False,21.6,11,6,2,1,1,1,1,1,1,True
SYN0038,Synthetic Player 038,2024-25,2024-25_DET_024,2024-12-06,DET,CHA,False,False,22.8,6,4,1,1,1,1,2,1,0,True
SYN0038,Synthetic Player 038,2024-25,2024-25_DET_025,2024-12-09,DET,CHI,True,False,23.6,10,5,2,1,1,1,2,1,1,True
SYN0038,Synthetic Player 038,2024-25,2024-25_DET_026,2024-12-11,DET,CLE,False,True,30.2,7,6,4,1,1,2,2,1,1,True
SYN0038,Synthetic Player 038,2024-25,2024-25_DET_039,2025-01-05,DET,NOP,True,True,31.6,12,8,2,1,1,2,2,2,1,True
SYN0038,Synthetic Player 038,2024-25,2024-25_DET_040,2025-01-07,DET,NYK,False,False,18.3,9,3,2,0,1,1,1,2,1,True
SYN0038,Synthetic Player 038,2024-25,2024-25_DET_041,2025-01-09,DET,OKC,True,False,21.9,12,5,1,1,1,1,2,1,1,True
SYN0038,Synthetic Player 038,2024-25,2024-25_DET_042,2025-01-12,DET,ORL,False,False,22.9,8,5,2,1,0,1,1,2,1,True
SYN0038,Synthetic Player 038,2024-25,2024-25_DET_043,2025-01-15,DET,PHI,True,False,17.7,5,4,2,0,0,1,1,1,0,True
SYN0038,Synthetic Player 038,2024-25,2024-25_DET_044,2025-01-17,DET,PHX,False,False,16.0,4,2,1,0,0,1,1,0,0,True
SYN0038,Synthetic Player 038,2024-25,2024-25_DET_045,2025-01-19,DET,POR,True,False,14.2,5,3,1,0,1,1,1,1,0,True
SYN0038,Synthetic Player 038,2024-25,2024-25_DET_046,2025-01-21,DET,SAC,False,False,23.7,8,4,3,1,1,1,2,1,1,True
SYN0038,Synthetic Player 038,2024-25,2024-25_DET_047,2025-01-23,DET,SAS,True,False,22.2,7,5,2,1,1,1,1,1,1,True
SYN0038,Synthetic Player 038,2024-25,2024-25_DET_049,2025-01-27,DET,UTA,True,False,21.1,11,5,2,0,1,1,2,1,1,True
SYN0038,Synthetic Player 038,2024-25,2024-25_DET_050,2025-01-29,DET,WAS,False,False,12.3,6,3,2,0,0,1,1,1,0,True
SYN0038,Synthetic Player 038,2024-25,2024-25_DET_051,2025-01-31,DET,ATL,True,False,23.4,9,3,2,1,0,1,1,1,1,True
SYN0038,Synthetic Player 038,2024-25,2024-25_DET_052,2025-02-03,DET,BOS,False,False,23.8,11,6,2,1,1,2,2,1,1,True
SYN0038,Synthetic Player 038,2024-25,2024-25_DET_053,2025-02-05,DET,BKN,True,False,22.0,10,5,2,0,1,1,2,2,0,True
SYN0038,Synthetic Player 038,2024-25,2024-25_DET_056,2025-02-10,DET,CLE,False,False,12.1,7,3,1,0,0,1,1,1,0,True
SYN0038,Synthetic Player 038,2024-25,2024-25_DET_057,2025-02-13,DET,DAL,True,True,25.3,9,8,2,1,1,1,2,1,1,True
SYN0038,Synthetic Player 038,2024-25,2024-25_DET_058,2025-02-14,DET,DEN,False,False,20.7,6,4,2,0,0,1,2,1,0,True
SYN0038,Synthetic Player 038,2024-25,2024-25_DET_059,2025-02-15,DET,DET,True,False,13.8,10,3,1,0,0,1,1,2,0,True
SYN0038,Synthetic Player 038,2024-25,2024-25_DET_060,2025-02-16,DET,GSW,False,False,16.0,8,3,2,0,0,1,1,1,1,True
SYN0038,Synthetic Player 038,2024-25,2024-25_DET_061,2025-02-17,DET,HOU,True,False,22.8,5,4,2,1,1,1,2,1,0,True
SYN0038,Synthetic Player 038,2024-25,2024-25_DET_070,2025-03-08,DET,NYK,False,True,29.4,15,7,2,1,1,2,2,2,1,True
SYN0038,Synthetic Player 038,2024-25,2024-25_DET_071,2025-03-09,DET,OKC,True,False,19.2,9,3,2,0,0,1,2,1,1,True
SYN0038,Synthetic Player 038,2024-25,2024-25_DET_072,2025-03-11,DET,ORL,False,False,20.7,9,4,1,0,1,1,2,1,1,True
SYN0038,Synthetic Player 038,2024-25,2024-25_DET_073,2025-03-13,DET,PHI,True,True,26.5,7,4,2,1,1,2,2,1,0,True
SYN0038,Synthetic Player 038,2024-25,2024-25_DET_074,2025-03-15,DET,PHX,False,False,19.8,8,4,2,1,1,1,1,1,1,True
SYN0038,Synthetic Player 038,2024-25,2024-25_DET_075,2025-03-17,DET,POR,True,False,20.2,9,6,1,0,1,1,1,1,0,True
SYN0038,Synthetic Player 038,2024-25,2024-25_DET_076,2025-03-19,DET,SAC,False,False,17.4,7,3,1,1,0,1,1,1,0,True
SYN0038,Synthetic Player 038,2024-25,2024-25_DET_077,2025-03-21,DET,SAS,True,False,15.6,8,5,1,1,1,1,1,1,0,True
SYN0038,Synthetic Player 038,2024-25,2024-25_DET_078,2025-03-23,DET,TOR,False,False,18.2,7,4,2,0,1,1,2,1,1,True
SYN0038,Synthetic Player 038,2024-25,2024-25_DET_079,2025-03-25,DET,UTA,True,False,18.8,8,6,2,1,0,1,1,1,1,True
SYN0038,Synthetic Player 038,2024-25,2024-25_DET_081,2025-03-29,DET,ATL,True,False,21.9,6,6,2,1,0,1,2,1,0,True
SYN0039,Synthetic Player 039,2024-25,2024-25_GSW_000,2024-10-21,GSW,HOU,False,True,35.6,18,13,5,1,2,2,3,3,0,True
SYN0039,Synthetic Player 039,2024-25,2024-25_GSW_004,2024-10-29,GSW,MEM,False,True,31.0,25,13,3,0,1,2,3,4,1,True
SYN0039,Synthetic Player 039,2024-25,2024-25_GSW_005,2024-10-31,GSW,MIA,True,True,30.1,21,15,4,1,1,2,3,3,0,True
SYN0039,Synthetic Player 039,2024-25,2024-25_GSW_006,2024-11-02,GSW,MIL,False,True,28.4,18,10,4,1,1,1,3,4,1,True
SYN0039,Synthetic Player 039,2024-25,2024-25_GSW_013,2024-11-14,GSW,PHX,True,True,25.3,16,6,2,1,2,1,2,3,1,True
SYN0039,Synthetic Player 039,2024-25,2024-25_GSW_014,2024-11-15,GSW,POR,False,False,22.8,16,10,3,0,1,2,2,4,1,True
SYN0039,Synthetic Player 039,2024-25,2024-25_GSW_015,2024-11-17,GSW,SAC,True,True,27.7,20,11,4,1,1,2,2,4,1,True
SYN0039,Synthetic Player 039,2024-25,2024-25_GSW_016,2024-11-19,GSW,SAS,False,True,27.3,22,9,3,1,1,1,2,4,1,True
SYN0039,Synthetic Player 039,2024-25,2024-25_GSW_019,2024-11-27,GSW,WAS,True,True,27.1,19,8,4,1,2,2,2,3,1,True
SYN0039,Synthetic Player 039,2024-25,2024-25_GSW_020,2024-11-28,GSW,ATL,False,True,33.9,28,10,4,1,1,2,2,4,1,True
SYN0039,Synthetic Player 039,2024-25,2024-25_GSW_021,2024-11-29,GSW,BOS,True,True,29.8,22,15,4,1,1,2,3,3,1,True
SYN0039,Synthetic Player 039,2024-25,2024-25_GSW_022,2024-12-01,GSW,BKN,False,True,28.6,23,9,4,1,1,2,2,4,1,True
SYN0039,Synthetic Player 039,2024-25,2024-25_GSW_023,2024-12-03,GSW,CHA,True,False,21.2,13,7,3,1,2,1,2,2,0,True
SYN0039,Synthetic Player 039,2024-25,2024-25_GSW_024,2024-12-04,GSW,CHI,False,True,25.4,15,10,3,1,2,2,2,2,1,True
SYN0039,Synthetic Player 039,2024-25,2024-25_GSW_025,2024-12-06,GSW,CLE,True,True,31.4,25,9,4,1,1,2,3,4,1,True
SYN0039,Synthetic Player 039,2024-25,2024-25_GSW_026,2024-12-08,GSW,DAL,False,True,31.3,14,12,4,1,2,1,3,2,0,True
SYN0039,Synthetic Player 039,2024-25,2024-25_GSW_027,2024-12-10,GSW,DEN,True,False,19.2,15,7,2,0,1,1,1,2,0,True
SYN0039,Synthetic Player 039,2024-25,2024-25_GSW_028,2024-12-11,GSW,DET,False,True,29.8,25,10,3,1,1,2,2,4,1,True
SYN0039,Synthetic Player 039,2024-25,2024-25_GSW_029,2024-12-13,GSW,GSW,True,True,29.8,16,9,5,1,1,2,3,2,0,True
SYN0039,Synthetic Player 039,2024-25,2024-25_GSW_031,2024-12-17,GSW,IND,True,True,29.7,16,10,4,0,2,2,2,2,0,True
SYN0039,Synthetic Player 039,2024-25,2024-25_GSW_032,2024-12-19,GSW,LAC,False,True,40.2,31,22,3,1,2,3,3,4,1,True
SYN0039,Synthetic Player 039,2024-25,2024-25_GSW_033,2024-12-20,GSW,LAL,True,True,29.2,20,9,4,0,1,2,3,3,1,True
SYN0039,Synthetic Player 039,2024-25,2024-25_GSW_034,2024-12-22,GSW,MEM,False,True,32.9,21,9,6,1,2,2,3,3,1,True
SYN0039,Synthetic Player 039,2024-25,2024-25_GSW_035,2024-12-23,GSW,MIA,True,False,22.9,16,6,4,0,1,1,2,3,0,True
SYN0039,Synthetic Player 039,2024-25,2024-25_GSW_036,2024-12-24,GSW,MIL,False,True,28.4,25,8,2,1,1,2,2,4,1,True
SYN0039,Synthetic Player 039,2024-25,2024-25_GSW_038,2024-12-29,GSW,NOP,False,True,31.9,17,8,3,1,1,3,2,3,1,True
SYN0039,Synthetic Player 039,2024-25,2024-25_GSW_039,2024-12-31,GSW,NYK,True,True,32.8,26,8,4,1,2,2,3,4,1,True
SYN0039,Synthetic Player 039,2024-25,2024-25_GSW_040,2025-01-01,GSW,OKC,False,True,31.7,16,13,5,1,1,2,2,3,1,True
SYN0039,Synthetic Player 039,2024-25,2024-25_GSW_041,2025-01-02,GSW,ORL,True,True,29.1,22,8,4,1,1,2,2,4,1,True
SYN0039,Synthetic Player 039,2024-25,2024-25_GSW_043,2025-01-06,GSW,PHX,True,True,27.8,15,9,6,0,2,1,2,3,0,True
SYN0039,Synthetic Player 039,2024-25,2024-25_GSW_047,2025-01-10,GSW,TOR,True,True,35.5,18,11,5,1,1,2,3,4,1,True
SYN0039,Synthetic Player 039,2024-25,2024-25_GSW_048,2025-01-11,GSW,UTA,False,True,34.1,20,11,4,1,2,2,2,3,0,True
SYN0039,Synthetic Player 039,2024-25,2024-25_GSW_055,2025-01-22,GSW,CLE,True,True,27.0,14,11,5,1,1,2,2,2,0,True
SYN0039,Synthetic Player 039,2024-25,2024-25_GSW_056,2025-01-24,GSW,DAL,False,True,29.7,28,10,3,1,2,2,3,5,1,True
SYN0039,Synthetic Player 039,2024-25,2024-25_GSW_063,2025-02-07,GSW,LAL,True,True,28.2,22,9,2,1,2,2,3,4,1,True
SYN0039,Synthetic Player 039,2024-25,2024-25_GSW_064,2025-02-09,GSW,MEM,False,True,30.6,27,11,3,0,1,2,2,5,1,True
SYN0039,Synthetic Player 039,2024-25,2024-25_GSW_065,2025-02-10,GSW,MIA,True,True,30.9,27,9,3,1,2,2,2,4,1,True
SYN0039,Synthetic Player 039,2024-25,2024-25_GSW_068,2025-02-15,GSW,NOP,False,True,25.1,17,7,3,1,1,2,2,2,1,True
SYN0039,Synthetic Player 039,2024-25,2024-25_GSW_069,2025-02-17,GSW,NYK,True,True,33.3,22,10,4,1,2,2,2,4,1,True
SYN0039,Synthetic Player 039,2024-25,2024-25_GSW_073,2025-02-25,GSW,PHX,True,True,30.8,24,10,4,1,1,2,2,5,0,True
SYN0039,Synthetic Player 039,2024-25,2024-25_GSW_074,2025-02-28,GSW,POR,False,True,28.4,16,12,3,1,2,2,3,2,1,True
SYN0039,Synthetic Player 039,2024-25,2024-25_GSW_077,2025-03-05,GSW,TOR,True,True,27.8,21,8,4,1,2,2,3,3,1,True
SYN0039,Synthetic Player 039,2024-25,2024-25_GSW_078,2025-03-06,GSW,UTA,False,True,28.7,21,9,4,1,1,2,3,3,1,True
SYN0039,Synthetic Player 039,2024-25,2024-25_GSW_079,2025-03-08,GSW,WAS,True,True,29.0,26,9,3,1,1,1,2,5,1,True
SYN0039,Synthetic Player 039,2024-25,2024-25_GSW_080,2025-03-11,GSW,ATL,False,True,32.3,18,9,6,0,3,2,3,4,0,True
SYN0039,Synthetic Player 039,2024-25,2024-25_GSW_081,2025-03-13,GSW,BOS,True,True,31.3,24,10,4,1,1,2,3,3,1,True
SYN0040,Synthetic Player 040,2024-25,2024-25_HOU_000,2024-10-22,HOU,IND,False,True,35.8,24,5,9,1,0,4,2,4,2,True
SYN0040,Synthetic Player 040,2024-25,2024-25_HOU_001,2024-10-24,HOU,LAC,True,True,33.4,21,5,10,1,0,3,2,2,2,True
SYN0040,Synthetic Player 040,2024-25,2024-25_HOU_002,2024-10-26,HOU,LAL,False,True,35.8,29,4,14,1,0,3,2,4,2,True
SYN0040,Synthetic Player 040,2024-25,2024-25_HOU_003,2024-10-28,HOU,MEM,True,True,41.7,21,4,11,1,0,2,2,4,4,True
SYN0040,Synthetic Player 040,2024-25,2024-25_HOU_004,2024-10-31,HOU,MIA,False,True,34.9,21,5,15,1,0,3,2,3,3,True
SYN0040,Synthetic Player 040,2024-25,2024-25_HOU_005,2024-11-02,HOU,MIL,True,True,34.5,13,6,5,2,0,2,2,2,2,True
SYN0040,Synthetic Player 040,2024-25,2024-25_HOU_006,2024-11-04,HOU,MIN,False,True,24.7,12,3,9,1,0,2,1,2,1,True
SYN0040,Synthetic Player 040,2024-25,2024-25_HOU_007,2024-11-06,HOU,NOP,True,True,32.2,11,4,4,2,0,2,2,2,1,True
SYN0040,Synthetic Player 040,2024-25,2024-25_HOU_008,2024-11-07,HOU,NYK,False,True,36.1,16,4,8,2,0,3,2,3,2,True
SYN0040,Synthetic Player 040,2024-25,2024-25_HOU_012,2024-11-16,HOU,PHX,False,True,35.6,14,5,6,1,0,3,2,3,1,True
SYN0040,Synthetic Player 040,2024-25,2024-25_HOU_016,2024-11-24,HOU,TOR,False,True,36.4,23,5,12,1,0,3,2,2,3,True
SYN0040,Synthetic Player 040,2024-25,2024-25_HOU_017,2024-11-26,HOU,UTA,True,True,33.4,14,4,7,2,0,3,2,2,1,True
SYN0040,Synthetic Player 040,2024-25,2024-25_HOU_018,2024-11-28,HOU,WAS,False,True,39.1,40,5,4,1,0,3,2,7,4,True
SYN0040,Synthetic Player 040,2024-25,2024-25_HOU_019,2024-11-29,HOU,ATL,True,True,34.2,22,3,10,2,0,3,2,6,3,True
SYN0040,Synthetic Player 040,2024-25,2024-25_HOU_020,2024-12-01,HOU,BOS,False,True,32.4,24,6,5,1,0,3,2,4,2,True
SYN0040,Synthetic Player 040,2024-25,2024-25_HOU_021,2024-12-03,HOU,BKN,True,True,28.9,17,4,9,1,0,2,1,3,1,True
SYN0040,Synthetic Player 040,2024-25,2024-25_HOU_022,2024-12-04,HOU,CHA,False,True,32.4,20,3,6,1,0,3,2,5,2,True
SYN0040,Synthetic Player 040,2024-25,2024-25_HOU_023,2024-12-05,HOU,CHI,True,True,34.3,17,5,7,1,0,3,2,2,2,True
SYN0040,Synthetic Player 040,2024-25,2024-25_HOU_024,2024-12-06,HOU,CLE,False,True,33.4,12,2,10,3,0,4,2,1,1,True
SYN0040,Synthetic Player 040,2024-25,2024-25_HOU_025,2024-12-07,HOU,DAL,True,True,39.1,17,6,5,2,0,3,2,4,2,True
SYN0040,Synthetic Player 040,2024-25,2024-25_HOU_026,2024-12-09,HOU,DEN,False,True,39.3,27,3,14,2,0,3,3,3,3,True
SYN0040,Synthetic Player 040,2024-25,2024-25_HOU_027,2024-12-10,HOU,DET,True,True,32.6,25,3,6,2,0,2,2,4,3,True
SYN0040,Synthetic Player 040,2024-25,2024-25_HOU_028,2024-12-11,HOU,GSW,False,True,35.7,18,5,12,1,0,3,2,2,3,True
SYN0040,Synthetic Player 040,2024-25,2024-25_HOU_029,2024-12-12,HOU,HOU,True,True,34.8,19,3,8,1,0,3,2,3,2,True
SYN0040,Synthetic Player 040,2024-25,2024-25_HOU_036,2024-12-26,HOU,MIN,False,False,23.5,12,2,5,1,0,2,1,2,1,True
SYN0040,Synthetic Player 040,2024-25,2024-25_HOU_037,2024-12-28,HOU,NOP,True,True,38.0,28,5,9,2,0,3,3,4,4,True
SYN0040,Synthetic Player 040,2024-25,2024-25_HOU_038,2024-12-30,HOU,NYK,False,True,34.8,24,4,10,1,1,3,2,3,3,True
SYN0040,Synthetic Player 040,2024-25,2024-25_HOU_039,2025-01-01,HOU,OKC,True,True,33.7,21,4,7,2,0,4,2,3,3,True
SYN0040,Synthetic Player 040,2024-25,2024-25_HOU_040,2025-01-03,HOU,ORL,False,True,38.4,32,3,10,1,0,4,2,5,2,True
SYN0040,Synthetic Player 040,2024-25,2024-25_HOU_041,2025-01-05,HOU,PHI,True,True,30.7,19,4,3,1,0,1,2,3,3,True
SYN0040,Synthetic Player 040,2024-25,2024-25_HOU_042,2025-01-06,HOU,PHX,False,True,39.0,22,6,13,1,0,4,2,2,3,True
SYN0040,Synthetic Player 040,2024-25,2024-25_HOU_043,2025-01-07,HOU,POR,True,True,35.4,20,4,4,1,0,4,2,3,3,True
SYN0040,Synthetic Player 040,2024-25,2024-25_HOU_044,2025-01-08,HOU,SAC,False,True,32.6,26,4,4,1,0,3,2,5,3,True
SYN0040,Synthetic Player 040,2024-25,2024-25_HOU_045,2025-01-10,HOU,SAS,True,True,32.3,10,4,9,1,0,2,2,2,1,True
SYN0040,Synthetic Player 040,2024-25,2024-25_HOU_046,2025-01-12,HOU,TOR,False,True,39.0,19,6,9,2,0,3,2,3,3,True
SYN0040,Synthetic Player 040,2024-25,2024-25_HOU_047,2025-01-13,HOU,UTA,True,True,30.2,13,3,9,1,0,2,2,2,2,True
SYN0040,Synthetic Player 040,2024-25,2024-25_HOU_048,2025-01-15,HOU,WAS,False,True,37.0,19,5,7,2,0,3,2,3,4,True
SYN0040,Synthetic Player 040,2024-25,2024-25_HOU_049,2025-01-17,HOU,ATL,True,True,43.2,16,7,8,2,1,4,2,2,3,True
SYN0040,Synthetic Player 040,2024-25,2024-25_HOU_050,2025-01-18,HOU,BOS,False,True,26.5,17,4,5,1,0,2,2,3,3,True
SYN0040,Synthetic Player 040,2024-25,2024-25_HOU_051,2025-01-20,HOU,BKN,True,True,30.2,10,4,11,1,0,2,2,2,1,True
SYN0040,Synthetic Player 040,2024-25,2024-25_HOU_052,2025-01-22,HOU,CHA,False,True,38.6,15,7,8,2,0,3,2,2,1,True
SYN0040,Synthetic Player 040,2024-25,2024-25_HOU_053,2025-01-24,HOU,CHI,True,True,24.9,18,3,6,1,0,2,2,4,1,True
SYN0040,Synthetic Player 040,2024-25,2024-25_HOU_054,2025-01-26,HOU,CLE,False,True,32.4,16,4,10,1,0,2,1,2,1,True
SYN0040,Synthetic Player 040,2024-25,2024-25_HOU_055,2025-01-28,HOU,DAL,True,True,38.4,29,4,9,2,0,4,3,4,3,True
SYN0040,Synthetic Player 040,2024-25,2024-25_HOU_056,2025-01-30,HOU,DEN,False,True,33.1,19,4,8,1,0,4,1,3,3,True
SYN0040,Synthetic Player 040,2024-25,2024-25_HOU_057,2025-02-01,HOU,DET,True,True,35.0,21,5,10,1,0,4,2,3,2,True
SYN0040,Synthetic Player 040,2024-25,2024-25_HOU_058,2025-02-02,HOU,GSW,False,True,37.1,17,5,6,2,0,3,2,2,1,True
SYN0040,Synthetic Player 040,2024-25,2024-25_HOU_059,2025-02-04,HOU,HOU,True,True,35.1,15,5,11,1,0,2,2,2,2,True
SYN0040,Synthetic Player 040,2024-25,2024-25_HOU_060,2025-02-05,HOU,IND,False,True,33.9,12,3,9,2,0,4,2,1,1,True
SYN0040,Synthetic Player 040,2024-25,2024-25_HOU_061,2025-02-07,HOU,LAC,True,True,37.1,21,3,7,3,0,3,3,3,2,True
SYN0040,Synthetic Player 040,2024-25,2024-25_HOU_062,2025-02-09,HOU,LAL,False,True,30.9,13,5,12,2,0,4,2,2,2,True
SYN0040,Synthetic Player 040,2024-25,2024-25_HOU_063,2025-02-11,HOU,MEM,True,True,28.0,15,2,4,1,0,2,1,2,2,True
SYN0040,Synthetic Player 040,2024-25,2024-25_HOU_064,2025-02-13,HOU,MIA,False,True,27.9,15,4,4,1,0,2,1,2,2,True
SYN0040,Synthetic Player 040,2024-25,2024-25_HOU_066,2025-02-16,HOU,MIN,False,True,43.0,28,6,8,2,0,3,2,5,2,True
SYN0040,Synthetic Player 040,2024-25,2024-25_HOU_067,2025-02-19,HOU,NOP,True,True,33.2,32,8,7,2,0,4,2,4,3,True
SYN0040,Synthetic Player 040,2024-25,2024-25_HOU_068,2025-02-22,HOU,NYK,False,True,40.8,30,5,12,1,1,3,2,6,4,True
SYN0040,Synthetic Player 040,2024-25,2024-25_HOU_069,2025-02-24,HOU,OKC,True,True,33.8,23,4,10,1,0,3,2,3,4,True
SYN0040,Synthetic Player 040,2024-25,2024-25_HOU_070,2025-02-25,HOU,ORL,False,True,34.8,20,6,6,0,0,3,2,4,2,True
SYN0040,Synthetic Player 040,2024-25,2024-25_HOU_071,2025-02-28,HOU,PHI,True,True,34.3,15,3,11,1,0,3,2,3,2,True
SYN0040,Synthetic Player 040,2024-25,2024-25_HOU_072,2025-03-02,HOU,PHX,False,True,33.7,24,4,7,2,0,3,2,2,4,True
SYN0040,Synthetic Player 040,2024-25,2024-25_HOU_073,2025-03-05,HOU,POR,True,True,34.9,22,4,6,1,0,3,2,4,3,True
SYN0040,Synthetic Player 040,2024-25,2024-25_HOU_074,2025-03-07,HOU,SAC,False,True,38.4,30,7,12,2,0,3,2,6,2,True
SYN0040,Synthetic Player 040,2024-25,2024-25_HOU_075,2025-03-10,HOU,SAS,True,True,36.3,18,3,11,2,0,4,2,4,2,True
SYN0040,Synthetic Player 040,2024-25,2024-25_HOU_076,2025-03-13,HOU,TOR,False,True,41.4,25,6,13,1,0,4,2,3,4,True
SYN0040,Synthetic Player 040,2024-25,2024-25_HOU_077,2025-03-14,HOU,UTA,True,True,31.2,15,4,7,1,0,2,1,2,1,True
SYN0040,Synthetic Player 040,2024-25,2024-25_HOU_078,2025-03-16,HOU,WAS,False,True,38.5,27,6,8,1,1,4,3,4,4,True
SYN0040,Synthetic Player 040,2024-25,2024-25_HOU_079,2025-03-18,HOU,ATL,True,True,36.8,15,5,6,1,1,2,2,2,1,True
SYN0040,Synthetic Player 040,2024-25,2024-25_HOU_080,2025-03-20,HOU,BOS,False,True,39.3,26,5,14,2,0,3,3,4,3,True
SYN0040,Synthetic Player 040,2024-25,2024-25_HOU_081,2025-03-21,HOU,BKN,True,True,35.0,22,5,7,1,0,3,2,3,2,True
SYN0041,Synthetic Player 041,2024-25,2024-25_IND_000,2024-10-23,IND,LAC,False,False,20.3,8,3,2,1,0,1,1,1,1,True
SYN0041,Synthetic Player 041,2024-25,2024-25_IND_001,2024-10-25,IND,LAL,True,False,21.7,17,2,2,1,0,1,1,2,2,True
SYN0041,Synthetic Player 041,2024-25,2024-25_IND_002,2024-10-26,IND,MEM,False,False,20.4,12,3,2,0,0,1,1,2,2,True
SYN0041,Synthetic Player 041,2024-25,2024-25_IND_003,2024-10-29,IND,MIA,True,False,19.8,10,2,2,0,0,1,1,2,1,True
SYN0041,Synthetic Player 041,2024-25,2024-25_IND_006,2024-11-04,IND,NOP,False,False,16.2,13,2,1,1,0,1,1,1,1,True
SYN0041,Synthetic Player 041,2024-25,2024-25_IND_007,2024-11-05,IND,NYK,True,False,20.1,5,2,1,1,0,1,2,1,0,True
SYN0041,Synthetic Player 041,2024-25,2024-25_IND_008,2024-11-06,IND,OKC,False,False,18.6,11,2,2,0,0,1,1,1,2,True
SYN0041,Synthetic Player 041,2024-25,2024-25_IND_010,2024-11-10,IND,PHI,False,False,20.4,9,2,1,1,0,2,1,1,1,True
SYN0041,Synthetic Player 041,2024-25,2024-25_IND_011,2024-11-12,IND,PHX,True,False,14.8,5,1,1,0,0,1,1,1,1,True
SYN0041,Synthetic Player 041,2024-25,2024-25_IND_012,2024-11-15,IND,POR,False,False,22.7,14,1,2,1,0,2,1,3,2,True
SYN0041,Synthetic Player 041,2024-25,2024-25_IND_013,2024-11-18,IND,SAC,True,False,18.9,7,2,2,1,0,1,1,1,1,True
SYN0041,Synthetic Player 041,2024-25,2024-25_IND_014,2024-11-20,IND,SAS,False,False,24.0,13,2,2,1,0,1,2,2,2,True
SYN0041,Synthetic Player 041,2024-25,2024-25_IND_015,2024-11-22,IND,TOR,True,False,20.0,10,2,3,1,0,1,1,2,1,True
SYN0041,Synthetic Player 041,2024-25,2024-25_IND_016,2024-11-23,IND,UTA,False,False,19.1,7,2,1,0,0,1,1,1,1,True
SYN0041,Synthetic Player 041,2024-25,2024-25_IND_017,2024-11-25,IND,WAS,True,False,20.1,5,3,2,0,0,1,1,1,0,True
SYN0041,Synthetic Player 041,2024-25,2024-25_IND_022,2024-12-06,IND,CHI,False,False,19.7,5,2,1,1,0,1,1,1,1,True
SYN0041,Synthetic Player 041,2024-25,2024-25_IND_023,2024-12-09,IND,CLE,True,False,19.4,8,3,1,1,0,1,1,1,1,True
SYN0041,Synthetic Player 041,2024-25,2024-25_IND_024,2024-12-12,IND,DAL,False,True,27.5,11,3,4,1,0,1,1,1,2,True
SYN0041,Synthetic Player 041,2024-25,2024-25_IND_025,2024-12-14,IND,DEN,True,False,20.4,7,2,1,1,0,1,1,1,1,True
SYN0041,Synthetic Player 041,2024-25,2024-25_IND_026,2024-12-17,IND,DET,False,False,21.5,16,3,2,1,0,1,1,2,1,True
SYN0041,Synthetic Player 041,2024-25,2024-25_IND_035,2025-01-04,IND,MIN,True,False,21.0,7,1,2,0,0,1,1,1,1,True
SYN0041,Synthetic Player 041,2024-25,2024-25_IND_036,2025-01-06,IND,NOP,False,False,16.9,5,1,2,0,0,1,1,1,1,True
SYN0041,Synthetic Player 041,2024-25,2024-25_IND_037,2025-01-08,IND,NYK,True,True,24.3,13,3,2,1,0,2,2,3,2,True
SYN0041,Synthetic Player 041,2024-25,2024-25_IND_039,2025-01-12,IND,ORL,True,False,19.3,8,2,2,0,0,1,1,1,1,True
SYN0041,Synthetic Player 041,2024-25,2024-25_IND_040,2025-01-14,IND,PHI,False,False,20.5,9,1,1,1,0,1,1,1,1,True
SYN0041,Synthetic Player 041,2024-25,2024-25_IND_044,2025-01-19,IND,SAS,False,False,23.9,15,2,2,1,0,1,1,3,3,True
SYN0041,Synthetic Player 041,2024-25,2024-25_IND_045,2025-01-21,IND,TOR,True,False,19.9,15,1,2,1,0,1,1,2,2,True
SYN0041,Synthetic Player 041,2024-25,2024-25_IND_046,2025-01-23,IND,UTA,False,False,22.7,19,3,2,1,0,1,1,4,3,True
SYN0041,Synthetic Player 041,2024-25,2024-25_IND_047,2025-01-24,IND,WAS,True,False,15.2,6,2,1,0,0,1,1,1,1,True
SYN0041,Synthetic Player 041,2024-25,2024-25_IND_048,2025-01-25,IND,ATL,False,False,23.9,10,2,3,0,0,1,1,2,2,True
SYN0041,Synthetic Player 041,2024-25,2024-25_IND_049,2025-01-26,IND,BOS,True,False,14.3,3,2,1,0,0,1,1,1,0,True
SYN0041,Synthetic Player 041,2024-25,2024-25_IND_050,2025-01-27,IND,BKN,False,False,19.8,12,2,2,0,0,1,1,2,1,True
SYN0041,Synthetic Player 041,2024-25,2024-25_IND_054,2025-02-03,IND,DAL,False,False,19.2,7,1,1,0,0,1,1,1,1,True
SYN0041,Synthetic Player 041,2024-25,2024-25_IND_055,2025-02-05,IND,DEN,True,False,12.5,7,2,2,0,0,1,1,1,2,True
SYN0041,Synthetic Player 041,2024-25,2024-25_IND_056,2025-02-07,IND,DET,False,False,16.5,7,1,2,0,0,1,1,1,1,True
SYN0041,Synthetic Player 041,2024-25,2024-25_IND_057,2025-02-09,IND,GSW,True,False,17.1,7,2,2,1,0,1,1,1,1,True
SYN0041,Synthetic Player 041,2024-25,2024-25_IND_058,2025-02-10,IND,HOU,False,False,19.1,9,2,1,1,0,1,1,1,1,True
SYN0041,Synthetic Player 041,2024-25,2024-25_IND_059,2025-02-12,IND,IND,True,False,21.6,19,2,2,1,0,1,1,4,2,True
SYN0041,Synthetic Player 041,2024-25,2024-25_IND_061,2025-02-14,IND,LAL,True,False,16.4,11,2,1,1,0,1,1,2,1,True
SYN0041,Synthetic Player 041,2024-25,2024-25_IND_062,2025-02-17,IND,MEM,False,False,21.4,8,2,2,0,0,1,1,1,1,True
SYN0041,Synthetic Player 041,2024-25,2024-25_IND_063,2025-02-19,IND,MIA,True,False,19.4,7,2,2,1,0,1,1,1,1,True
SYN0041,Synthetic Player 041,2024-25,2024-25_IND_064,2025-02-21,IND,MIL,False,False,15.6,8,2,1,0,0,1,1,1,1,True
SYN0041,Synthetic Player 041,2024-25,2024-25_IND_065,2025-02-23,IND,MIN,True,False,18.8,5,2,2,1,0,1,1,0,0,True
SYN0041,Synthetic Player 041,2024-25,2024-25_IND_067,2025-02-25,IND,NYK,True,False,20.0,11,2,1,0,0,1,1,2,1,True
SYN0041,Synthetic Player 041,2024-25,2024-25_IND_068,2025-02-27,IND,OKC,False,False,15.7,10,2,1,0,0,1,1,2,1,True
SYN0041,Synthetic Player 041,2024-25,2024-25_IND_069,2025-03-02,IND,ORL,True,True,25.8,9,3,1,1,0,1,1,2,1,True
SYN0041,Synthetic Player 041,2024-25,2024-25_IND_070,2025-03-04,IND,PHI,False,False,20.0,4,3,2,1,0,1,1,1,1,True
SYN0041,Synthetic Player 041,2024-25,2024-25_IND_071,2025-03-06,IND,PHX,True,True,30.4,13,3,1,1,0,2,2,3,2,True
SYN0041,Synthetic Player 041,2024-25,2024-25_IND_072,2025-03-08,IND,POR,False,False,16.0,6,1,1,0,0,1,1,1,1,True
SYN0041,Synthetic Player 041,2024-25,2024-25_IND_073,2025-03-10,IND,SAC,True,True,24.3,5,2,2,1,0,1,2,1,0,True
SYN0041,Synthetic Player 041,2024-25,2024-25_IND_074,2025-03-12,IND,SAS,False,False,20.0,13,2,1,0,0,1,1,2,2,True
SYN0041,Synthetic Player 041,2024-25,2024-25_IND_075,2025-03-14,IND,TOR,True,False,22.1,7,4,2,1,0,1,1,1,1,True
SYN0041,Synthetic Player 041,2024-25,2024-25_IND_076,2025-03-16,IND,UTA,False,False,19.5,6,2,2,1,0,1,1,1,1,True
SYN0041,Synthetic Player 041,2024-25,2024-25_IND_077,2025-03-17,IND,WAS,True,False,20.9,12,2,1,1,0,1,1,1,3,True
SYN0041,Synthetic Player 041,2024-25,2024-25_IND_078,2025-03-18,IND,ATL,False,False,17.8,14,2,1,1,0,1,1,3,2,True
SYN0042,Synthetic Player 042,2024-25,2024-25_LAC_000,2024-10-21,LAC,LAL,False,False,8.8,4,1,1,0,0,1,1,1,0,True
SYN0042,Synthetic Player 042,2024-25,2024-25_LAC_001,2024-10-24,LAC,MEM,True,False,6.5,2,1,1,0,0,0,0,0,0,True
SYN0042,Synthetic Player 042,2024-25,2024-25_LAC_002,2024-10-26,LAC,MIA,False,False,9.2,5,1,1,0,0,0,1,1,0,True
SYN0042,Synthetic Player 042,2024-25,2024-25_LAC_003,2024-10-28,LAC,MIL,True,False,7.6,5,1,1,0,0,1,1,1,1,True
SYN0042,Synthetic Player 042,2024-25,2024-25_LAC_004,2024-10-30,LAC,MIN,False,False,15.1,8,2,1,0,0,1,1,1,1,True
SYN0042,Synthetic Player 042,2024-25,2024-25_LAC_005,2024-11-02,LAC,NOP,True,False,7.1,3,1,1,0,0,0,0,0,1,True
SYN0042,Synthetic Player 042,2024-25,2024-25_LAC_006,2024-11-04,LAC,NYK,False,False,12.6,4,2,2,0,0,1,1,1,0,True
SYN0042,Synthetic Player 042,2024-25,2024-25_LAC_007,2024-11-06,LAC,OKC,True,False,14.9,7,3,1,0,0,1,1,1,1,True
SYN0042,Synthetic Player 042,2024-25,2024-25_LAC_008,2024-11-09,LAC,ORL,False,False,9.4,6,2,1,0,0,1,1,1,1,True
SYN0042,Synthetic Player 042,2024-25,2024-25_LAC_009,2024-11-10,LAC,PHI,True,False,11.2,5,2,1,0,0,1,1,1,1,True
SYN0042,Synthetic Player 042,2024-25,2024-25_LAC_010,2024-11-12,LAC,PHX,False,False,14.4,5,2,1,0,0,1,1,1,1,True
SYN0042,Synthetic Player 042,2024-25,2024-25_LAC_011,2024-11-13,LAC,POR,True,False,7.5,4,1,1,0,0,0,1,1,0,True
SYN0042,Synthetic Player 042,2024-25,2024-25_LAC_014,2024-11-17,LAC,TOR,False,False,17.3,8,3,2,0,0,1,1,1,1,True
SYN0042,Synthetic Player 042,2024-25,2024-25_LAC_015,2024-11-18,LAC,UTA,True,False,9.6,6,1,1,0,0,1,1,1,1,True
SYN0042,Synthetic Player 042,2024-25,2024-25_LAC_016,2024-11-19,LAC,WAS,False,False,10.4,6,2,1,0,0,0,1,1,1,True
SYN0042,Synthetic Player 042,2024-25,2024-25_LAC_017,2024-11-21,LAC,ATL,True,False,5.4,2,1,1,0,0,0,0,0,0,True
SYN0042,Synthetic Player 042,2024-25,2024-25_LAC_018,2024-11-23,LAC,BOS,False,False,11.8,6,2,1,0,0,1,1,1,1,True
SYN0042,Synthetic Player 042,2024-25,2024-25_LAC_019,2024-11-25,LAC,BKN,True,False,8.5,3,2,1,0,0,1,0,1,0,True
SYN0042,Synthetic Player 042,2024-25,2024-25_LAC_020,2024-11-28,LAC,CHA,False,False,12.5,4,2,1,1,0,1,1,0,1,True
SYN0042,Synthetic Player 042,2024-25,2024-25_LAC_021,2024-11-30,LAC,CHI,True,False,16.7,7,3,1,1,0,1,1,1,1,True
SYN0042,Synthetic Player 042,2024-25,2024-25_LAC_022,2024-12-02,LAC,CLE,False,False,7.8,3,1,1,0,0,1,1,0,0,True
SYN0042,Synthetic Player 042,2024-25,2024-25_LAC_023,2024-12-04,LAC,DAL,True,False,12.4,7,2,1,0,0,1,1,1,1,True
SYN0042,Synthetic Player 042,2024-25,2024-25_LAC_024,2024-12-05,LAC,DEN,False,False,7.0,4,1,1,0,0,0,1,1,1,True
SYN0042,Synthetic Player 042,2024-25,2024-25_LAC_025,2024-12-06,LAC,DET,True,False,13.3,7,2,1,0,0,1,1,1,1,True
SYN0042,Synthetic Player 042,2024-25,2024-25_LAC_026,2024-12-08,LAC,GSW,False,False,8.9,4,1,1,0,0,0,1,1,0,True
SYN0042,Synthetic Player 042,2024-25,2024-25_LAC_040,2025-01-05,LAC,PHX,False,False,8.0,6,1,1,0,0,0,0,1,1,True
SYN0042,Synthetic Player 042,2024-25,2024-25_LAC_047,2025-01-18,LAC,ATL,True,False,15.9,7,3,2,0,0,1,1,1,1,True
SYN0042,Synthetic Player 042,2024-25,2024-25_LAC_048,2025-01-19,LAC,BOS,False,False,13.9,5,2,1,1,0,1,1,1,1,True
SYN0042,Synthetic Player 042,2024-25,2024-25_LAC_050,2025-01-24,LAC,CHA,False,False,13.6,6,2,2,0,0,1,1,1,1,True
SYN0042,Synthetic Player 042,2024-25,2024-25_LAC_051,2025-01-26,LAC,CHI,True,False,17.0,7,3,1,1,0,1,1,1,1,True
SYN0042,Synthetic Player 042,2024-25,2024-25_LAC_052,2025-01-28,LAC,CLE,False,False,9.9,7,1,1,0,0,1,1,1,1,True
SYN0042,Synthetic Player 042,2024-25,2024-25_LAC_053,2025-01-30,LAC,DAL,True,False,11.5,5,2,1,0,0,1,1,1,1,True
SYN0042,Synthetic Player 042,2024-25,2024-25_LAC_054,2025-02-01,LAC,DEN,False,False,21.7,6,3,2,1,1,1,1,1,1,True
SYN0042,Synthetic Player 042,2024-25,2024-25_LAC_055,2025-02-03,LAC,DET,True,False,10.8,7,2,1,0,0,1,1,1,1,True
SYN0042,Synthetic Player 042,2024-25,2024-25_LAC_056,2025-02-04,LAC,GSW,False,False,9.6,4,2,1,0,0,1,1,1,0,True
SYN0042,Synthetic Player 042,2024-25,2024-25_LAC_058,2025-02-08,LAC,IND,False,False,12.3,6,2,1,0,0,1,1,1,0,True
SYN0042,Synthetic Player 042,2024-25,2024-25_LAC_059,2025-02-09,LAC,LAC,True,False,11.9,5,2,1,1,0,1,1,1,1,True
SYN0042,Synthetic Player 042,2024-25,2024-25_LAC_060,2025-02-10,LAC,LAL,False,False,11.0,4,1,1,0,0,1,1,1,1,True
SYN0042,Synthetic Player 042,2024-25,2024-25_LAC_061,2025-02-11,LAC,MEM,True,False,10.3,6,2,1,0,0,1,1,1,1,True
SYN0042,Synthetic Player 042,2024-25,2024-25_LAC_062,2025-02-12,LAC,MIA,False,False,6.7,4,1,1,0,0,0,0,1,0,True
SYN0042,Synthetic Player 042,2024-25,2024-25_LAC_063,2025-02-13,LAC,MIL,True,False,11.5,4,2,1,0,0,1,1,1,0,True
SYN0042,Synthetic Player 042,2024-25,2024-25_LAC_064,2025-02-16,LAC,MIN,False,False,13.5,6,2,1,0,0,1,1,1,1,True
SYN0042,Synthetic Player 042,2024-25,2024-25_LAC_065,2025-02-18,LAC,NOP,True,False,18.5,11,4,2,1,0,2,1,2,2,True
SYN0042,Synthetic Player 042,2024-25,2024-25_LAC_067,2025-02-22,LAC,OKC,True,False,6.5,2,1,1,0,0,0,0,0,0,True
SYN0042,Synthetic Player 042,2024-25,2024-25_LAC_068,2025-02-24,LAC,ORL,False,False,7.0,3,1,1,0,0,0,0,0,0,True
SYN0042,Synthetic Player 042,2024-25,2024-25_LAC_069,2025-02-26,LAC,PHI,True,False,11.9,4,2,1,1,0,1,1,0,1,True
SYN0042,Synthetic Player 042,2024-25,2024-25_LAC_070,2025-02-28,LAC,PHX,False,False,11.8,5,2,2,1,0,1,1,1,1,True
SYN0042,Synthetic Player 042,2024-25,2024-25_LAC_071,2025-03-02,LAC,POR,True,False,16.6,8,2,2,1,0,1,1,2,1,True
SYN0042,Synthetic Player 042,2024-25,2024-25_LAC_072,2025-03-04,LAC,SAC,False,False,8.7,4,2,1,0,0,1,1,1,1,True
SYN0042,Synthetic Player 042,2024-25,2024-25_LAC_073,2025-03-05,LAC,SAS,True,False,8.9,4,2,1,0,0,1,1,1,0,True
SYN0042,Synthetic Player 042,2024-25,2024-25_LAC_074,2025-03-07,LAC,TOR,False,False,10.9,5,1,1,0,0,1,1,1,1,True
SYN0042,Synthetic Player 042,2024-25,2024-25_LAC_075,2025-03-09,LAC,UTA,True,False,15.8,6,2,1,1,0,1,1,1,1,True
SYN0042,Synthetic Player 042,2024-25,2024-25_LAC_076,2025-03-11,LAC,WAS,False,False,16.5,6,2,2,0,0,1,1,1,1,True
SYN0042,Synthetic Player 042,2024-25,2024-25_LAC_077,2025-03-13,LAC,ATL,True,False,10.5,4,2,1,0,0,1,1,1,0,True
SYN0042,Synthetic Player 042,2024-25,2024-25_LAC_078,2025-03-14,LAC,BOS,False,False,8.6,6,2,1,0,0,0,1,1,1,True
SYN0042,Synthetic Player 042,2024-25,2024-25_LAC_079,2025-03-15,LAC,BKN,True,False,13.6,6,3,1,1,0,1,1,1,1,True
SYN0042,Synthetic Player 042,2024-25,2024-25_LAC_080,2025-03-16,LAC,CHA,False,False,9.0,4,1,1,0,0,1,1,1,0,True
SYN0042,Synthetic Player 042,2024-25,2024-25_LAC_081,2025-03-18,LAC,CHI,True,False,17.2,6,3,2,1,0,1,1,1,1,True
SYN0043,Synthetic Player 043,2024-25,2024-25_LAL_000,2024-10-22,LAL,MEM,False,True,27.8,19,4,2,1,1,2,1,4,1,True
SYN0043,Synthetic Player 043,2024-25,2024-25_LAL_001,2024-10-24,LAL,MIA,True,False,19.6,10,3,3,0,1,1,1,2,0,True
SYN0043,Synthetic Player 043,2024-25,2024-25_LAL_002,2024-10-26,LAL,MIL,False,False,23.8,9,3,1,0,0,1,1,1,0,True
SYN0043,Synthetic Player 043,2024-25,2024-25_LAL_003,2024-10-28,LAL,MIN,True,True,26.8,11,10,3,0,1,3,2,1,1,True
SYN0043,Synthetic Player 043,2024-25,2024-25_LAL_004,2024-10-29,LAL,NOP,False,False,15.7,10,4,2,1,0,1,2,1,1,True
SYN0043,Synthetic Player 043,2024-25,2024-25_LAL_006,2024-11-01,LAL,OKC,False,False,23.9,10,4,2,1,1,1,1,1,1,True
SYN0043,Synthetic Player 043,2024-25,2024-25_LAL_007,2024-11-02,LAL,ORL,True,True,25.6,11,6,5,0,1,2,2,1,1,True
SYN0043,Synthetic Player 043,2024-25,2024-25_LAL_018,2024-11-25,LAL,BKN,False,False,16.3,9,4,1,0,0,1,1,1,1,True
SYN0043,Synthetic Player 043,2024-25,2024-25_LAL_019,2024-11-27,LAL,CHA,True,True,31.1,6,3,3,0,1,2,2,0,0,True
SYN0043,Synthetic Player 043,2024-25,2024-25_LAL_021,2024-11-30,LAL,CLE,True,False,20.7,10,7,3,0,1,2,2,1,0,True
SYN0043,Synthetic Player 043,2024-25,2024-25_LAL_022,2024-12-02,LAL,DAL,False,False,19.3,16,4,2,1,1,2,1,3,1,True
SYN0043,Synthetic Player 043,2024-25,2024-25_LAL_023,2024-12-05,LAL,DEN,True,False,18.6,13,3,2,1,0,1,2,2,1,True
SYN0043,Synthetic Player 043,2024-25,2024-25_LAL_024,2024-12-07,LAL,DET,False,False,23.9,5,6,3,0,1,2,2,1,0,True
SYN0043,Synthetic Player 043,2024-25,2024-25_LAL_025,2024-12-09,LAL,GSW,True,True,26.9,10,6,6,2,1,1,2,1,1,True
SYN0043,Synthetic Player 043,2024-25,2024-25_LAL_026,2024-12-10,LAL,HOU,False,False,17.0,7,3,2,1,0,1,1,1,1,True
SYN0043,Synthetic Player 043,2024-25,2024-25_LAL_027,2024-12-11,LAL,IND,True,False,20.8,13,4,3,0,1,1,2,1,0,True
SYN0043,Synthetic Player 043,2024-25,2024-25_LAL_028,2024-12-13,LAL,LAC,False,True,29.0,8,8,2,0,1,2,2,1,0,True
SYN0043,Synthetic Player 043,2024-25,2024-25_LAL_029,2024-12-15,LAL,LAL,True,True,25.5,8,8,2,1,1,1,2,1,1,True
SYN0043,Synthetic Player 043,2024-25,2024-25_LAL_030,2024-12-18,LAL,MEM,False,True,28.7,23,8,2,1,0,1,2,3,2,True
SYN0043,Synthetic Player 043,2024-25,2024-25_LAL_031,2024-12-20,LAL,MIA,True,False,21.9,8,2,1,0,1,1,2,1,0,True
SYN0043,Synthetic Player 043,2024-25,2024-25_LAL_032,2024-12-21,LAL,MIL,False,False,22.7,10,3,2,1,1,2,1,1,0,True
SYN0043,Synthetic Player 043,2024-25,2024-25_LAL_033,2024-12-22,LAL,MIN,True,True,30.3,20,7,3,1,1,2,2,3,2,True
SYN0043,Synthetic Player 043,2024-25,2024-25_LAL_034,2024-12-24,LAL,NOP,False,True,25.3,10,6,3,1,1,1,2,2,1,True
SYN0043,Synthetic Player 043,2024-25,2024-25_LAL_035,2024-12-26,LAL,NYK,True,False,19.7,5,4,2,1,1,1,1,0,0,True
SYN0043,Synthetic Player 043,2024-25,2024-25_LAL_036,2024-12-27,LAL,OKC,False,False,23.7,4,4,3,1,1,1,2,1,0,True
SYN0043,Synthetic Player 043,2024-25,2024-25_LAL_037,2024-12-29,LAL,ORL,True,True,31.1,8,6,4,1,1,1,2,1,1,True
SYN0043,Synthetic Player 043,2024-25,2024-25_LAL_038,2024-12-31,LAL,PHI,False,True,30.9,24,8,3,1,1,1,2,5,2,True
SYN0043,Synthetic Player 043,2024-25,2024-25_LAL_041,2025-01-06,LAL,SAC,True,False,23.4,8,6,5,0,0,2,2,1,0,True
SYN0043,Synthetic Player 043,2024-25,2024-25_LAL_042,2025-01-08,LAL,SAS,False,True,29.4,20,6,5,1,1,1,2,1,1,True
SYN0043,Synthetic Player 043,2024-25,2024-25_LAL_043,2025-01-09,LAL,TOR,True,True,25.6,10,9,4,0,1,1,2,1,0,True
SYN0043,Synthetic Player 043,2024-25,2024-25_LAL_044,2025-01-10,LAL,UTA,False,False,16.6,11,1,2,0,0,1,1,1,1,True
SYN0043,Synthetic Player 043,2024-25,2024-25_LAL_045,2025-01-11,LAL,WAS,True,True,29.7,8,4,5,1,1,2,2,1,0,True
SYN0043,Synthetic Player 043,2024-25,2024-25_LAL_046,2025-01-13,LAL,ATL,False,False,12.9,3,3,3,0,0,0,1,0,0,True
SYN0043,Synthetic Player 043,2024-25,2024-25_LAL_047,2025-01-15,LAL,BOS,True,True,27.2,12,4,2,1,0,1,3,2,1,True
SYN0043,Synthetic Player 043,2024-25,2024-25_LAL_048,2025-01-16,LAL,BKN,False,False,17.4,10,4,2,0,1,1,1,2,1,True
SYN0043,Synthetic Player 043,2024-25,2024-25_LAL_049,2025-01-19,LAL,CHA,True,True,24.0,8,6,4,0,1,1,2,1,1,True
SYN0043,Synthetic Player 043,2024-25,2024-25_LAL_053,2025-01-26,LAL,DEN,True,False,23.2,17,2,2,1,1,1,2,3,2,True
SYN0043,Synthetic Player 043,2024-25,2024-25_LAL_054,2025-01-27,LAL,DET,False,False,15.6,7,3,3,0,0,1,1,1,0,True
SYN0043,Synthetic Player 043,2024-25,2024-25_LAL_055,2025-01-28,LAL,GSW,True,False,22.7,13,5,2,0,1,1,2,1,1,True
SYN0043,Synthetic Player 043,2024-25,2024-25_LAL_056,2025-01-30,LAL,HOU,False,False,17.5,10,5,3,1,0,1,2,1,0,True
SYN0043,Synthetic Player 043,2024-25,2024-25_LAL_057,2025-01-31,LAL,IND,True,True,28.9,11,6,3,1,1,1,3,1,1,True
SYN0043,Synthetic Player 043,2024-25,2024-25_LAL_059,2025-02-03,LAL,LAL,True,False,23.1,12,4,2,1,1,1,2,1,1,True
SYN0043,Synthetic Player 043,2024-25,2024-25_LAL_061,2025-02-07,LAL,MIA,True,False,21.0,9,5,3,0,1,1,2,1,1,True
SYN0043,Synthetic Player 043,2024-25,2024-25_LAL_062,2025-02-09,LAL,MIL,False,False,13.1,9,4,2,0,0,1,1,2,1,True
SYN0043,Synthetic Player 043,2024-25,2024-25_LAL_063,2025-02-11,LAL,MIN,True,True,26.5,20,4,3,1,1,2,2,4,2,True
SYN0043,Synthetic Player 043,2024-25,2024-25_LAL_070,2025-02-22,LAL,POR,False,True,29.7,14,5,2,1,0,1,2,3,1,True
SYN0043,Synthetic Player 043,2024-25,2024-25_LAL_071,2025-02-24,LAL,SAC,True,False,19.3,15,3,2,0,1,1,1,3,2,True
SYN0043,Synthetic Player 043,2024-25,2024-25_LAL_072,2025-02-25,LAL,SAS,False,True,29.2,4,5,5,1,1,2,2,1,0,True
SYN0043,Synthetic Player 043,2024-25,2024-25_LAL_073,2025-02-26,LAL,TOR,True,True,28.9,14,6,7,1,0,1,2,2,1,True
SYN0043,Synthetic Player 043,2024-25,2024-25_LAL_074,2025-02-27,LAL,UTA,False,False,23.7,15,3,4,1,0,1,1,2,1,True
SYN0043,Synthetic Player 043,2024-25,2024-25_LAL_075,2025-03-01,LAL,WAS,True,True,25.6,6,6,4,1,0,1,2,1,0,True
SYN0043,Synthetic Player 043,2024-25,2024-25_LAL_076,2025-03-03,LAL,ATL,False,False,13.5,8,3,2,0,0,1,1,1,0,True
SYN0043,Synthetic Player 043,2024-25,2024-25_LAL_077,2025-03-05,LAL,BOS,True,False,14.3,6,4,2,0,1,1,1,1,0,True
SYN0043,Synthetic Player 043,2024-25,2024-25_LAL_079,2025-03-10,LAL,CHA,True,True,25.6,7,8,2,1,0,1,2,1,1,True
SYN0044,Synthetic Player 044,2024-25,2024-25_MEM_000,2024-10-23,MEM,MIA,False,True,29.9,15,8,2,1,1,2,2,3,0,True
SYN0044,Synthetic Player 044,2024-25,2024-25_MEM_001,2024-10-25,MEM,MIL,True,False,23.7,13,8,2,1,1,2,2,2,0,True
SYN0044,Synthetic Player 044,2024-25,2024-25_MEM_002,2024-10-28,MEM,MIN,False,True,26.0,13,9,3,0,2,1,2,1,1,True
SYN0044,Synthetic Player 044,2024-25,2024-25_MEM_003,2024-10-29,MEM,NOP,True,False,22.2,12,9,4,0,1,1,2,2,0,True
SYN0044,Synthetic Player 044,2024-25,2024-25_MEM_004,2024-10-31,MEM,NYK,False,False,19.2,4,5,3,0,1,1,2,1,0,True
SYN0044,Synthetic Player 044,2024-25,2024-25_MEM_005,2024-11-02,MEM,OKC,True,True,25.2,11,5,2,1,1,1,3,2,0,True
SYN0044,Synthetic Player 044,2024-25,2024-25_MEM_006,2024-11-04,MEM,ORL,False,False,20.9,14,6,3,0,1,1,2,3,0,True
SYN0044,Synthetic Player 044,2024-25,2024-25_MEM_007,2024-11-06,MEM,PHI,True,False,22.7,11,4,2,1,1,1,2,1,0,True
SYN0044,Synthetic Player 044,2024-25,2024-25_MEM_008,2024-11-07,MEM,PHX,False,False,23.0,8,6,2,1,1,1,2,1,0,True
SYN0044,Synthetic Player 044,2024-25,2024-25_MEM_009,2024-11-09,MEM,POR,True,False,21.5,9,9,3,1,1,1,2,1,0,True
SYN0044,Synthetic Player 044,2024-25,2024-25_MEM_010,2024-11-10,MEM,SAC,False,False,14.9,8,3,1,0,1,1,1,2,0,True
SYN0044,Synthetic Player 044,2024-25,2024-25_MEM_011,2024-11-12,MEM,SAS,True,True,24.2,13,7,4,0,2,1,2,2,0,True
SYN0044,Synthetic Player 044,2024-25,2024-25_MEM_012,2024-11-14,MEM,TOR,False,True,25.1,6,7,5,1,1,1,2,1,0,True
SYN0044,Synthetic Player 044,2024-25,2024-25_MEM_013,2024-11-16,MEM,UTA,True,False,20.5,7,3,3,0,1,1,2,1,0,True
SYN0044,Synthetic Player 044,2024-25,2024-25_MEM_014,2024-11-18,MEM,WAS,False,True,29.6,17,8,4,0,2,2,3,2,1,True
SYN0044,Synthetic Player 044,2024-25,2024-25_MEM_015,2024-11-20,MEM,ATL,True,True,25.7,10,7,3,0,1,1,2,1,0,True
SYN0044,Synthetic Player 044,2024-25,2024-25_MEM_016,2024-11-22,MEM,BOS,False,False,23.7,9,6,3,1,2,1,2,2,0,True
SYN0044,Synthetic Player 044,2024-25,2024-25_MEM_017,2024-11-24,MEM,BKN,True,False,19.7,12,4,2,0,1,2,1,2,0,True
SYN0044,Synthetic Player 044,2024-25,2024-25_MEM_018,2024-11-26,MEM,CHA,False,False,18.8,3,6,1,0,1,1,1,1,0,True
SYN0044,Synthetic Player 044,2024-25,2024-25_MEM_019,2024-11-29,MEM,CHI,True,True,29.5,22,10,3,0,1,2,2,4,0,True
SYN0044,Synthetic Player 044,2024-25,2024-25_MEM_020,2024-12-01,MEM,CLE,False,True,26.9,6,4,3,0,1,2,2,1,0,True
SYN0044,Synthetic Player 044,2024-25,2024-25_MEM_021,2024-12-02,MEM,DAL,True,False,16.3,4,5,1,0,1,1,2,1,0,True
SYN0044,Synthetic Player 044,2024-25,2024-25_MEM_022,2024-12-03,MEM,DEN,False,False,23.8,6,5,4,0,1,1,3,1,0,True
SYN0044,Synthetic Player 044,2024-25,2024-25_MEM_023,2024-12-05,MEM,DET,True,True,31.2,17,8,3,1,2,2,2,2,0,True
SYN0044,Synthetic Player 044,2024-25,2024-25_MEM_024,2024-12-07,MEM,GSW,False,False,20.1,4,7,2,0,1,1,2,1,0,True
SYN0044,Synthetic Player 044,2024-25,2024-25_MEM_025,2024-12-08,MEM,HOU,True,True,27.7,8,5,3,1,2,2,3,1,0,True
SYN0044,Synthetic Player 044,2024-25,2024-25_MEM_038,2025-01-02,MEM,PHX,False,False,16.0,10,5,1,0,1,1,1,1,0,True
SYN0044,Synthetic Player 044,2024-25,2024-25_MEM_039,2025-01-04,MEM,POR,True,False,20.8,10,5,2,0,1,1,2,1,0,True
SYN0044,Synthetic Player 044,2024-25,2024-25_MEM_040,2025-01-06,MEM,SAC,False,True,32.8,16,10,4,1,1,2,2,3,1,True
SYN0044,Synthetic Player 044,2024-25,2024-25_MEM_041,2025-01-08,MEM,SAS,True,True,24.8,11,8,4,0,1,2,2,1,0,True
SYN0044,Synthetic Player 044,2024-25,2024-25_MEM_042,2025-01-10,MEM,TOR,False,False,22.4,12,5,3,1,1,1,1,2,0,True
SYN0044,Synthetic Player 044,2024-25,2024-25_MEM_043,2025-01-12,MEM,UTA,True,False,22.9,14,5,2,0,1,1,2,3,0,True
SYN0044,Synthetic Player 044,2024-25,2024-25_MEM_044,2025-01-14,MEM,WAS,False,False,20.0,10,6,3,0,1,1,1,1,0,True
SYN0044,Synthetic Player 044,2024-25,2024-25_MEM_045,2025-01-16,MEM,ATL,True,False,20.3,9,8,2,0,1,1,2,1,0,True
SYN0044,Synthetic Player 044,2024-25,2024-25_MEM_046,2025-01-18,MEM,BOS,False,True,30.9,25,11,3,0,2,2,3,5,1,True
SYN0044,Synthetic Player 044,2024-25,2024-25_MEM_047,2025-01-20,MEM,BKN,True,False,21.4,11,5,4,0,2,1,2,2,0,True
SYN0044,Synthetic Player 044,2024-25,2024-25_MEM_048,2025-01-22,MEM,CHA,False,False,23.2,11,7,3,0,2,1,2,2,0,True
SYN0044,Synthetic Player 044,2024-25,2024-25_MEM_049,2025-01-24,MEM,CHI,True,True,30.0,16,7,4,1,1,2,3,1,0,True
SYN0044,Synthetic Player 044,2024-25,2024-25_MEM_050,2025-01-26,MEM,CLE,False,False,15.8,4,5,2,0,0,1,1,1,0,True
SYN0044,Synthetic Player 044,2024-25,2024-25_MEM_051,2025-01-28,MEM,DAL,True,False,23.0,20,9,3,0,2,1,2,2,1,True
SYN0044,Synthetic Player 044,2024-25,2024-25_MEM_052,2025-01-29,MEM,DEN,False,False,19.5,10,5,2,1,1,1,1,1,0,True
SYN0044,Synthetic Player 044,2024-25,2024-25_MEM_053,2025-01-31,MEM,DET,True,True,24.7,15,6,3,1,1,1,2,2,0,True
SYN0044,Synthetic Player 044,2024-25,2024-25_MEM_054,2025-02-02,MEM,GSW,False,True,24.9,8,5,3,1,1,2,2,1,0,True
SYN0044,Synthetic Player 044,2024-25,2024-25_MEM_055,2025-02-04,MEM,HOU,True,False,22.3,12,6,2,1,2,2,2,1,0,True
SYN0044,Synthetic Player 044,2024-25,2024-25_MEM_056,2025-02-06,MEM,IND,False,False,18.9,6,6,2,0,1,1,2,1,0,True
SYN0044,Synthetic Player 044,2024-25,2024-25_MEM_057,2025-02-07,MEM,LAC,True,False,19.3,11,5,2,0,1,1,1,2,0,True
SYN0044,Synthetic Player 044,2024-25,2024-25_MEM_058,2025-02-08,MEM,LAL,False,True,25.4,13,6,4,1,2,1,2,2,0,True
SYN0044,Synthetic Player 044,2024-25,2024-25_MEM_059,2025-02-10,MEM,MEM,True,False,16.0,9,5,3,1,1,1,1,1,0,True
SYN0044,Synthetic Player 044,2024-25,2024-25_MEM_060,2025-02-11,MEM,MIA,False,False,15.6,6,3,1,0,1,1,1,1,0,True
SYN0044,Synthetic Player 044,2024-25,2024-25_MEM_061,2025-02-12,MEM,MIL,True,True,31.4,19,16,4,1,1,2,2,3,1,True
SYN0044,Synthetic Player 044,2024-25,2024-25_MEM_062,2025-02-13,MEM,MIN,False,False,20.9,11,7,2,1,1,1,1,1,0,True
SYN0044,Synthetic Player 044,2024-25,2024-25_MEM_063,2025-02-16,MEM,NOP,True,False,21.6,12,4,2,0,1,1,2,2,0,True
SYN0044,Synthetic Player 044,2024-25,2024-25_MEM_064,2025-02-17,MEM,NYK,False,True,24.9,8,7,3,1,1,2,2,1,0,True
SYN0044,Synthetic Player 044,2024-25,2024-25_MEM_065,2025-02-19,MEM,OKC,True,False,20.4,13,3,3,1,1,1,1,2,0,True
SYN0044,Synthetic Player 044,2024-25,2024-25_MEM_066,2025-02-21,MEM,ORL,False,False,21.8,9,7,2,0,1,1,2,1,0,True
SYN0044,Synthetic Player 044,2024-25,2024-25_MEM_067,2025-02-22,MEM,PHI,True,False,23.4,8,5,1,0,1,1,2,1,0,True
SYN0044,Synthetic Player 044,2024-25,2024-25_MEM_068,2025-02-25,MEM,PHX,False,True,25.0,5,6,2,1,1,2,2,1,0,True
SYN0044,Synthetic Player 044,2024-25,2024-25_MEM_069,2025-02-26,MEM,POR,True,True,24.1,10,4,2,1,1,1,2,1,0,True
SYN0044,Synthetic Player 044,2024-25,2024-25_MEM_070,2025-02-28,MEM,SAC,False,True,28.6,10,9,2,0,1,2,3,1,0,True
SYN0044,Synthetic Player 044,2024-25,2024-25_MEM_071,2025-03-02,MEM,SAS,True,False,23.1,10,7,2,1,2,1,2,2,0,True
SYN0044,Synthetic Player 044,2024-25,2024-25_MEM_072,2025-03-05,MEM,TOR,False,True,26.4,10,5,4,1,1,1,3,2,0,True
SYN0044,Synthetic Player 044,2024-25,2024-25_MEM_073,2025-03-06,MEM,UTA,True,True,31.8,23,11,3,1,1,2,3,4,1,True
SYN0044,Synthetic Player 044,2024-25,2024-25_MEM_074,2025-03-07,MEM,WAS,False,True,29.0,11,6,4,1,2,1,2,2,0,True
SYN0045,Synthetic Player 045,2024-25,2024-25_MIA_001,2024-10-23,MIA,MIN,True,False,20.4,11,2,4,1,0,1,1,1,1,True
SYN0045,Synthetic Player 045,2024-25,2024-25_MIA_002,2024-10-24,MIA,NOP,False,False,17.3,5,3,2,0,0,1,1,0,0,True
SYN0045,Synthetic Player 045,2024-25,2024-25_MIA_003,2024-10-25,MIA,NYK,True,True,30.8,17,6,4,1,0,2,2,3,2,True
SYN0045,Synthetic Player 045,2024-25,2024-25_MIA_004,2024-10-27,MIA,OKC,False,False,20.6,17,2,7,1,0,1,1,3,2,True
SYN0045,Synthetic Player 045,2024-25,2024-25_MIA_008,2024-11-04,MIA,POR,False,False,23.0,15,3,9,0,0,3,2,3,2,True
SYN0045,Synthetic Player 045,2024-25,2024-25_MIA_009,2024-11-05,MIA,SAC,True,False,18.2,10,2,3,1,0,1,1,2,1,True
SYN0045,Synthetic Player 045,2024-25,2024-25_MIA_010,2024-11-06,MIA,SAS,False,False,15.3,3,1,4,1,0,1,1,0,0,True
SYN0045,Synthetic Player 045,2024-25,2024-25_MIA_012,2024-11-10,MIA,UTA,False,True,27.6,11,3,4,1,0,2,2,1,1,True
SYN0045,Synthetic Player 045,2024-25,2024-25_MIA_024,2024-11-28,MIA,HOU,False,True,24.3,11,3,7,1,0,2,1,2,1,True
SYN0045,Synthetic Player 045,2024-25,2024-25_MIA_025,2024-11-30,MIA,IND,True,False,16.6,8,2,4,0,0,1,1,1,1,True
SYN0045,Synthetic Player 045,2024-25,2024-25_MIA_026,2024-12-02,MIA,LAC,False,True,29.9,19,4,5,2,0,2,2,3,3,True
SYN0045,Synthetic Player 045,2024-25,2024-25_MIA_027,2024-12-03,MIA,LAL,True,False,16.0,3,2,2,1,0,1,1,0,0,True
SYN0045,Synthetic Player 045,2024-25,2024-25_MIA_028,2024-12-05,MIA,MEM,False,False,20.9,8,2,2,1,0,2,1,1,1,True
SYN0045,Synthetic Player 045,2024-25,2024-25_MIA_030,2024-12-08,MIA,MIL,False,False,18.3,3,3,5,1,0,1,1,1,1,True
SYN0045,Synthetic Player 045,2024-25,2024-25_MIA_031,2024-12-10,MIA,MIN,True,False,23.0,10,4,4,0,0,2,1,1,2,True
SYN0045,Synthetic Player 045,2024-25,2024-25_MIA_033,2024-12-13,MIA,NYK,True,False,17.2,4,3,2,1,0,1,1,1,0,True
SYN0045,Synthetic Player 045,2024-25,2024-25_MIA_034,2024-12-15,MIA,OKC,False,False,13.4,6,2,1,1,0,1,0,1,0,True
SYN0045,Synthetic Player 045,2024-25,2024-25_MIA_047,2025-01-10,MIA,CHA,True,True,25.8,9,4,5,1,0,2,1,2,1,True
SYN0045,Synthetic Player 045,2024-25,2024-25_MIA_048,2025-01-12,MIA,CHI,False,False,21.3,10,1,3,1,0,2,1,2,2,True
SYN0045,Synthetic Player 045,2024-25,2024-25_MIA_049,2025-01-14,MIA,CLE,True,False,22.8,4,2,4,1,0,1,1,1,0,True
SYN0045,Synthetic Player 045,2024-25,2024-25_MIA_050,2025-01-15,MIA,DAL,False,False,23.9,14,4,5,1,0,2,1,1,2,True
SYN0045,Synthetic Player 045,2024-25,2024-25_MIA_051,2025-01-16,MIA,DEN,True,False,23.4,13,3,3,1,0,2,1,2,1,True
SYN0045,Synthetic Player 045,2024-25,2024-25_MIA_054,2025-01-21,MIA,HOU,False,False,21.2,8,2,4,1,0,1,1,1,1,True
SYN0045,Synthetic Player 045,2024-25,2024-25_MIA_055,2025-01-22,MIA,IND,True,False,21.7,14,3,3,1,0,2,1,2,1,True
SYN0045,Synthetic Player 045,2024-25,2024-25_MIA_056,2025-01-23,MIA,LAC,False,False,13.7,7,1,2,0,0,1,1,2,1,True
SYN0045,Synthetic Player 045,2024-25,2024-25_MIA_057,2025-01-25,MIA,LAL,True,True,25.3,8,3,2,1,0,2,1,0,1,True
SYN0045,Synthetic Player 045,2024-25,2024-25_MIA_058,2025-01-27,MIA,MEM,False,False,23.9,4,2,4,1,0,2,1,1,0,True
SYN0045,Synthetic Player 045,2024-25,2024-25_MIA_061,2025-02-02,MIA,MIN,True,False,21.9,6,2,4,1,0,2,1,1,0,True
SYN0045,Synthetic Player 045,2024-25,2024-25_MIA_062,2025-02-04,MIA,NOP,False,True,29.3,3,5,2,1,0,1,2,0,0,True
SYN0045,Synthetic Player 045,2024-25,2024-25_MIA_063,2025-02-05,MIA,NYK,True,True,28.5,11,4,5,1,0,3,1,2,2,True
SYN0045,Synthetic Player 045,2024-25,2024-25_MIA_064,2025-02-07,MIA,OKC,False,True,26.9,14,4,4,1,0,2,2,4,1,True
SYN0045,Synthetic Player 045,2024-25,2024-25_MIA_065,2025-02-09,MIA,ORL,True,False,21.8,8,3,2,1,0,2,1,2,2,True
SYN0045,Synthetic Player 045,2024-25,2024-25_MIA_070,2025-02-20,MIA,SAS,False,True,24.5,8,4,3,1,0,2,1,1,1,True
SYN0045,Synthetic Player 045,2024-25,2024-25_MIA_071,2025-02-23,MIA,TOR,True,False,19.3,11,3,3,1,0,1,1,1,1,True
SYN0045,Synthetic Player 045,2024-25,2024-25_MIA_072,2025-02-25,MIA,UTA,False,True,25.4,9,4,3,1,0,2,1,2,1,True
SYN0045,Synthetic Player 045,2024-25,2024-25_MIA_073,2025-02-26,MIA,WAS,True,False,20.3,12,2,2,2,0,1,1,1,1,True
SYN0045,Synthetic Player 045,2024-25,2024-25_MIA_074,2025-02-28,MIA,ATL,False,True,24.5,7,4,3,0,0,2,2,1,1,True
SYN0045,Synthetic Player 045,2024-25,2024-25_MIA_075,2025-03-01,MIA,BOS,True,False,14.5,8,3,3,0,0,1,1,1,0,True
SYN0045,Synthetic Player 045,2024-25,2024-25_MIA_076,2025-03-03,MIA,BKN,False,True,24.6,10,3,3,1,0,1,2,1,1,True
SYN0045,Synthetic Player 045,2024-25,2024-25_MIA_077,2025-03-05,MIA,CHA,True,False,15.0,3,3,2,0,0,1,1,0,0,True
SYN0045,Synthetic Player 045,2024-25,2024-25_MIA_081,2025-03-13,MIA,DEN,True,True,26.7,13,3,5,1,0,2,2,3,2,True
SYN0046,Synthetic Player 046,2024-25,2024-25_MIL_000,2024-10-22,MIL,MIN,False,False,20.4,8,3,2,0,0,1,2,1,1,True
SYN0046,Synthetic Player 046,2024-25,2024-25_MIL_010,2024-11-11,MIL,TOR,False,False,22.1,14,2,2,1,0,1,1,2,2,True
SYN0046,Synthetic Player 046,2024-25,2024-25_MIL_011,2024-11-12,MIL,UTA,True,False,21.3,13,2,2,1,0,2,1,4,2,True
SYN0046,Synthetic Player 046,2024-25,2024-25_MIL_012,2024-11-13,MIL,WAS,False,False,18.0,16,3,2,1,0,1,1,2,2,True
SYN0046,Synthetic Player 046,2024-25,2024-25_MIL_013,2024-11-14,MIL,ATL,True,False,20.6,14,4,3,1,0,1,2,2,2,True
SYN0046,Synthetic Player 046,2024-25,2024-25_MIL_020,2024-11-25,MIL,DEN,False,True,24.7,10,4,5,1,0,2,1,2,1,True
SYN0046,Synthetic Player 046,2024-25,2024-25_MIL_021,2024-11-26,MIL,DET,True,False,22.0,11,4,2,1,0,1,1,2,1,True
SYN0046,Synthetic Player 046,2024-25,2024-25_MIL_022,2024-11-27,MIL,GSW,False,False,14.2,10,2,1,0,0,1,1,1,3,True
SYN0046,Synthetic Player 046,2024-25,2024-25_MIL_023,2024-11-29,MIL,HOU,True,True,27.9,24,4,3,1,0,1,2,4,3,True
SYN0046,Synthetic Player 046,2024-25,2024-25_MIL_024,2024-11-30,MIL,IND,False,False,20.2,19,2,3,1,0,1,1,3,3,True
SYN0046,Synthetic Player 046,2024-25,2024-25_MIL_025,2024-12-01,MIL,LAC,True,True,25.7,19,3,5,1,0,1,2,2,2,True
SYN0046,Synthetic Player 046,2024-25,2024-25_MIL_026,2024-12-02,MIL,LAL,False,False,16.4,10,1,1,1,0,1,1,1,1,True
SYN0046,Synthetic Player 046,2024-25,2024-25_MIL_027,2024-12-04,MIL,MEM,True,False,21.1,10,3,3,0,0,1,1,1,1,True
SYN0046,Synthetic Player 046,2024-25,2024-25_MIL_028,2024-12-06,MIL,MIA,False,False,19.3,20,2,2,0,0,1,1,4,3,True
SYN0046,Synthetic Player 046,2024-25,2024-25_MIL_029,2024-12-08,MIL,MIL,True,False,13.4,9,2,2,1,0,1,1,2,2,True
SYN0046,Synthetic Player 046,2024-25,2024-25_MIL_030,2024-12-09,MIL,MIN,False,False,18.4,8,1,2,1,0,1,1,1,1,True
SYN0046,Synthetic Player 046,2024-25,2024-25_MIL_031,2024-12-11,MIL,NOP,True,False,22.3,24,4,3,0,0,2,1,4,4,True
SYN0046,Synthetic Player 046,2024-25,2024-25_MIL_032,2024-12-13,MIL,NYK,False,False,16.2,12,2,2,0,0,1,1,2,2,True
SYN0046,Synthetic Player 046,2024-25,2024-25_MIL_036,2024-12-21,MIL,PHX,False,False,21.8,21,3,3,1,0,2,1,3,3,True
SYN0046,Synthetic Player 046,2024-25,2024-25_MIL_037,2024-12-23,MIL,POR,True,False,15.8,14,2,2,0,0,1,1,4,2,True
SYN0046,Synthetic Player 046,2024-25,2024-25_MIL_038,2024-12-26,MIL,SAC,False,False,20.1,7,2,1,1,1,1,1,1,1,True
SYN0046,Synthetic Player 046,2024-25,2024-25_MIL_039,2024-12-27,MIL,SAS,True,True,24.8,11,3,5,1,0,2,2,2,1,True
SYN0046,Synthetic Player 046,2024-25,2024-25_MIL_040,2024-12-29,MIL,TOR,False,False,15.5,6,2,2,0,0,1,1,1,1,True
SYN0046,Synthetic Player 046,2024-25,2024-25_MIL_042,2025-01-01,MIL,WAS,False,False,15.1,6,2,1,0,0,1,1,1,1,True
SYN0046,Synthetic Player 046,2024-25,2024-25_MIL_043,2025-01-03,MIL,ATL,True,True,25.1,4,3,5,1,0,2,1,1,0,True
SYN0046,Synthetic Player 046,2024-25,2024-25_MIL_047,2025-01-09,MIL,CHI,True,True,24.4,7,4,3,1,0,1,2,2,1,True
SYN0046,Synthetic Player 046,2024-25,2024-25_MIL_048,2025-01-11,MIL,CLE,False,False,22.5,4,4,2,1,0,1,1,0,1,True
SYN0046,Synthetic Player 046,2024-25,2024-25_MIL_049,2025-01-12,MIL,DAL,True,False,21.5,12,2,2,1,0,1,1,2,2,True
SYN0046,Synthetic Player 046,2024-25,2024-25_MIL_052,2025-01-17,MIL,GSW,False,False,19.0,18,3,2,1,0,1,1,3,3,True
SYN0046,Synthetic Player 046,2024-25,2024-25_MIL_053,2025-01-19,MIL,HOU,True,False,23.1,21,4,3,0,0,2,2,6,2,True
SYN0046,Synthetic Player 046,2024-25,2024-25_MIL_054,2025-01-21,MIL,IND,False,False,19.7,9,2,2,1,0,1,1,3,2,True
SYN0046,Synthetic Player 046,2024-25,2024-25_MIL_055,2025-01-23,MIL,LAC,True,False,18.3,9,2,4,1,0,2,1,1,2,True
SYN0046,Synthetic Player 046,2024-25,2024-25_MIL_056,2025-01-26,MIL,LAL,False,False,11.8,10,1,2,1,0,1,1,2,1,True
SYN0046,Synthetic Player 046,2024-25,2024-25_MIL_057,2025-01-29,MIL,MEM,True,False,23.7,17,3,2,1,0,1,1,2,2,True
SYN0046,Synthetic Player 046,2024-25,2024-25_MIL_058,2025-01-31,MIL,MIA,False,False,20.7,15,1,4,1,0,2,1,4,3,True
SYN0046,Synthetic Player 046,2024-25,2024-25_MIL_059,2025-02-02,MIL,MIL,True,False,18.8,10,3,2,1,0,1,1,1,2,True
SYN0046,Synthetic Player 046,2024-25,2024-25_MIL_060,2025-02-03,MIL,MIN,False,False,14.4,11,2,1,1,0,1,1,1,1,True
SYN0046,Synthetic Player 046,2024-25,2024-25_MIL_061,2025-02-05,MIL,NOP,True,False,22.2,20,2,4,1,0,2,1,6,3,True
SYN0046,Synthetic Player 046,2024-25,2024-25_MIL_062,2025-02-07,MIL,NYK,False,False,20.0,12,3,3,0,0,1,1,2,2,True
SYN0046,Synthetic Player 046,2024-25,2024-25_MIL_063,2025-02-09,MIL,OKC,True,True,24.7,12,3,2,1,0,1,1,4,1,True
SYN0046,Synthetic Player 046,2024-25,2024-25_MIL_064,2025-02-11,MIL,ORL,False,False,18.5,13,3,4,1,0,1,1,3,1,True
SYN0046,Synthetic Player 046,2024-25,2024-25_MIL_065,2025-02-12,MIL,PHI,True,False,18.3,5,2,2,1,0,1,1,1,0,True
SYN0046,Synthetic Player 046,2024-25,2024-25_MIL_068,2025-02-18,MIL,SAC,False,False,16.5,8,2,2,1,0,1,1,1,1,True
SYN0046,Synthetic Player 046,2024-25,2024-25_MIL_069,2025-02-20,MIL,SAS,True,False,22.4,16,2,2,1,0,1,1,3,1,True
SYN0046,Synthetic Player 046,2024-25,2024-25_MIL_070,2025-02-22,MIL,TOR,False,False,23.4,11,4,3,1,0,2,1,1,2,True
SYN0046,Synthetic Player 046,2024-25,2024-25_MIL_071,2025-02-24,MIL,UTA,True,False,16.4,6,2,3,0,0,1,1,1,1,True
SYN0046,Synthetic Player 046,2024-25,2024-25_MIL_072,2025-02-26,MIL,WAS,False,False,20.5,9,4,3,1,0,1,1,2,1,True
SYN0046,Synthetic Player 046,2024-25,2024-25_MIL_073,2025-03-01,MIL,ATL,True,False,15.9,13,3,2,0,0,1,1,2,2,True
SYN0046,Synthetic Player 046,2024-25,2024-25_MIL_074,2025-03-03,MIL,BOS,False,False,18.6,10,3,3,0,0,1,1,2,1,True
SYN0046,Synthetic Player 046,2024-25,2024-25_MIL_075,2025-03-05,MIL,BKN,True,False,22.3,15,3,1,1,0,1,1,2,2,True
SYN0046,Synthetic Player 046,2024-25,2024-25_MIL_076,2025-03-07,MIL,CHA,False,False,14.4,9,2,2,0,0,1,1,1,2,True
SYN0046,Synthetic Player 046,2024-25,2024-25_MIL_078,2025-03-10,MIL,CLE,False,False,19.2,17,2,4,1,0,1,1,2,1,True
SYN0046,Synthetic Player 046,2024-25,2024-25_MIL_079,2025-03-11,MIL,DAL,True,False,11.8,7,2,1,0,0,1,1,1,1,True
SYN0046,Synthetic Player 046,2024-25,2024-25_MIL_080,2025-03-12,MIL,DEN,False,False,18.8,11,4,2,0,0,1,1,1,1,True
SYN0046,Synthetic Player 046,2024-25,2024-25_MIL_081,2025-03-14,MIL,DET,True,False,22.7,16,3,4,1,0,2,1,3,3,True
SYN0047,Synthetic Player 047,2024-25,2024-25_MIN_000,2024-10-23,MIN,NOP,False,True,31.2,14,10,2,1,1,2,2,2,2,True
SYN0047,Synthetic Player 047,2024-25,2024-25_MIN_001,2024-10-24,MIN,NYK,True,True,24.0,9,5,2,0,0,1,2,2,1,True
SYN0047,Synthetic Player 047,2024-25,2024-25_MIN_002,2024-10-25,MIN,OKC,False,True,31.8,17,1,3,1,0,2,2,3,2,True
SYN0047,Synthetic Player 047,2024-25,2024-25_MIN_003,2024-10-27,MIN,ORL,True,True,33.1,10,7,6,0,0,2,3,3,1,True
SYN0047,Synthetic Player 047,2024-25,2024-25_MIN_004,2024-10-29,MIN,PHI,False,True,24.2,6,3,2,1,0,1,1,1,1,True
SYN0047,Synthetic Player 047,2024-25,2024-25_MIN_005,2024-10-30,MIN,PHX,True,True,27.6,15,4,5,1,0,2,2,3,3,True
SYN0047,Synthetic Player 047,2024-25,2024-25_MIN_006,2024-11-01,MIN,POR,False,True,26.4,4,6,1,1,0,1,2,1,1,True
SYN0047,Synthetic Player 047,2024-25,2024-25_MIN_007,2024-11-03,MIN,SAC,True,True,24.4,19,4,3,1,0,1,2,3,3,True
SYN0047,Synthetic Player 047,2024-25,2024-25_MIN_008,2024-11-05,MIN,SAS,False,True,32.2,18,5,4,1,0,2,2,3,2,True
SYN0047,Synthetic Player 047,2024-25,2024-25_MIN_009,2024-11-08,MIN,TOR,True,True,24.5,8,6,1,1,0,2,2,2,0,True
SYN0047,Synthetic Player 047,2024-25,2024-25_MIN_010,2024-11-10,MIN,UTA,False,False,21.2,12,4,1,1,0,2,1,1,1,True
SYN0047,Synthetic Player 047,2024-25,2024-25_MIN_011,2024-11-12,MIN,WAS,True,True,29.3,10,4,3,1,0,1,2,2,1,True
SYN0047,Synthetic Player 047,2024-25,2024-25_MIN_012,2024-11-13,MIN,ATL,False,False,23.8,16,4,2,1,0,2,2,2,2,True
SYN0047,Synthetic Player 047,2024-25,2024-25_MIN_013,2024-11-15,MIN,BOS,True,True,29.3,16,4,3,1,0,1,2,2,1,True
SYN0047,Synthetic Player 047,2024-25,2024-25_MIN_014,2024-11-17,MIN,BKN,False,True,25.0,11,3,1,1,0,1,2,1,1,True
SYN0047,Synthetic Player 047,2024-25,2024-25_MIN_015,2024-11-19,MIN,CHA,True,True,26.0,13,5,2,0,0,3,1,3,2,True
SYN0047,Synthetic Player 047,2024-25,2024-25_MIN_016,2024-11-21,MIN,CHI,False,False,18.3,4,2,1,1,0,1,1,0,0,True
SYN0047,Synthetic Player 047,2024-25,2024-25_MIN_017,2024-11-22,MIN,CLE,True,False,19.1,7,4,3,1,0,1,1,1,1,True
SYN0047,Synthetic Player 047,2024-25,2024-25_MIN_018,2024-11-24,MIN,DAL,False,False,21.7,11,4,3,1,0,2,1,1,1,True
SYN0047,Synthetic Player 047,2024-25,2024-25_MIN_019,2024-11-27,MIN,DEN,True,True,31.9,11,4,3,1,1,2,2,1,1,True
SYN0047,Synthetic Player 047,2024-25,2024-25_MIN_020,2024-11-29,MIN,DET,False,True,26.8,12,5,2,1,0,2,1,2,2,True
SYN0047,Synthetic Player 047,2024-25,2024-25_MIN_021,2024-11-30,MIN,GSW,True,True,31.3,33,5,3,1,1,3,2,6,2,True
SYN0047,Synthetic Player 047,2024-25,2024-25_MIN_022,2024-12-01,MIN,HOU,False,True,25.8,12,4,2,1,1,2,2,2,1,True
SYN0047,Synthetic Player 047,2024-25,2024-25_MIN_023,2024-12-03,MIN,IND,True,True,25.6,11,3,3,0,0,1,2,1,1,True
SYN0047,Synthetic Player 047,2024-25,2024-25_MIN_024,2024-12-04,MIN,LAC,False,False,23.3,13,4,2,1,1,2,1,2,1,True
SYN0047,Synthetic Player 047,2024-25,2024-25_MIN_025,2024-12-06,MIN,LAL,True,False,23.7,15,5,4,1,1,2,2,2,0,True
SYN0047,Synthetic Player 047,2024-25,2024-25_MIN_026,2024-12-08,MIN,MEM,False,True,29.7,12,5,4,2,0,2,2,1,1,True
SYN0047,Synthetic Player 047,2024-25,2024-25_MIN_027,2024-12-10,MIN,MIA,True,True,28.1,21,7,3,1,0,2,2,3,4,True
SYN0047,Synthetic Player 047,2024-25,2024-25_MIN_028,2024-12-12,MIN,MIL,False,False,17.5,13,2,2,0,0,1,1,1,2,True
SYN0047,Synthetic Player 047,2024-25,2024-25_MIN_029,2024-12-14,MIN,MIN,True,True,27.7,14,4,1,1,1,2,2,3,1,True
SYN0047,Synthetic Player 047,2024-25,2024-25_MIN_030,2024-12-16,MIN,NOP,False,True,37.6,19,5,4,2,1,2,2,4,2,True
SYN0047,Synthetic Player 047,2024-25,2024-25_MIN_031,2024-12-18,MIN,NYK,True,True,28.2,21,3,4,1,0,2,1,5,3,True
SYN0047,Synthetic Player 047,2024-25,2024-25_MIN_032,2024-12-20,MIN,OKC,False,True,27.9,13,5,3,1,0,2,2,2,1,True
SYN0047,Synthetic Player 047,2024-25,2024-25_MIN_033,2024-12-22,MIN,ORL,True,True,25.2,8,2,3,2,0,2,1,1,1,True
SYN0047,Synthetic Player 047,2024-25,2024-25_MIN_034,2024-12-23,MIN,PHI,False,False,21.9,11,5,2,0,0,1,1,2,2,True
SYN0047,Synthetic Player 047,2024-25,2024-25_MIN_035,2024-12-24,MIN,PHX,True,True,37.9,7,9,4,1,0,2,3,1,1,True
SYN0047,Synthetic Player 047,2024-25,2024-25_MIN_036,2024-12-25,MIN,POR,False,True,25.1,9,4,4,1,0,1,2,1,0,True
SYN0047,Synthetic Player 047,2024-25,2024-25_MIN_037,2024-12-27,MIN,SAC,True,True,29.0,15,4,2,1,0,2,2,1,1,True
SYN0047,Synthetic Player 047,2024-25,2024-25_MIN_038,2024-12-28,MIN,SAS,False,True,27.6,7,4,2,1,0,1,3,1,0,True
SYN0047,Synthetic Player 047,2024-25,2024-25_MIN_039,2024-12-29,MIN,TOR,True,False,21.4,7,2,3,1,0,1,1,1,1,True
SYN0047,Synthetic Player 047,2024-25,2024-25_MIN_040,2024-12-31,MIN,UTA,False,True,24.7,13,5,3,1,0,1,2,2,1,True
SYN0047,Synthetic Player 047,2024-25,2024-25_MIN_041,2025-01-02,MIN,WAS,True,True,27.1,24,6,2,1,0,2,2,5,2,True
SYN0047,Synthetic Player 047,2024-25,2024-25_MIN_042,2025-01-05,MIN,ATL,False,True,30.3,16,3,2,0,1,2,3,2,1,True
SYN0047,Synthetic Player 047,2024-25,2024-25_MIN_043,2025-01-06,MIN,BOS,True,True,33.4,11,5,2,1,1,2,2,2,1,True
SYN0047,Synthetic Player 047,2024-25,2024-25_MIN_044,2025-01-07,MIN,BKN,False,True,29.5,12,4,3,1,1,1,2,2,1,True
SYN0047,Synthetic Player 047,2024-25,2024-25_MIN_045,2025-01-09,MIN,CHA,True,True,28.2,25,4,2,1,1,2,2,5,2,True
SYN0047,Synthetic Player 047,2024-25,2024-25_MIN_046,2025-01-11,MIN,CHI,False,True,24.6,15,3,1,1,1,2,1,4,2,True
SYN0047,Synthetic Player 047,2024-25,2024-25_MIN_047,2025-01-13,MIN,CLE,True,True,30.7,17,5,2,1,0,2,2,2,2,True
SYN0047,Synthetic Player 047,2024-25,2024-25_MIN_048,2025-01-15,MIN,DAL,False,False,19.3,9,3,4,0,0,1,1,2,1,True
SYN0047,Synthetic Player 047,2024-25,2024-25_MIN_049,2025-01-17,MIN,DEN,True,True,27.0,14,4,3,1,0,1,1,3,1,True
SYN0047,Synthetic Player 047,2024-25,2024-25_MIN_050,2025-01-18,MIN,DET,False,False,18.1,12,2,2,0,0,1,1,2,1,True
SYN0047,Synthetic Player 047,2024-25,2024-25_MIN_051,2025-01-20,MIN,GSW,True,True,31.8,24,5,6,2,0,2,2,5,2,True
SYN0047,Synthetic Player 047,2024-25,2024-25_MIN_052,2025-01-22,MIN,HOU,False,True,26.6,9,3,3,1,0,1,2,1,1,True
SYN0047,Synthetic Player 047,2024-25,2024-25_MIN_053,2025-01-24,MIN,IND,True,True,29.8,13,9,4,1,1,1,2,2,1,True
SYN0047,Synthetic Player 047,2024-25,2024-25_MIN_054,2025-01-26,MIN,LAC,False,True,30.9,19,3,3,1,1,2,2,4,2,True
SYN0047,Synthetic Player 047,2024-25,2024-25_MIN_055,2025-01-27,MIN,LAL,True,True,27.0,14,5,3,1,1,2,2,2,3,True
SYN0047,Synthetic Player 047,2024-25,2024-25_MIN_056,2025-01-29,MIN,MEM,False,True,33.6,13,4,4,1,1,2,2,1,1,True
SYN0047,Synthetic Player 047,2024-25,2024-25_MIN_057,2025-01-31,MIN,MIA,True,True,26.4,21,9,3,1,0,2,2,3,3,True
SYN0047,Synthetic Player 047,2024-25,2024-25_MIN_058,2025-02-01,MIN,MIL,False,True,24.6,12,6,2,0,1,1,2,3,2,True
SYN0047,Synthetic Player 047,2024-25,2024-25_MIN_059,2025-02-03,MIN,MIN,True,True,27.1,6,4,3,1,1,2,2,1,1,True
SYN0047,Synthetic Player 047,2024-25,2024-25_MIN_060,2025-02-05,MIN,NOP,False,False,19.7,10,3,3,1,0,1,2,1,1,True
SYN0047,Synthetic Player 047,2024-25,2024-25_MIN_061,2025-02-07,MIN,NYK,True,False,19.1,12,2,2,1,0,1,2,2,1,True
SYN0047,Synthetic Player 047,2024-25,2024-25_MIN_062,2025-02-09,MIN,OKC,False,True,28.7,31,4,3,1,0,2,3,6,3,True
SYN0047,Synthetic Player 047,2024-25,2024-25_MIN_063,2025-02-10,MIN,ORL,True,True,25.7,19,4,2,1,1,2,2,1,2,True
SYN0047,Synthetic Player 047,2024-25,2024-25_MIN_064,2025-02-12,MIN,PHI,False,True,28.9,19,7,4,1,0,2,2,4,2,True
SYN0047,Synthetic Player 047,2024-25,2024-25_MIN_065,2025-02-14,MIN,PHX,True,True,27.2,25,3,2,1,1,2,2,4,3,True
SYN0047,Synthetic Player 047,2024-25,2024-25_MIN_066,2025-02-16,MIN,POR,False,False,23.0,3,5,2,1,0,2,1,1,0,True
SYN0047,Synthetic Player 047,2024-25,2024-25_MIN_067,2025-02-18,MIN,SAC,True,False,21.7,14,3,3,1,0,1,1,3,2,True
SYN0047,Synthetic Player 047,2024-25,2024-25_MIN_068,2025-02-20,MIN,SAS,False,True,28.2,31,4,3,1,0,2,1,4,2,True
SYN0047,Synthetic Player 047,2024-25,2024-25_MIN_069,2025-02-21,MIN,TOR,True,True,34.7,9,5,4,1,0,2,3,1,1,True
SYN0047,Synthetic Player 047,2024-25,2024-25_MIN_070,2025-02-23,MIN,UTA,False,False,20.7,7,2,3,0,0,2,2,1,1,True
SYN0047,Synthetic Player 047,2024-25,2024-25_MIN_071,2025-02-25,MIN,WAS,True,False,21.7,13,3,2,1,1,1,1,2,2,True
SYN0047,Synthetic Player 047,2024-25,2024-25_MIN_072,2025-02-26,MIN,ATL,False,True,25.6,8,3,4,1,1,1,1,2,1,True
SYN0047,Synthetic Player 047,2024-25,2024-25_MIN_073,2025-02-27,MIN,BOS,True,True,33.9,21,5,5,1,1,2,2,2,3,True
SYN0047,Synthetic Player 047,2024-25,2024-25_MIN_075,2025-03-04,MIN,CHA,True,False,21.4,10,3,1,0,0,1,1,2,0,True
SYN0047,Synthetic Player 047,2024-25,2024-25_MIN_076,2025-03-05,MIN,CHI,False,True,29.8,24,3,2,1,1,2,2,3,4,True
SYN0047,Synthetic Player 047,2024-25,2024-25_MIN_077,2025-03-07,MIN,CLE,True,True,31.5,17,5,3,1,0,3,3,2,1,True
SYN0047,Synthetic Player 047,2024-25,2024-25_MIN_078,2025-03-09,MIN,DAL,False,True,27.8,10,6,3,1,1,3,2,2,1,True
SYN0047,Synthetic Player 047,2024-25,2024-25_MIN_079,2025-03-11,MIN,DEN,True,True,25.8,17,6,3,1,0,2,1,2,2,True
SYN0047,Synthetic Player 047,2024-25,2024-25_MIN_080,2025-03-13,MIN,DET,False,True,26.6,12,5,3,0,1,2,2,1,2,True
SYN0047,Synthetic Player 047,2024-25,2024-25_MIN_081,2025-03-15,MIN,GSW,True,True,25.4,13,3,2,1,0,2,2,2,1,True
SYN0048,Synthetic Player 048,2024-25,2024-25_NOP_000,2024-10-21,NOP,NYK,False,False,17.3,6,3,1,0,0,1,1,1,0,True
SYN0048,Synthetic Player 048,2024-25,2024-25_NOP_001,2024-10-23,NOP,OKC,True,False,20.2,8,4,1,0,1,1,2,1,0,True
SYN0048,Synthetic Player 048,2024-25,2024-25_NOP_002,2024-10-25,NOP,ORL,False,False,9.9,4,3,1,0,0,0,1,1,0,True
SYN0048,Synthetic Player 048,2024-25,2024-25_NOP_003,2024-10-27,NOP,PHI,True,False,17.8,8,4,1,0,1,1,1,2,1,True
SYN0048,Synthetic Player 048,2024-25,2024-25_NOP_006,2024-11-01,NOP,SAC,False,False,12.0,5,2,1,0,0,1,1,1,0,True
SYN0048,Synthetic Player 048,2024-25,2024-25_NOP_007,2024-11-02,NOP,SAS,True,False,21.3,8,5,2,1,1,1,1,1,1,True
SYN0048,Synthetic Player 048,2024-25,2024-25_NOP_008,2024-11-03,NOP,TOR,False,False,19.9,7,5,1,1,1,1,2,1,1,True
SYN0048,Synthetic Player 048,2024-25,2024-25_NOP_015,2024-11-14,NOP,CHI,True,True,24.2,9,4,2,1,1,2,2,2,1,True
SYN0048,Synthetic Player 048,2024-25,2024-25_NOP_016,2024-11-17,NOP,CLE,False,False,15.5,6,4,1,0,0,1,1,1,0,True
SYN0048,Synthetic Player 048,2024-25,2024-25_NOP_017,2024-11-18,NOP,DAL,True,False,23.5,9,7,2,1,1,1,2,1,0,True
SYN0048,Synthetic Player 048,2024-25,2024-25_NOP_018,2024-11-19,NOP,DEN,False,False,17.3,6,4,1,1,0,1,2,1,0,True
SYN0048,Synthetic Player 048,2024-25,2024-25_NOP_019,2024-11-21,NOP,DET,True,False,13.1,4,3,1,0,1,1,1,1,0,True
SYN0048,Synthetic Player 048,2024-25,2024-25_NOP_021,2024-11-24,NOP,HOU,True,False,19.5,8,4,1,0,1,1,1,2,1,True
SYN0048,Synthetic Player 048,2024-25,2024-25_NOP_022,2024-11-25,NOP,IND,False,False,13.0,6,2,1,0,0,1,1,1,0,True
SYN0048,Synthetic Player 048,2024-25,2024-25_NOP_023,2024-11-26,NOP,LAC,True,False,19.6,8,5,2,1,1,1,1,1,0,True
SYN0048,Synthetic Player 048,2024-25,2024-25_NOP_024,2024-11-28,NOP,LAL,False,False,21.3,6,5,1,1,1,1,1,1,0,True
SYN0048,Synthetic Player 048,2024-25,2024-25_NOP_025,2024-11-30,NOP,MEM,True,False,15.7,8,3,1,0,1,1,1,1,1,True
SYN0048,Synthetic Player 048,2024-25,2024-25_NOP_026,2024-12-02,NOP,MIA,False,False,21.3,10,4,1,1,0,1,1,2,1,True
SYN0048,Synthetic Player 048,2024-25,2024-25_NOP_027,2024-12-03,NOP,MIL,True,False,11.0,4,2,1,0,0,1,1,1,0,True
SYN0048,Synthetic Player 048,2024-25,2024-25_NOP_028,2024-12-05,NOP,MIN,False,False,14.7,5,3,1,0,0,1,1,1,0,True
SYN0048,Synthetic Player 048,2024-25,2024-25_NOP_029,2024-12-07,NOP,NOP,True,False,16.9,9,3,1,1,0,1,1,1,0,True
SYN0048,Synthetic Player 048,2024-25,2024-25_NOP_030,2024-12-08,NOP,NYK,False,False,14.8,8,5,1,1,1,1,1,1,1,True
SYN0048,Synthetic Player 048,2024-25,2024-25_NOP_031,2024-12-10,NOP,OKC,True,False,21.7,7,4,1,1,0,1,1,1,0,True
SYN0048,Synthetic Player 048,2024-25,2024-25_NOP_032,2024-12-12,NOP,ORL,False,False,14.6,5,4,1,0,1,1,1,1,0,True
SYN0048,Synthetic Player 048,2024-25,2024-25_NOP_033,2024-12-14,NOP,PHI,True,False,15.5,5,3,1,0,0,1,1,1,0,True
SYN0048,Synthetic Player 048,2024-25,2024-25_NOP_034,2024-12-17,NOP,PHX,False,False,21.5,7,5,1,1,1,1,1,1,0,True
SYN0048,Synthetic Player 048,2024-25,2024-25_NOP_035,2024-12-18,NOP,POR,True,True,27.8,11,7,2,1,0,2,2,2,1,True
SYN0048,Synthetic Player 048,2024-25,2024-25_NOP_036,2024-12-21,NOP,SAC,False,False,19.8,8,4,2,0,1,1,1,1,0,True
SYN0048,Synthetic Player 048,2024-25,2024-25_NOP_037,2024-12-23,NOP,SAS,True,False,17.5,8,3,1,0,1,1,1,1,1,True
SYN0048,Synthetic Player 048,2024-25,2024-25_NOP_038,2024-12-25,NOP,TOR,False,False,14.1,5,3,1,0,0,1,1,1,0,True
SYN0048,Synthetic Player 048,2024-25,2024-25_NOP_039,2024-12-27,NOP,UTA,True,True,24.3,9,5,2,1,1,1,2,1,1,True
SYN0048,Synthetic Player 048,2024-25,2024-25_NOP_040,2024-12-30,NOP,WAS,False,False,18.6,5,4,1,1,0,1,1,1,0,True
SYN0048,Synthetic Player 048,2024-25,2024-25_NOP_041,2025-01-01,NOP,ATL,True,True,25.3,8,6,2,1,1,1,2,1,1,True
SYN0048,Synthetic Player 048,2024-25,2024-25_NOP_042,2025-01-03,NOP,BOS,False,False,20.1,7,4,1,1,1,1,1,1,0,True
SYN0048,Synthetic Player 048,2024-25,2024-25_NOP_043,2025-01-05,NOP,BKN,True,False,16.3,7,4,1,0,1,1,1,1,1,True
SYN0048,Synthetic Player 048,2024-25,2024-25_NOP_044,2025-01-07,NOP,CHA,False,False,22.2,8,4,1,0,1,1,2,1,1,True
SYN0048,Synthetic Player 048,2024-25,2024-25_NOP_045,2025-01-09,NOP,CHI,True,False,11.5,3,2,1,0,0,1,1,0,0,True
SYN0048,Synthetic Player 048,2024-25,2024-25_NOP_046,2025-01-11,NOP,CLE,False,True,24.7,6,4,2,1,1,1,2,1,0,True
SYN0048,Synthetic Player 048,2024-25,2024-25_NOP_047,2025-01-12,NOP,DAL,True,False,14.7,5,4,1,0,0,1,1,1,0,True
SYN0048,Synthetic Player 048,2024-25,2024-25_NOP_048,2025-01-14,NOP,DEN,False,False,21.9,9,4,2,1,1,1,1,1,1,True
SYN0048,Synthetic Player 048,2024-25,2024-25_NOP_049,2025-01-16,NOP,DET,True,False,15.3,6,4,1,1,1,1,1,1,0,True
SYN0048,Synthetic Player 048,2024-25,2024-25_NOP_053,2025-01-23,NOP,LAC,True,False,19.6,6,4,1,0,1,1,1,1,0,True
SYN0048,Synthetic Player 048,2024-25,2024-25_NOP_054,2025-01-25,NOP,LAL,False,False,18.0,6,3,1,0,1,1,1,1,0,True
SYN0048,Synthetic Player 048,2024-25,2024-25_NOP_055,2025-01-28,NOP,MEM,True,False,17.4,6,3,1,1,0,1,1,1,0,True
SYN0048,Synthetic Player 048,2024-25,2024-25_NOP_056,2025-01-30,NOP,MIA,False,False,18.1,9,3,1,0,1,1,1,2,1,True
SYN0048,Synthetic Player 048,2024-25,2024-25_NOP_062,2025-02-10,NOP,ORL,False,False,23.1,8,5,1,1,1,1,2,1,1,True
SYN0048,Synthetic Player 048,2024-25,2024-25_NOP_063,2025-02-13,NOP,PHI,True,False,13.0,6,2,1,0,0,1,1,1,0,True
SYN0048,Synthetic Player 048,2024-25,2024-25_NOP_064,2025-02-15,NOP,PHX,False,False,16.6,5,3,1,0,1,1,1,1,0,True
SYN0048,Synthetic Player 048,2024-25,2024-25_NOP_065,2025-02-17,NOP,POR,True,False,20.7,9,5,2,1,1,1,2,1,1,True
SYN0048,Synthetic Player 048,2024-25,2024-25_NOP_066,2025-02-18,NOP,SAC,False,False,16.8,8,5,1,0,1,1,1,1,1,True
SYN0048,Synthetic Player 048,2024-25,2024-25_NOP_067,2025-02-20,NOP,SAS,True,False,23.8,9,5,2,1,1,1,2,1,1,True
SYN0048,Synthetic Player 048,2024-25,2024-25_NOP_068,2025-02-21,NOP,TOR,False,False,21.0,8,4,2,1,1,1,2,1,0,True
SYN0048,Synthetic Player 048,2024-25,2024-25_NOP_069,2025-02-22,NOP,UTA,True,False,16.5,8,4,1,0,1,1,1,1,1,True
SYN0048,Synthetic Player 048,2024-25,2024-25_NOP_070,2025-02-23,NOP,WAS,False,False,15.3,4,3,1,0,0,1,1,1,0,True
SYN0048,Synthetic Player 048,2024-25,2024-25_NOP_071,2025-02-24,NOP,ATL,True,False,17.3,5,4,1,0,0,1,1,1,0,True
SYN0048,Synthetic Player 048,2024-25,2024-25_NOP_072,2025-02-26,NOP,BOS,False,False,15.5,5,2,1,1,0,1,1,1,0,True
SYN0048,Synthetic Player 048,2024-25,2024-25_NOP_073,2025-02-28,NOP,BKN,True,False,20.3,5,3,1,0,1,1,1,1,0,True
SYN0048,Synthetic Player 048,2024-25,2024-25_NOP_074,2025-03-02,NOP,CHA,False,False,12.3,4,2,1,0,0,1,1,1,0,True
SYN0048,Synthetic Player 048,2024-25,2024-25_NOP_075,2025-03-04,NOP,CHI,True,False,17.2,8,4,1,0,1,1,1,1,1,True
SYN0048,Synthetic Player 048,2024-25,2024-25_NOP_076,2025-03-05,NOP,CLE,False,False,15.6,6,3,2,1,0,1,1,1,0,True
SYN0048,Synthetic Player 048,2024-25,2024-25_NOP_078,2025-03-09,NOP,DEN,False,False,16.4,5,3,1,0,1,1,1,1,0,True
SYN0048,Synthetic Player 048,2024-25,2024-25_NOP_079,2025-03-11,NOP,DET,True,False,14.6,8,3,1,1,1,1,1,1,1,True
SYN0048,Synthetic Player 048,2024-25,2024-25_NOP_080,2025-03-14,NOP,GSW,False,False,13.3,6,3,1,0,0,1,1,1,0,True
SYN0048,Synthetic Player 048,2024-25,2024-25_NOP_081,2025-03-17,NOP,HOU,True,False,15.9,6,3,1,0,0,1,1,1,0,True
SYN0049,Synthetic Player 049,2024-25,2024-25_NYK_000,2024-10-22,NYK,OKC,False,True,25.3,12,7,1,0,1,2,2,1,0,True
SYN0049,Synthetic Player 049,2024-25,2024-25_NYK_001,2024-10-23,NYK,ORL,True,True,29.5,17,8,5,1,2,3,2,3,1,True
SYN0049,Synthetic Player 049,2024-25,2024-25_NYK_002,2024-10-25,NYK,PHI,False,False,19.5,9,4,3,0,1,1,2,1,0,True
SYN0049,Synthetic Player 049,2024-25,2024-25_NYK_003,2024-10-27,NYK,PHX,True,True,26.1,16,6,2,0,1,2,3,2,1,True
SYN0049,Synthetic Player 049,2024-25,2024-25_NYK_004,2024-10-28,NYK,POR,False,True,33.8,14,8,4,1,4,3,2,2,0,True
SYN0049,Synthetic Player 049,2024-25,2024-25_NYK_005,2024-10-30,NYK,SAC,True,False,21.1,13,5,3,0,1,1,2,2,0,True
SYN0049,Synthetic Player 049,2024-25,2024-25_NYK_006,2024-11-01,NYK,SAS,False,False,18.0,8,3,3,0,1,1,2,1,0,True
SYN0049,Synthetic Player 049,2024-25,2024-25_NYK_007,2024-11-04,NYK,TOR,True,True,29.6,6,7,3,1,1,1,3,1,0,True
SYN0049,Synthetic Player 049,2024-25,2024-25_NYK_008,2024-11-05,NYK,UTA,False,True,24.9,5,6,1,0,1,2,2,1,0,True
SYN0049,Synthetic Player 049,2024-25,2024-25_NYK_011,2024-11-12,NYK,BOS,True,True,27.6,7,10,3,0,1,1,3,1,0,True
SYN0049,Synthetic Player 049,2024-25,2024-25_NYK_012,2024-11-13,NYK,BKN,False,True,28.9,10,11,1,1,2,2,3,1,0,True
SYN0049,Synthetic Player 049,2024-25,2024-25_NYK_013,2024-11-15,NYK,CHA,True,True,28.5,16,8,3,1,1,1,2,2,0,True
SYN0049,Synthetic Player 049,2024-25,2024-25_NYK_014,2024-11-17,NYK,CHI,False,True,30.1,17,10,4,1,2,1,2,3,0,True
SYN0049,Synthetic Player 049,2024-25,2024-25_NYK_015,2024-11-19,NYK,CLE,True,True,25.6,13,6,4,1,2,1,2,3,1,True
SYN0049,Synthetic Player 049,2024-25,2024-25_NYK_016,2024-11-20,NYK,DAL,False,True,27.1,6,6,4,0,2,1,2,1,0,True
SYN0049,Synthetic Player 049,2024-25,2024-25_NYK_017,2024-11-22,NYK,DEN,True,True,36.4,20,8,4,1,2,2,3,4,1,True
SYN0049,Synthetic Player 049,2024-25,2024-25_NYK_018,2024-11-24,NYK,DET,False,True,24.8,16,9,3,1,2,1,1,3,1,True
SYN0049,Synthetic Player 049,2024-25,2024-25_NYK_020,2024-11-28,NYK,HOU,False,True,30.5,14,8,2,0,2,2,2,2,1,True
SYN0049,Synthetic Player 049,2024-25,2024-25_NYK_021,2024-11-29,NYK,IND,True,True,31.0,15,5,2,1,2,1,2,3,1,True
SYN0049,Synthetic Player 049,2024-25,2024-25_NYK_022,2024-12-01,NYK,LAC,False,True,28.7,23,8,1,1,1,2,2,3,1,True
SYN0049,Synthetic Player 049,2024-25,2024-25_NYK_023,2024-12-02,NYK,LAL,True,False,19.7,6,5,4,0,2,1,1,1,0,True
SYN0049,Synthetic Player 049,2024-25,2024-25_NYK_024,2024-12-04,NYK,MEM,False,True,31.4,5,8,2,0,1,2,2,1,0,True
SYN0049,Synthetic Player 049,2024-25,2024-25_NYK_025,2024-12-05,NYK,MIA,True,True,24.6,18,8,4,0,0,2,2,3,2,True
SYN0049,Synthetic Player 049,2024-25,2024-25_NYK_026,2024-12-07,NYK,MIL,False,True,28.5,6,6,1,0,1,2,3,1,0,True
SYN0049,Synthetic Player 049,2024-25,2024-25_NYK_027,2024-12-09,NYK,MIN,True,False,17.8,8,6,4,1,2,1,1,2,0,True
SYN0049,Synthetic Player 049,2024-25,2024-25_NYK_028,2024-12-10,NYK,NOP,False,True,28.3,17,5,1,1,1,2,3,4,0,True
SYN0049,Synthetic Player 049,2024-25,2024-25_NYK_029,2024-12-12,NYK,NYK,True,True,26.4,12,6,5,0,2,1,2,2,0,True
SYN0049,Synthetic Player 049,2024-25,2024-25_NYK_030,2024-12-14,NYK,OKC,False,True,26.1,11,7,1,1,2,1,2,2,0,True
SYN0049,Synthetic Player 049,2024-25,2024-25_NYK_031,2024-12-16,NYK,ORL,True,True,26.8,9,9,1,1,3,1,2,1,0,True
SYN0049,Synthetic Player 049,2024-25,2024-25_NYK_032,2024-12-18,NYK,PHI,False,True,27.6,7,7,3,0,2,1,2,1,0,True
SYN0049,Synthetic Player 049,2024-25,2024-25_NYK_033,2024-12-20,NYK,PHX,True,True,33.2,12,8,4,1,2,2,3,2,0,True
SYN0049,Synthetic Player 049,2024-25,2024-25_NYK_034,2024-12-22,NYK,POR,False,True,25.8,11,5,4,1,1,1,2,1,0,True
SYN0049,Synthetic Player 049,2024-25,2024-25_NYK_035,2024-12-23,NYK,SAC,True,True,30.7,15,7,3,1,1,1,3,3,0,True
SYN0049,Synthetic Player 049,2024-25,2024-25_NYK_036,2024-12-25,NYK,SAS,False,True,28.6,20,6,2,1,1,1,2,4,0,True
SYN0049,Synthetic Player 049,2024-25,2024-25_NYK_037,2024-12-27,NYK,TOR,True,True,29.6,9,9,3,1,1,2,3,1,0,True
SYN0049,Synthetic Player 049,2024-25,2024-25_NYK_038,2024-12-28,NYK,UTA,False,False,21.6,13,5,3,1,2,1,2,2,1,True
SYN0049,Synthetic Player 049,2024-25,2024-25_NYK_039,2024-12-29,NYK,WAS,True,True,31.1,14,7,4,1,2,2,3,2,1,True
SYN0049,Synthetic Player 049,2024-25,2024-25_NYK_040,2024-12-31,NYK,ATL,False,True,24.9,11,11,5,0,1,2,2,1,0,True
SYN0049,Synthetic Player 049,2024-25,2024-25_NYK_041,2025-01-01,NYK,BOS,True,True,31.8,19,13,2,1,1,1,1,3,1,True
SYN0049,Synthetic Player 049,2024-25,2024-25_NYK_042,2025-01-04,NYK,BKN,False,True,37.7,14,12,3,1,1,2,3,2,0,True
SYN0049,Synthetic Player 049,2024-25,2024-25_NYK_043,2025-01-06,NYK,CHA,True,True,27.8,17,5,3,1,2,1,2,5,1,True
SYN0049,Synthetic Player 049,2024-25,2024-25_NYK_044,2025-01-08,NYK,CHI,False,True,28.6,8,12,3,1,2,2,2,2,0,True
SYN0049,Synthetic Player 049,2024-25,2024-25_NYK_045,2025-01-09,NYK,CLE,True,True,30.9,10,5,3,0,1,3,3,1,0,True
SYN0049,Synthetic Player 049,2024-25,2024-25_NYK_046,2025-01-12,NYK,DAL,False,True,25.5,14,5,1,1,1,2,2,1,0,True
SYN0049,Synthetic Player 049,2024-25,2024-25_NYK_047,2025-01-13,NYK,DEN,True,True,31.9,20,10,2,1,2,2,3,3,0,True
SYN0049,Synthetic Player 049,2024-25,2024-25_NYK_048,2025-01-14,NYK,DET,False,True,30.4,8,7,3,1,1,2,3,1,0,True
SYN0049,Synthetic Player 049,2024-25,2024-25_NYK_049,2025-01-17,NYK,GSW,True,True,31.1,12,7,5,0,2,1,2,2,0,True
SYN0049,Synthetic Player 049,2024-25,2024-25_NYK_050,2025-01-20,NYK,HOU,False,True,26.7,16,6,4,1,1,2,2,2,1,True
SYN0049,Synthetic Player 049,2024-25,2024-25_NYK_051,2025-01-22,NYK,IND,True,False,21.3,15,11,3,0,1,1,2,2,0,True
SYN0049,Synthetic Player 049,2024-25,2024-25_NYK_052,2025-01-23,NYK,LAC,False,True,25.7,11,3,6,1,2,2,1,1,0,True
SYN0049,Synthetic Player 049,2024-25,2024-25_NYK_059,2025-02-07,NYK,NYK,True,True,25.4,6,10,3,0,1,2,2,1,0,True
SYN0049,Synthetic Player 049,2024-25,2024-25_NYK_060,2025-02-10,NYK,OKC,False,True,31.7,17,12,4,0,1,2,3,3,0,True
SYN0049,Synthetic Player 049,2024-25,2024-25_NYK_061,2025-02-12,NYK,ORL,True,False,23.5,8,11,3,0,0,1,1,2,0,True
SYN0049,Synthetic Player 049,2024-25,2024-25_NYK_062,2025-02-14,NYK,PHI,False,True,26.7,22,8,2,1,1,1,2,4,0,True
SYN0049,Synthetic Player 049,2024-25,2024-25_NYK_063,2025-02-16,NYK,PHX,True,True,34.6,14,5,5,0,1,2,2,3,0,True
SYN0049,Synthetic Player 049,2024-25,2024-25_NYK_064,2025-02-18,NYK,POR,False,True,31.1,28,10,2,1,1,2,3,4,0,True
SYN0049,Synthetic Player 049,2024-25,2024-25_NYK_065,2025-02-20,NYK,SAC,True,True,25.6,15,4,2,0,1,2,2,3,0,True
SYN0049,Synthetic Player 049,2024-25,2024-25_NYK_066,2025-02-22,NYK,SAS,False,True,28.6,8,6,4,1,1,2,2,2,0,True
SYN0049,Synthetic Player 049,2024-25,2024-25_NYK_067,2025-02-24,NYK,TOR,True,False,22.0,13,4,2,0,1,1,1,2,0,True
SYN0049,Synthetic Player 049,2024-25,2024-25_NYK_068,2025-02-26,NYK,UTA,False,True,31.0,17,5,3,0,1,2,2,1,0,True
SYN0049,Synthetic Player 049,2024-25,2024-25_NYK_069,2025-02-27,NYK,WAS,True,True,29.7,16,9,3,1,0,2,3,2,1,True
SYN0049,Synthetic Player 049,2024-25,2024-25_NYK_070,2025-03-02,NYK,ATL,False,True,29.6,21,4,2,1,0,1,2,4,0,True
SYN0049,Synthetic Player 049,2024-25,2024-25_NYK_072,2025-03-05,NYK,BKN,False,True,29.9,19,7,1,1,2,1,2,2,1,True
SYN0049,Synthetic Player 049,2024-25,2024-25_NYK_073,2025-03-06,NYK,CHA,True,False,22.4,15,8,3,1,1,2,2,2,1,True
SYN0049,Synthetic Player 049,2024-25,2024-25_NYK_074,2025-03-07,NYK,CHI,False,False,22.2,10,4,2,1,1,1,2,1,0,True
SYN0049,Synthetic Player 049,2024-25,2024-25_NYK_076,2025-03-11,NYK,DAL,False,True,24.3,11,6,2,0,1,2,2,2,0,True
SYN0049,Synthetic Player 049,2024-25,2024-25_NYK_077,2025-03-12,NYK,DEN,True,False,22.4,6,8,2,0,1,1,2,0,0,True
SYN0049,Synthetic Player 049,2024-25,2024-25_NYK_078,2025-03-14,NYK,DET,False,True,26.0,14,4,3,1,1,2,2,2,1,True
SYN0049,Synthetic Player 049,2024-25,2024-25_NYK_079,2025-03-15,NYK,GSW,True,False,23.2,17,5,3,1,1,2,2,3,0,True
SYN0049,Synthetic Player 049,2024-25,2024-25_NYK_080,2025-03-17,NYK,HOU,False,True,24.7,7,6,3,1,1,1,2,1,0,True
SYN0049,Synthetic Player 049,2024-25,2024-25_NYK_081,2025-03-18,NYK,IND,True,True,27.6,6,8,3,1,1,2,2,1,0,True
SYN0050,Synthetic Player 050,2024-25,2024-25_OKC_000,2024-10-23,OKC,ORL,False,True,31.0,9,4,5,1,1,1,2,2,0,True
SYN0050,Synthetic Player 050,2024-25,2024-25_OKC_001,2024-10-26,OKC,PHI,True,True,24.8,12,2,4,1,0,2,1,1,1,True
SYN0050,Synthetic Player 050,2024-25,2024-25_OKC_002,2024-10-28,OKC,PHX,False,True,30.6,7,4,4,1,0,3,2,1,1,True
SYN0050,Synthetic Player 050,2024-25,2024-25_OKC_003,2024-10-30,OKC,POR,True,True,37.6,13,7,6,2,0,3,2,2,1,True
SYN0050,Synthetic Player 050,2024-25,2024-25_OKC_004,2024-11-01,OKC,SAC,False,True,32.0,9,3,10,1,0,2,2,1,1,True
SYN0050,Synthetic Player 050,2024-25,2024-25_OKC_005,2024-11-03,OKC,SAS,True,False,17.8,11,2,4,1,0,2,1,2,1,True
SYN0050,Synthetic Player 050,2024-25,2024-25_OKC_006,2024-11-05,OKC,TOR,False,True,28.8,15,4,4,1,0,3,1,3,2,True
SYN0050,Synthetic Player 050,2024-25,2024-25_OKC_007,2024-11-07,OKC,UTA,True,True,24.2,8,2,3,1,0,2,1,1,1,True
SYN0050,Synthetic Player 050,2024-25,2024-25_OKC_008,2024-11-09,OKC,WAS,False,True,32.2,8,4,6,1,0,3,2,1,1,True
SYN0050,Synthetic Player 050,2024-25,2024-25_OKC_010,2024-11-12,OKC,BOS,False,True,29.2,6,2,5,1,0,3,2,1,0,True
SYN0050,Synthetic Player 050,2024-25,2024-25_OKC_011,2024-11-13,OKC,BKN,True,True,25.7,10,3,3,1,0,2,2,1,1,True
SYN0050,Synthetic Player 050,2024-25,2024-25_OKC_012,2024-11-15,OKC,CHA,False,True,24.2,8,3,3,2,0,2,1,2,1,True
SYN0050,Synthetic Player 050,2024-25,2024-25_OKC_013,2024-11-17,OKC,CHI,True,True,32.9,12,6,4,2,0,3,2,2,1,True
SYN0050,Synthetic Player 050,2024-25,2024-25_OKC_014,2024-11-20,OKC,CLE,False,True,29.7,11,3,3,2,0,2,2,2,1,True
SYN0050,Synthetic Player 050,2024-25,2024-25_OKC_015,2024-11-21,OKC,DAL,True,True,26.7,9,3,3,1,0,2,2,2,2,True
SYN0050,Synthetic Player 050,2024-25,2024-25_OKC_016,2024-11-23,OKC,DEN,False,True,29.8,8,4,3,2,0,2,1,1,1,True
SYN0050,Synthetic Player 050,2024-25,2024-25_OKC_017,2024-11-24,OKC,DET,True,True,24.8,12,3,4,1,0,2,1,2,1,True
SYN0050,Synthetic Player 050,2024-25,2024-25_OKC_018,2024-11-26,OKC,GSW,False,True,24.5,7,3,3,1,0,2,2,2,0,True
SYN0050,Synthetic Player 050,2024-25,2024-25_OKC_019,2024-11-28,OKC,HOU,True,False,23.6,16,2,5,1,0,2,1,3,2,True
SYN0050,Synthetic Player 050,2024-25,2024-25_OKC_020,2024-11-30,OKC,IND,False,False,23.4,5,3,2,1,0,2,2,1,1,True
SYN0050,Synthetic Player 050,2024-25,2024-25_OKC_021,2024-12-02,OKC,LAC,True,True,28.4,13,4,4,1,0,2,2,2,1,True
SYN0050,Synthetic Player 050,2024-25,2024-25_OKC_022,2024-12-03,OKC,LAL,False,True,33.5,10,4,5,2,0,3,2,1,1,True
SYN0050,Synthetic Player 050,2024-25,2024-25_OKC_023,2024-12-05,OKC,MEM,True,True,32.7,13,4,5,1,0,2,2,1,1,True
SYN0050,Synthetic Player 050,2024-25,2024-25_OKC_024,2024-12-07,OKC,MIA,False,True,29.6,11,3,3,1,0,2,2,2,1,True
SYN0050,Synthetic Player 050,2024-25,2024-25_OKC_025,2024-12-09,OKC,MIL,True,True,24.3,7,4,4,1,0,2,1,2,1,True
SYN0050,Synthetic Player 050,2024-25,2024-25_OKC_026,2024-12-11,OKC,MIN,False,True,26.1,6,3,4,1,0,2,2,1,1,True
SYN0050,Synthetic Player 050,2024-25,2024-25_OKC_027,2024-12-12,OKC,NOP,True,True,33.7,8,4,4,2,0,1,2,1,1,True
SYN0050,Synthetic Player 050,2024-25,2024-25_OKC_028,2024-12-13,OKC,NYK,False,True,29.9,8,3,4,1,0,2,1,1,1,True
SYN0050,Synthetic Player 050,2024-25,2024-25_OKC_029,2024-12-15,OKC,OKC,True,True,27.6,17,3,4,1,0,2,1,2,1,True
SYN0050,Synthetic Player 050,2024-25,2024-25_OKC_030,2024-12-16,OKC,ORL,False,True,26.1,16,4,6,1,0,1,2,2,1,True
SYN0050,Synthetic Player 050,2024-25,2024-25_OKC_031,2024-12-19,OKC,PHI,True,True,26.1,14,2,5,1,0,1,2,2,2,True
SYN0050,Synthetic Player 050,2024-25,2024-25_OKC_032,2024-12-20,OKC,PHX,False,False,22.5,7,3,3,1,0,1,2,1,1,True
SYN0050,Synthetic Player 050,2024-25,2024-25_OKC_033,2024-12-23,OKC,POR,True,True,25.2,14,2,4,1,0,2,1,2,1,True
SYN0050,Synthetic Player 050,2024-25,2024-25_OKC_034,2024-12-24,OKC,SAC,False,True,27.6,8,2,8,1,0,2,2,1,1,True
SYN0050,Synthetic Player 050,2024-25,2024-25_OKC_035,2024-12-25,OKC,SAS,True,True,29.0,9,3,2,1,0,3,2,2,1,True
SYN0050,Synthetic Player 050,2024-25,2024-25_OKC_036,2024-12-28,OKC,TOR,False,True,26.0,14,2,5,1,0,3,2,2,2,True
SYN0050,Synthetic Player 050,2024-25,2024-25_OKC_037,2024-12-29,OKC,UTA,True,True,26.5,4,3,2,2,0,2,2,0,0,True
SYN0050,Synthetic Player 050,2024-25,2024-25_OKC_038,2024-12-31,OKC,WAS,False,False,19.5,8,2,2,1,0,1,1,2,1,True
SYN0050,Synthetic Player 050,2024-25,2024-25_OKC_039,2025-01-03,OKC,ATL,True,False,18.6,6,2,3,1,0,1,1,0,1,True
SYN0050,Synthetic Player 050,2024-25,2024-25_OKC_040,2025-01-05,OKC,BOS,False,False,20.3,7,2,3,1,0,2,1,1,0,True
SYN0050,Synthetic Player 050,2024-25,2024-25_OKC_041,2025-01-06,OKC,BKN,True,True,27.1,13,3,4,1,0,2,2,2,2,True
SYN0050,Synthetic Player 050,2024-25,2024-25_OKC_042,2025-01-08,OKC,CHA,False,False,21.7,6,3,3,1,0,2,1,1,1,True
SYN0050,Synthetic Player 050,2024-25,2024-25_OKC_043,2025-01-10,OKC,CHI,True,False,20.4,4,3,3,1,0,2,1,1,0,True
SYN0050,Synthetic Player 050,2024-25,2024-25_OKC_044,2025-01-13,OKC,CLE,False,True,32.2,8,4,5,1,0,3,2,1,1,True
SYN0050,Synthetic Player 050,2024-25,2024-25_OKC_045,2025-01-15,OKC,DAL,True,True,24.7,13,3,5,1,0,2,1,2,1,True
SYN0050,Synthetic Player 050,2024-25,2024-25_OKC_046,2025-01-17,OKC,DEN,False,True,31.2,6,4,4,2,0,2,2,1,0,True
SYN0050,Synthetic Player 050,2024-25,2024-25_OKC_047,2025-01-19,OKC,DET,True,True,27.5,9,3,4,1,0,2,2,2,1,True
SYN0050,Synthetic Player 050,2024-25,2024-25_OKC_048,2025-01-20,OKC,GSW,False,True,29.8,7,4,2,2,0,3,2,1,1,True
SYN0050,Synthetic Player 050,2024-25,2024-25_OKC_049,2025-01-23,OKC,HOU,True,True,26.3,13,3,4,1,0,1,2,3,2,True
SYN0050,Synthetic Player 050,2024-25,2024-25_OKC_050,2025-01-24,OKC,IND,False,True,29.9,10,3,4,1,0,1,1,2,1,True
SYN0050,Synthetic Player 050,2024-25,2024-25_OKC_051,2025-01-25,OKC,LAC,True,True,29.4,5,3,7,1,0,2,2,1,1,True
SYN0050,Synthetic Player 050,2024-25,2024-25_OKC_052,2025-01-27,OKC,LAL,False,True,33.5,13,2,6,2,0,2,2,2,2,True
SYN0050,Synthetic Player 050,2024-25,2024-25_OKC_053,2025-01-30,OKC,MEM,True,True,26.7,12,3,4,1,0,2,2,3,2,True
SYN0050,Synthetic Player 050,2024-25,2024-25_OKC_054,2025-02-01,OKC,MIA,False,False,23.3,16,4,3,1,0,1,1,2,2,True
SYN0050,Synthetic Player 050,2024-25,2024-25_OKC_055,2025-02-02,OKC,MIL,True,True,26.9,7,4,4,1,0,2,2,1,1,True
SYN0050,Synthetic Player 050,2024-25,2024-25_OKC_056,2025-02-05,OKC,MIN,False,True,36.1,21,5,5,3,0,3,2,3,3,True
SYN0050,Synthetic Player 050,2024-25,2024-25_OKC_057,2025-02-07,OKC,NOP,True,True,26.0,3,3,2,1,0,3,2,0,0,True
SYN0050,Synthetic Player 050,2024-25,2024-25_OKC_058,2025-02-09,OKC,NYK,False,True,26.2,8,3,4,1,0,2,1,1,1,True
SYN0050,Synthetic Player 050,2024-25,2024-25_OKC_059,2025-02-11,OKC,OKC,True,True,25.1,4,5,4,1,0,2,2,1,0,True
SYN0050,Synthetic Player 050,2024-25,2024-25_OKC_060,2025-02-12,OKC,ORL,False,True,36.0,6,6,5,2,0,1,2,1,1,True
SYN0050,Synthetic Player 050,2024-25,2024-25_OKC_061,2025-02-13,OKC,PHI,True,True,30.5,14,4,3,1,0,2,2,2,2,True
SYN0050,Synthetic Player 050,2024-25,2024-25_OKC_062,2025-02-15,OKC,PHX,False,True,27.7,14,4,3,1,0,2,1,2,1,True
SYN0050,Synthetic Player 050,2024-25,2024-25_OKC_063,2025-02-17,OKC,POR,True,False,22.3,9,2,3,1,0,1,1,2,1,True
SYN0050,Synthetic Player 050,2024-25,2024-25_OKC_064,2025-02-18,OKC,SAC,False,True,33.9,13,2,4,1,0,2,2,2,1,True
SYN0050,Synthetic Player 050,2024-25,2024-25_OKC_065,2025-02-20,OKC,SAS,True,False,21.3,9,3,3,1,0,2,1,1,1,True
SYN0050,Synthetic Player 050,2024-25,2024-25_OKC_066,2025-02-22,OKC,TOR,False,False,20.8,9,2,5,2,0,2,1,1,1,True
SYN0050,Synthetic Player 050,2024-25,2024-25_OKC_067,2025-02-24,OKC,UTA,True,True,27.3,12,3,3,1,0,2,1,2,2,True
SYN0050,Synthetic Player 050,2024-25,2024-25_OKC_068,2025-02-26,OKC,WAS,False,True,29.6,7,3,5,1,0,3,1,1,1,True
SYN0050,Synthetic Player 050,2024-25,2024-25_OKC_069,2025-02-28,OKC,ATL,True,True,25.5,11,2,2,1,0,1,1,2,1,True
SYN0050,Synthetic Player 050,2024-25,2024-25_OKC_070,2025-03-03,OKC,BOS,False,False,23.6,9,2,5,1,0,1,1,1,1,True
SYN0050,Synthetic Player 050,2024-25,2024-25_OKC_071,2025-03-05,OKC,BKN,True,True,32.5,18,4,5,3,0,3,1,2,1,True
SYN0050,Synthetic Player 050,2024-25,2024-25_OKC_072,2025-03-07,OKC,CHA,False,True,34.3,22,7,7,1,0,4,2,4,3,True
SYN0050,Synthetic Player 050,2024-25,2024-25_OKC_073,2025-03-09,OKC,CHI,True,False,17.5,6,2,2,0,0,1,1,1,1,True
SYN0050,Synthetic Player 050,2024-25,2024-25_OKC_074,2025-03-10,OKC,CLE,False,True,29.6,14,4,6,1,0,2,2,3,2,True
SYN0050,Synthetic Player 050,2024-25,2024-25_OKC_075,2025-03-12,OKC,DAL,True,True,25.5,6,4,3,1,0,2,1,1,1,True
SYN0050,Synthetic Player 050,2024-25,2024-25_OKC_076,2025-03-14,OKC,DEN,False,False,21.9,12,3,1,1,0,2,1,3,1,True
SYN0050,Synthetic Player 050,2024-25,2024-25_OKC_077,2025-03-16,OKC,DET,True,False,19.6,7,3,2,1,0,1,1,1,0,True
SYN0050,Synthetic Player 050,2024-25,2024-25_OKC_078,2025-03-17,OKC,GSW,False,True,28.3,5,3,7,1,0,2,1,1,0,True
SYN0050,Synthetic Player 050,2024-25,2024-25_OKC_079,2025-03-19,OKC,HOU,True,False,19.6,6,3,4,1,0,2,1,1,1,True
SYN0050,Synthetic Player 050,2024-25,2024-25_OKC_080,2025-03-21,OKC,IND,False,False,21.9,13,2,4,1,0,2,1,2,1,True
SYN0050,Synthetic Player 050,2024-25,2024-25_OKC_081,2025-03-22,OKC,LAC,True,False,23.9,7,4,4,1,0,1,1,1,1,True
SYN0051,Synthetic Player 051,2024-25,2024-25_ORL_000,2024-10-21,ORL,PHI,False,False,8.7,7,1,1,0,0,0,1,1,1,True
SYN0051,Synthetic Player 051,2024-25,2024-25_ORL_001,2024-10-23,ORL,PHX,True,False,19.5,8,3,1,0,0,2,1,1,1,True
SYN0051,Synthetic Player 051,2024-25,2024-25_ORL_002,2024-10-24,ORL,POR,False,False,15.3,7,1,2,0,0,1,1,1,1,True
SYN0051,Synthetic Player 051,2024-25,2024-25_ORL_003,2024-10-26,ORL,SAC,True,False,11.2,4,1,1,0,0,1,1,1,1,True
SYN0051,Synthetic Player 051,2024-25,2024-25_ORL_004,2024-10-27,ORL,SAS,False,False,12.9,3,2,1,1,0,1,1,1,0,True
SYN0051,Synthetic Player 051,2024-25,2024-25_ORL_006,2024-10-31,ORL,UTA,False,False,10.2,4,1,1,0,0,1,1,0,1,True
SYN0051,Synthetic Player 051,2024-25,2024-25_ORL_007,2024-11-02,ORL,WAS,True,False,16.5,13,2,1,0,0,1,1,3,1,True
SYN0051,Synthetic Player 051,2024-25,2024-25_ORL_008,2024-11-04,ORL,ATL,False,False,10.1,5,1,1,0,0,1,1,1,1,True
SYN0051,Synthetic Player 051,2024-25,2024-25_ORL_009,2024-11-05,ORL,BOS,True,False,11.3,4,1,1,0,0,1,1,1,0,True
SYN0051,Synthetic Player 051,2024-25,2024-25_ORL_010,2024-11-06,ORL,BKN,False,False,7.8,1,0,1,0,0,0,0,0,0,True
SYN0051,Synthetic Player 051,2024-25,2024-25_ORL_011,2024-11-09,ORL,CHA,True,False,17.3,5,2,2,1,0,1,1,1,1,True
SYN0051,Synthetic Player 051,2024-25,2024-25_ORL_012,2024-11-11,ORL,CHI,False,False,6.7,4,1,1,0,0,1,0,1,1,True
SYN0051,Synthetic Player 051,2024-25,2024-25_ORL_013,2024-11-13,ORL,CLE,True,False,23.1,13,4,2,0,0,1,2,1,1,True
SYN0051,Synthetic Player 051,2024-25,2024-25_ORL_014,2024-11-15,ORL,DAL,False,False,11.6,6,1,1,0,0,1,1,1,2,True
SYN0051,Synthetic Player 051,2024-25,2024-25_ORL_015,2024-11-18,ORL,DEN,True,False,13.7,7,2,1,1,0,1,1,1,1,True
SYN0051,Synthetic Player 051,2024-25,2024-25_ORL_016,2024-11-20,ORL,DET,False,False,16.5,5,1,2,0,0,1,1,1,1,True
SYN0051,Synthetic Player 051,2024-25,2024-25_ORL_017,2024-11-23,ORL,GSW,True,False,11.1,8,1,1,0,0,1,1,1,1,True
SYN0051,Synthetic Player 051,2024-25,2024-25_ORL_018,2024-11-25,ORL,HOU,False,False,8.6,3,1,1,0,0,1,0,0,0,True
SYN0051,Synthetic Player 051,2024-25,2024-25_ORL_019,2024-11-26,ORL,IND,True,False,19.2,14,3,2,0,0,1,1,1,2,True
SYN0051,Synthetic Player 051,2024-25,2024-25_ORL_020,2024-11-28,ORL,LAC,False,False,16.9,10,4,2,0,0,1,1,2,1,True
SYN0051,Synthetic Player 051,2024-25,2024-25_ORL_021,2024-11-29,ORL,LAL,True,False,5.1,2,0,0,0,0,0,0,0,0,True
SYN0051,Synthetic Player 051,2024-25,2024-25_ORL_022,2024-12-01,ORL,MEM,False,False,9.4,3,2,1,0,0,1,0,0,1,True
SYN0051,Synthetic Player 051,2024-25,2024-25_ORL_023,2024-12-02,ORL,MIA,True,False,10.4,4,1,1,0,0,1,1,1,1,True
SYN0051,Synthetic Player 051,2024-25,2024-25_ORL_024,2024-12-04,ORL,MIL,False,False,8.0,2,2,1,0,0,1,0,0,0,True
SYN0051,Synthetic Player 051,2024-25,2024-25_ORL_025,2024-12-05,ORL,MIN,True,False,22.9,6,3,3,0,0,1,2,1,0,True
SYN0051,Synthetic Player 051,2024-25,2024-25_ORL_026,2024-12-08,ORL,NOP,False,False,15.1,12,3,1,1,0,1,1,3,3,True
SYN0051,Synthetic Player 051,2024-25,2024-25_ORL_027,2024-12-09,ORL,NYK,True,False,12.9,7,2,1,0,0,1,1,1,1,True
SYN0051,Synthetic Player 051,2024-25,2024-25_ORL_028,2024-12-11,ORL,OKC,False,False,10.9,5,1,1,0,0,1,1,1,1,True
SYN0051,Synthetic Player 051,2024-25,2024-25_ORL_029,2024-12-13,ORL,ORL,True,False,17.3,7,3,2,1,0,1,1,1,1,True
SYN0051,Synthetic Player 051,2024-25,2024-25_ORL_030,2024-12-14,ORL,PHI,False,False,14.2,8,2,1,1,0,0,1,1,1,True
SYN0051,Synthetic Player 051,2024-25,2024-25_ORL_031,2024-12-16,ORL,PHX,True,False,22.6,16,3,2,0,0,1,2,2,2,True
SYN0051,Synthetic Player 051,2024-25,2024-25_ORL_032,2024-12-18,ORL,POR,False,False,15.3,17,2,1,0,0,1,1,3,2,True
SYN0051,Synthetic Player 051,2024-25,2024-25_ORL_033,2024-12-19,ORL,SAC,True,False,13.5,6,1,2,1,0,1,1,1,1,True
SYN0051,Synthetic Player 051,2024-25,2024-25_ORL_034,2024-12-21,ORL,SAS,False,False,15.1,7,2,2,0,0,1,1,1,2,True
SYN0051,Synthetic Player 051,2024-25,2024-25_ORL_035,2024-12-23,ORL,TOR,True,False,16.1,9,2,2,0,0,1,1,2,1,True
SYN0051,Synthetic Player 051,2024-25,2024-25_ORL_036,2024-12-25,ORL,UTA,False,False,14.2,12,1,2,0,0,1,1,2,1,True
SYN0051,Synthetic Player 051,2024-25,2024-25_ORL_037,2024-12-27,ORL,WAS,True,False,16.7,6,2,2,0,0,1,1,1,1,True
SYN0051,Synthetic Player 051,2024-25,2024-25_ORL_038,2024-12-28,ORL,ATL,False,False,12.6,6,1,1,0,0,1,1,1,1,True
SYN0051,Synthetic Player 051,2024-25,2024-25_ORL_039,2024-12-30,ORL,BOS,True,False,13.6,10,1,1,1,0,1,1,1,0,True
SYN0051,Synthetic Player 051,2024-25,2024-25_ORL_040,2025-01-01,ORL,BKN,False,False,9.7,4,1,1,0,0,1,1,0,1,True
SYN0051,Synthetic Player 051,2024-25,2024-25_ORL_041,2025-01-03,ORL,CHA,True,False,18.2,9,3,2,1,0,1,1,2,1,True
SYN0051,Synthetic Player 051,2024-25,2024-25_ORL_042,2025-01-05,ORL,CHI,False,False,16.7,7,3,1,0,0,1,1,1,1,True
SYN0051,Synthetic Player 051,2024-25,2024-25_ORL_046,2025-01-17,ORL,DET,False,False,10.5,7,2,1,0,0,0,1,0,2,True
SYN0051,Synthetic Player 051,2024-25,2024-25_ORL_047,2025-01-18,ORL,GSW,True,False,14.6,4,2,1,0,0,1,1,1,0,True
SYN0051,Synthetic Player 051,2024-25,2024-25_ORL_048,2025-01-19,ORL,HOU,False,False,6.5,4,1,0,0,0,0,0,0,0,True
SYN0051,Synthetic Player 051,2024-25,2024-25_ORL_049,2025-01-21,ORL,IND,True,False,7.3,3,1,0,0,0,0,1,1,1,True
SYN0051,Synthetic Player 051,2024-25,2024-25_ORL_050,2025-01-22,ORL,LAC,False,False,14.1,5,2,1,0,0,1,1,0,1,True
SYN0051,Synthetic Player 051,2024-25,2024-25_ORL_051,2025-01-24,ORL,LAL,True,False,8.3,6,1,1,0,0,0,0,1,1,True
SYN0051,Synthetic Player 051,2024-25,2024-25_ORL_052,2025-01-26,ORL,MEM,False,False,17.8,9,3,2,1,0,1,1,2,1,True
SYN0051,Synthetic Player 051,2024-25,2024-25_ORL_053,2025-01-27,ORL,MIA,True,False,16.9,12,2,1,0,0,1,1,2,1,True
SYN0051,Synthetic Player 051,2024-25,2024-25_ORL_054,2025-01-28,ORL,MIL,False,False,11.5,4,2,1,0,0,1,1,1,1,True
SYN0051,Synthetic Player 051,2024-25,2024-25_ORL_055,2025-01-30,ORL,MIN,True,False,9.9,3,1,1,0,0,1,1,1,0,True
SYN0051,Synthetic Player 051,2024-25,2024-25_ORL_056,2025-01-31,ORL,NOP,False,False,12.4,5,2,1,0,0,1,1,1,1,True
SYN0051,Synthetic Player 051,2024-25,2024-25_ORL_057,2025-02-02,ORL,NYK,True,False,15.3,13,3,2,1,0,1,1,3,2,True
SYN0051,Synthetic Player 051,2024-25,2024-25_ORL_065,2025-02-19,ORL,TOR,True,False,23.1,17,3,2,1,0,2,1,2,2,True
SYN0051,Synthetic Player 051,2024-25,2024-25_ORL_066,2025-02-21,ORL,UTA,False,False,15.8,5,1,2,1,0,1,1,1,0,True
SYN0051,Synthetic Player 051,2024-25,2024-25_ORL_067,2025-02-23,ORL,WAS,True,False,6.9,5,1,1,0,0,0,0,1,0,True
SYN0051,Synthetic Player 051,2024-25,2024-25_ORL_068,2025-02-25,ORL,ATL,False,False,19.7,5,3,2,1,0,1,1,2,1,True
SYN0051,Synthetic Player 051,2024-25,2024-25_ORL_069,2025-02-27,ORL,BOS,True,False,5.8,3,1,1,0,0,0,1,1,0,True
SYN0051,Synthetic Player 051,2024-25,2024-25_ORL_070,2025-03-01,ORL,BKN,False,False,12.6,3,2,1,0,0,1,1,0,0,True
SYN0051,Synthetic Player 051,2024-25,2024-25_ORL_077,2025-03-14,ORL,GSW,True,False,19.4,12,2,1,0,0,1,2,2,1,True
SYN0051,Synthetic Player 051,2024-25,2024-25_ORL_078,2025-03-15,ORL,HOU,False,False,17.4,16,2,2,1,0,1,1,3,2,True
SYN0051,Synthetic Player 051,2024-25,2024-25_ORL_079,2025-03-16,ORL,IND,True,False,7.3,2,1,1,0,0,0,0,0,0,True
SYN0051,Synthetic Player 051,2024-25,2024-25_ORL_080,2025-03-18,ORL,LAC,False,False,9.9,6,1,2,0,0,0,1,1,0,True
SYN0051,Synthetic Player 051,2024-25,2024-25_ORL_081,2025-03-20,ORL,LAL,True,False,21.3,6,2,1,0,0,1,1,1,1,True
SYN0052,Synthetic Player 052,2024-25,2024-25_PHI_000,2024-10-22,PHI,PHX,False,False,20.1,23,2,4,1,0,1,1,3,4,True
SYN0052,Synthetic Player 052,2024-25,2024-25_PHI_001,2024-10-24,PHI,POR,True,False,17.5,19,4,1,1,0,1,1,4,2,True
SYN0052,Synthetic Player 052,2024-25,2024-25_PHI_002,2024-10-26,PHI,SAC,False,False,21.6,22,5,4,0,0,2,1,1,2,True
SYN0052,Synthetic Player 052,2024-25,2024-25_PHI_003,2024-10-28,PHI,SAS,True,False,19.1,8,6,3,1,0,1,1,2,1,True
SYN0052,Synthetic Player 052,2024-25,2024-25_PHI_004,2024-10-30,PHI,TOR,False,False,18.2,17,3,2,0,0,1,1,3,3,True
SYN0052,Synthetic Player 052,2024-25,2024-25_PHI_005,2024-11-01,PHI,UTA,True,False,23.1,28,9,5,1,1,1,2,4,6,True
SYN0052,Synthetic Player 052,2024-25,2024-25_PHI_006,2024-11-03,PHI,WAS,False,True,24.2,11,4,6,0,0,2,2,1,1,True
SYN0052,Synthetic Player 052,2024-25,2024-25_PHI_007,2024-11-06,PHI,ATL,True,False,16.8,8,3,3,0,0,1,1,2,1,True
SYN0052,Synthetic Player 052,2024-25,2024-25_PHI_008,2024-11-08,PHI,BOS,False,False,21.7,18,5,3,1,0,2,1,1,2,True
SYN0052,Synthetic Player 052,2024-25,2024-25_PHI_009,2024-11-10,PHI,BKN,True,False,21.0,13,3,5,1,0,1,1,1,2,True
SYN0052,Synthetic Player 052,2024-25,2024-25_PHI_010,2024-11-11,PHI,CHA,False,False,21.9,14,5,2,1,0,1,1,2,1,True
SYN0052,Synthetic Player 052,2024-25,2024-25_PHI_011,2024-11-14,PHI,CHI,True,True,29.3,23,7,4,2,1,3,2,3,3,True
SYN0052,Synthetic Player 052,2024-25,2024-25_PHI_012,2024-11-15,PHI,CLE,False,False,22.0,24,4,3,1,0,1,2,1,3,True
SYN0052,Synthetic Player 052,2024-25,2024-25_PHI_013,2024-11-16,PHI,DAL,True,False,23.1,4,2,5,0,0,1,2,1,0,True
SYN0052,Synthetic Player 052,2024-25,2024-25_PHI_014,2024-11-18,PHI,DEN,False,False,22.7,15,2,3,1,0,3,1,3,2,True
SYN0052,Synthetic Player 052,2024-25,2024-25_PHI_015,2024-11-21,PHI,DET,True,False,20.8,14,3,2,1,0,1,1,2,1,True
SYN0052,Synthetic Player 052,2024-25,2024-25_PHI_016,2024-11-23,PHI,GSW,False,False,21.6,22,6,3,1,0,2,1,3,2,True
SYN0052,Synthetic Player 052,2024-25,2024-25_PHI_017,2024-11-24,PHI,HOU,True,True,28.7,22,5,8,2,1,3,2,3,1,True
SYN0052,Synthetic Player 052,2024-25,2024-25_PHI_018,2024-11-27,PHI,IND,False,True,28.2,9,7,7,0,0,2,2,2,2,True
SYN0052,Synthetic Player 052,2024-25,2024-25_PHI_019,2024-11-28,PHI,LAC,True,False,16.7,28,2,2,0,0,1,1,3,6,True
SYN0052,Synthetic Player 052,2024-25,2024-25_PHI_020,2024-12-01,PHI,LAL,False,True,25.5,25,4,3,1,1,3,2,4,3,True
SYN0052,Synthetic Player 052,2024-25,2024-25_PHI_021,2024-12-02,PHI,MEM,True,True,31.3,25,5,3,1,0,3,1,4,5,True
SYN0052,Synthetic Player 052,2024-25,2024-25_PHI_022,2024-12-04,PHI,MIA,False,False,22.5,29,2,3,2,0,1,2,3,4,True
SYN0052,Synthetic Player 052,2024-25,2024-25_PHI_023,2024-12-06,PHI,MIL,True,False,16.9,19,2,2,0,0,1,1,3,1,True
SYN0052,Synthetic Player 052,2024-25,2024-25_PHI_024,2024-12-08,PHI,MIN,False,True,26.7,16,3,9,1,0,2,1,5,2,True
SYN0052,Synthetic Player 052,2024-25,2024-25_PHI_025,2024-12-10,PHI,NOP,True,False,21.6,13,4,4,0,1,1,1,3,2,True
SYN0052,Synthetic Player 052,2024-25,2024-25_PHI_026,2024-12-12,PHI,NYK,False,True,24.5,9,3,4,1,0,2,2,1,1,True
SYN0052,Synthetic Player 052,2024-25,2024-25_PHI_027,2024-12-13,PHI,OKC,True,True,28.8,17,4,5,1,0,2,2,2,3,True
SYN0052,Synthetic Player 052,2024-25,2024-25_PHI_028,2024-12-14,PHI,ORL,False,False,23.2,8,4,3,1,1,1,1,2,1,True
SYN0052,Synthetic Player 052,2024-25,2024-25_PHI_029,2024-12-16,PHI,PHI,True,False,23.4,21,4,4,0,0,1,1,5,6,True
SYN0052,Synthetic Player 052,2024-25,2024-25_PHI_030,2024-12-18,PHI,PHX,False,False,16.6,15,3,3,0,0,1,1,4,1,True
SYN0052,Synthetic Player 052,2024-25,2024-25_PHI_031,2024-12-21,PHI,POR,True,False,21.6,15,3,2,0,0,1,1,0,1,True
SYN0052,Synthetic Player 052,2024-25,2024-25_PHI_032,2024-12-22,PHI,SAC,False,False,17.4,17,3,6,1,0,1,1,5,2,True
SYN0052,Synthetic Player 052,2024-25,2024-25_PHI_033,2024-12-23,PHI,SAS,True,False,17.6,24,5,2,1,0,2,1,3,3,True
SYN0052,Synthetic Player 052,2024-25,2024-25_PHI_034,2024-12-26,PHI,TOR,False,True,25.2,11,3,3,1,1,2,1,1,1,True
SYN0052,Synthetic Player 052,2024-25,2024-25_PHI_035,2024-12-28,PHI,UTA,True,True,24.0,37,2,3,0,0,2,2,2,1,True
SYN0052,Synthetic Player 052,2024-25,2024-25_PHI_036,2024-12-29,PHI,WAS,False,False,22.5,22,4,2,1,1,1,1,3,1,True
SYN0052,Synthetic Player 052,2024-25,2024-25_PHI_037,2024-12-31,PHI,ATL,True,False,19.1,6,1,3,1,0,1,2,1,1,True
SYN0052,Synthetic Player 052,2024-25,2024-25_PHI_038,2025-01-01,PHI,BOS,False,True,29.5,23,5,3,1,1,2,2,7,4,True
SYN0052,Synthetic Player 052,2024-25,2024-25_PHI_039,2025-01-03,PHI,BKN,True,False,20.7,32,4,5,1,0,1,1,2,4,True
SYN0052,Synthetic Player 052,2024-25,2024-25_PHI_040,2025-01-04,PHI,CHA,False,False,19.0,13,5,3,1,0,1,1,2,4,True
SYN0052,Synthetic Player 052,2024-25,2024-25_PHI_041,2025-01-06,PHI,CHI,True,False,19.7,6,5,4,0,1,1,1,0,0,True
SYN0052,Synthetic Player 052,2024-25,2024-25_PHI_042,2025-01-08,PHI,CLE,False,False,22.7,8,3,4,1,0,1,2,1,1,True
SYN0052,Synthetic Player 052,2024-25,2024-25_PHI_043,2025-01-10,PHI,DAL,True,False,19.4,12,4,2,1,0,2,1,1,1,True
SYN0052,Synthetic Player 052,2024-25,2024-25_PHI_044,2025-01-12,PHI,DEN,False,True,29.4,16,10,4,2,0,1,2,3,2,True
SYN0052,Synthetic Player 052,2024-25,2024-25_PHI_057,2025-02-06,PHI,OKC,True,True,27.5,25,5,5,2,1,2,3,5,1,True
SYN0052,Synthetic Player 052,2024-25,2024-25_PHI_058,2025-02-07,PHI,ORL,False,False,23.7,9,5,3,2,1,2,2,1,1,True
SYN0052,Synthetic Player 052,2024-25,2024-25_PHI_059,2025-02-10,PHI,PHI,True,False,23.6,7,1,4,1,0,1,2,0,1,True
SYN0052,Synthetic Player 052,2024-25,2024-25_PHI_060,2025-02-11,PHI,PHX,False,False,23.5,33,2,4,1,1,2,1,5,3,True
SYN0052,Synthetic Player 052,2024-25,2024-25_PHI_061,2025-02-13,PHI,POR,True,False,16.3,5,3,4,1,0,1,1,1,1,True
SYN0052,Synthetic Player 052,2024-25,2024-25_PHI_062,2025-02-15,PHI,SAC,False,True,25.4,21,5,4,1,0,1,2,3,2,True
SYN0052,Synthetic Player 052,2024-25,2024-25_PHI_063,2025-02-17,PHI,SAS,True,True,27.1,20,3,2,1,0,2,2,5,2,True
SYN0052,Synthetic Player 052,2024-25,2024-25_PHI_064,2025-02-19,PHI,TOR,False,False,18.2,17,3,3,1,0,2,1,2,3,True
SYN0052,Synthetic Player 052,2024-25,2024-25_PHI_065,2025-02-21,PHI,UTA,True,False,17.9,12,3,3,1,1,1,1,3,1,True
SYN0052,Synthetic Player 052,2024-25,2024-25_PHI_066,2025-02-22,PHI,WAS,False,True,29.6,38,4,2,0,0,1,2,7,8,True
SYN0052,Synthetic Player 052,2024-25,2024-25_PHI_067,2025-02-25,PHI,ATL,True,False,23.2,10,4,5,2,1,1,1,1,1,True
SYN0052,Synthetic Player 052,2024-25,2024-25_PHI_068,2025-02-27,PHI,BOS,False,True,26.3,8,5,3,1,0,3,2,1,1,True
SYN0052,Synthetic Player 052,2024-25,2024-25_PHI_069,2025-02-28,PHI,BKN,True,True,29.7,39,8,5,1,0,1,3,4,6,True
SYN0052,Synthetic Player 052,2024-25,2024-25_PHI_070,2025-03-01,PHI,CHA,False,True,27.4,20,5,3,1,1,1,2,2,2,True
SYN0052,Synthetic Player 052,2024-25,2024-25_PHI_071,2025-03-02,PHI,CHI,True,False,21.0,16,8,4,1,0,2,2,3,2,True
SYN0052,Synthetic Player 052,2024-25,2024-25_PHI_072,2025-03-04,PHI,CLE,False,False,23.5,15,1,3,1,1,2,1,4,2,True
SYN0052,Synthetic Player 052,2024-25,2024-25_PHI_073,2025-03-07,PHI,DAL,True,False,21.0,15,5,3,0,0,1,1,2,1,True
SYN0052,Synthetic Player 052,2024-25,2024-25_PHI_074,2025-03-09,PHI,DEN,False,True,26.4,11,4,5,1,0,4,1,2,1,True
SYN0052,Synthetic Player 052,2024-25,2024-25_PHI_075,2025-03-11,PHI,DET,True,False,16.0,10,4,2,1,0,1,1,1,1,True
SYN0052,Synthetic Player 052,2024-25,2024-25_PHI_076,2025-03-13,PHI,GSW,False,False,21.0,11,5,4,2,0,2,1,1,1,True
SYN0052,Synthetic Player 052,2024-25,2024-25_PHI_077,2025-03-15,PHI,HOU,True,False,21.1,15,3,3,1,0,1,2,2,2,True
SYN0052,Synthetic Player 052,2024-25,2024-25_PHI_078,2025-03-18,PHI,IND,False,False,16.1,13,4,3,1,0,2,1,3,1,True
SYN0052,Synthetic Player 052,2024-25,2024-25_PHI_079,2025-03-20,PHI,LAC,True,True,26.1,9,5,2,1,0,2,2,1,2,True
SYN0052,Synthetic Player 052,2024-25,2024-25_PHI_080,2025-03-22,PHI,LAL,False,True,26.4,28,3,6,1,0,1,2,3,1,True
SYN0052,Synthetic Player 052,2024-25,2024-25_PHI_081,2025-03-24,PHI,MEM,True,True,24.4,13,6,3,0,0,1,2,2,1,True
SYN0053,Synthetic Player 053,2024-25,2024-25_PHX_012,2024-11-15,PHX,DAL,False,True,33.7,15,8,6,1,1,2,2,2,1,True
SYN0053,Synthetic Player 053,2024-25,2024-25_PHX_013,2024-11-17,PHX,DEN,True,True,30.9,18,7,6,1,1,2,2,3,2,True
SYN0053,Synthetic Player 053,2024-25,2024-25_PHX_014,2024-11-19,PHX,DET,False,True,29.9,22,7,6,1,1,2,2,2,2,True
SYN0053,Synthetic Player 053,2024-25,2024-25_PHX_015,2024-11-21,PHX,GSW,True,True,28.0,15,6,3,1,1,2,2,2,1,True
SYN0053,Synthetic Player 053,2024-25,2024-25_PHX_016,2024-11-22,PHX,HOU,False,True,32.2,27,5,7,1,1,3,2,4,1,True
SYN0053,Synthetic Player 053,2024-25,2024-25_PHX_017,2024-11-23,PHX,IND,True,True,34.8,31,10,5,2,1,1,3,6,1,True
SYN0053,Synthetic Player 053,2024-25,2024-25_PHX_018,2024-11-24,PHX,LAC,False,True,29.2,23,8,4,1,1,2,2,4,2,True
SYN0053,Synthetic Player 053,2024-25,2024-25_PHX_019,2024-11-25,PHX,LAL,True,True,32.5,19,8,7,1,2,2,2,3,1,True
SYN0053,Synthetic Player 053,2024-25,2024-25_PHX_020,2024-11-26,PHX,MEM,False,True,29.7,19,8,5,0,0,1,2,2,1,True
SYN0053,Synthetic Player 053,2024-25,2024-25_PHX_021,2024-11-28,PHX,MIA,True,True,30.5,28,13,8,1,1,2,2,3,2,True
SYN0053,Synthetic Player 053,2024-25,2024-25_PHX_022,2024-11-29,PHX,MIL,False,True,27.0,26,9,5,1,1,2,2,6,3,True
SYN0053,Synthetic Player 053,2024-25,2024-25_PHX_023,2024-12-01,PHX,MIN,True,True,41.0,24,9,3,1,1,3,3,4,1,True
SYN0053,Synthetic Player 053,2024-25,2024-25_PHX_024,2024-12-02,PHX,NOP,False,True,35.4,20,9,6,1,1,3,2,2,1,True
SYN0053,Synthetic Player 053,2024-25,2024-25_PHX_025,2024-12-03,PHX,NYK,True,True,42.2,32,12,3,2,1,2,3,5,2,True
SYN0053,Synthetic Player 053,2024-25,2024-25_PHX_028,2024-12-08,PHX,PHI,False,True,29.8,19,12,6,1,1,2,2,3,2,True
SYN0053,Synthetic Player 053,2024-25,2024-25_PHX_029,2024-12-10,PHX,PHX,True,True,29.1,9,9,4,1,1,2,2,2,0,True
SYN0053,Synthetic Player 053,2024-25,2024-25_PHX_030,2024-12-12,PHX,POR,False,True,30.0,23,5,9,2,1,2,3,3,1,True
SYN0053,Synthetic Player 053,2024-25,2024-25_PHX_031,2024-12-14,PHX,SAC,True,True,31.5,33,13,6,1,1,2,3,5,3,True
SYN0053,Synthetic Player 053,2024-25,2024-25_PHX_032,2024-12-16,PHX,SAS,False,True,26.8,19,5,6,0,1,2,2,4,2,True
SYN0053,Synthetic Player 053,2024-25,2024-25_PHX_033,2024-12-18,PHX,TOR,True,True,31.8,24,6,5,1,1,1,2,3,3,True
SYN0053,Synthetic Player 053,2024-25,2024-25_PHX_034,2024-12-20,PHX,UTA,False,True,32.9,15,12,7,1,1,2,2,3,1,True
SYN0053,Synthetic Player 053,2024-25,2024-25_PHX_035,2024-12-22,PHX,WAS,True,True,34.0,33,9,8,1,2,2,2,5,1,True
SYN0053,Synthetic Player 053,2024-25,2024-25_PHX_036,2024-12-23,PHX,ATL,False,True,26.2,16,6,5,1,1,1,2,3,1,True
SYN0053,Synthetic Player 053,2024-25,2024-25_PHX_037,2024-12-25,PHX,BOS,True,True,33.4,18,7,6,1,1,3,3,3,1,True
SYN0053,Synthetic Player 053,2024-25,2024-25_PHX_038,2024-12-27,PHX,BKN,False,True,36.7,36,5,6,1,1,2,2,6,3,True
SYN0053,Synthetic Player 053,2024-25,2024-25_PHX_039,2024-12-28,PHX,CHA,True,True,30.2,27,9,5,1,1,2,2,4,2,True
SYN0053,Synthetic Player 053,2024-25,2024-25_PHX_040,2024-12-31,PHX,CHI,False,True,32.6,23,7,7,1,1,1,2,4,2,True
SYN0053,Synthetic Player 053,2024-25,2024-25_PHX_041,2025-01-03,PHX,CLE,True,True,39.5,23,4,12,1,1,2,3,4,2,True
SYN0053,Synthetic Player 053,2024-25,2024-25_PHX_042,2025-01-05,PHX,DAL,False,True,33.9,21,7,7,1,1,2,2,4,1,True
SYN0053,Synthetic Player 053,2024-25,2024-25_PHX_043,2025-01-07,PHX,DEN,True,True,31.9,16,7,5,1,2,2,2,2,1,True
SYN0053,Synthetic Player 053,2024-25,2024-25_PHX_044,2025-01-08,PHX,DET,False,True,24.1,19,6,5,1,1,1,2,2,1,True
SYN0053,Synthetic Player 053,2024-25,2024-25_PHX_045,2025-01-10,PHX,GSW,True,True,32.4,26,7,6,1,1,2,2,5,3,True
SYN0053,Synthetic Player 053,2024-25,2024-25_PHX_046,2025-01-12,PHX,HOU,False,True,29.6,21,8,3,1,1,2,2,4,2,True
SYN0053,Synthetic Player 053,2024-25,2024-25_PHX_047,2025-01-14,PHX,IND,True,False,22.9,15,8,4,1,1,1,2,2,1,True
SYN0053,Synthetic Player 053,2024-25,2024-25_PHX_048,2025-01-16,PHX,LAC,False,True,31.1,19,8,8,0,1,2,2,2,1,True
SYN0053,Synthetic Player 053,2024-25,2024-25_PHX_049,2025-01-19,PHX,LAL,True,True,33.6,30,9,7,1,1,2,2,5,2,True
SYN0053,Synthetic Player 053,2024-25,2024-25_PHX_050,2025-01-21,PHX,MEM,False,True,31.1,13,8,6,1,1,2,3,1,0,True
SYN0053,Synthetic Player 053,2024-25,2024-25_PHX_051,2025-01-23,PHX,MIA,True,True,33.4,33,7,6,1,2,2,2,6,3,True
SYN0053,Synthetic Player 053,2024-25,2024-25_PHX_052,2025-01-24,PHX,MIL,False,True,32.6,17,6,6,1,2,2,3,2,2,True
SYN0053,Synthetic Player 053,2024-25,2024-25_PHX_053,2025-01-26,PHX,MIN,True,True,30.5,24,9,3,1,1,2,2,3,1,True
SYN0053,Synthetic Player 053,2024-25,2024-25_PHX_054,2025-01-27,PHX,NOP,False,True,34.6,26,8,7,1,2,2,2,4,2,True
SYN0053,Synthetic Player 053,2024-25,2024-25_PHX_055,2025-01-28,PHX,NYK,True,True,27.9,11,6,6,1,1,2,2,2,1,True
SYN0053,Synthetic Player 053,2024-25,2024-25_PHX_056,2025-01-30,PHX,OKC,False,True,29.9,21,7,4,2,1,2,2,4,2,True
SYN0053,Synthetic Player 053,2024-25,2024-25_PHX_057,2025-01-31,PHX,ORL,True,True,36.2,41,5,3,1,1,2,2,4,2,True
SYN0053,Synthetic Player 053,2024-25,2024-25_PHX_058,2025-02-02,PHX,PHI,False,True,42.1,42,12,5,1,1,2,3,10,3,True
SYN0053,Synthetic Player 053,2024-25,2024-25_PHX_059,2025-02-04,PHX,PHX,True,True,26.1,17,8,5,1,1,1,2,3,1,True
SYN0053,Synthetic Player 053,2024-25,2024-25_PHX_060,2025-02-07,PHX,POR,False,False,23.1,8,4,5,0,1,1,2,1,1,True
SYN0053,Synthetic Player 053,2024-25,2024-25_PHX_061,2025-02-08,PHX,SAC,True,True,30.0,18,7,7,1,1,2,2,2,2,True
SYN0053,Synthetic Player 053,2024-25,2024-25_PHX_062,2025-02-10,PHX,SAS,False,True,40.2,17,12,3,1,1,3,2,1,1,True
SYN0053,Synthetic Player 053,2024-25,2024-25_PHX_063,2025-02-12,PHX,TOR,True,True,32.9,24,14,7,1,1,3,3,4,1,True
SYN0053,Synthetic Player 053,2024-25,2024-25_PHX_064,2025-02-13,PHX,UTA,False,True,32.2,16,8,7,1,1,2,2,2,2,True
SYN0053,Synthetic Player 053,2024-25,2024-25_PHX_065,2025-02-15,PHX,WAS,True,True,32.3,19,6,5,1,1,2,2,4,1,True
SYN0053,Synthetic Player 053,2024-25,2024-25_PHX_066,2025-02-17,PHX,ATL,False,True,29.2,22,5,3,1,1,2,2,3,2,True
SYN0053,Synthetic Player 053,2024-25,2024-25_PHX_068,2025-02-19,PHX,BKN,False,True,29.7,16,5,4,1,1,2,2,2,1,True
SYN0053,Synthetic Player 053,2024-25,2024-25_PHX_069,2025-02-21,PHX,CHA,True,True,37.3,22,10,6,2,2,3,3,4,1,True
SYN0053,Synthetic Player 053,2024-25,2024-25_PHX_070,2025-02-24,PHX,CHI,False,True,40.1,26,11,9,1,1,2,3,6,3,True
SYN0053,Synthetic Player 053,2024-25,2024-25_PHX_071,2025-02-25,PHX,CLE,True,True,28.8,28,10,5,1,1,3,2,6,2,True
SYN0053,Synthetic Player 053,2024-25,2024-25_PHX_072,2025-02-27,PHX,DAL,False,False,23.1,12,4,2,1,1,1,1,2,1,True
SYN0053,Synthetic Player 053,2024-25,2024-25_PHX_073,2025-03-01,PHX,DEN,True,True,33.8,28,7,4,1,1,2,3,5,3,True
SYN0053,Synthetic Player 053,2024-25,2024-25_PHX_074,2025-03-03,PHX,DET,False,True,33.8,26,8,7,1,1,1,3,2,1,True
SYN0053,Synthetic Player 053,2024-25,2024-25_PHX_075,2025-03-04,PHX,GSW,True,True,35.8,24,8,5,1,1,3,3,2,2,True
SYN0053,Synthetic Player 053,2024-25,2024-25_PHX_076,2025-03-06,PHX,HOU,False,True,33.0,19,8,6,1,1,2,2,3,2,True
SYN0053,Synthetic Player 053,2024-25,2024-25_PHX_077,2025-03-08,PHX,IND,True,True,33.6,18,10,7,0,1,2,2,5,1,True
SYN0053,Synthetic Player 053,2024-25,2024-25_PHX_078,2025-03-10,PHX,LAC,False,True,34.5,48,8,7,2,1,2,2,10,3,True
SYN0053,Synthetic Player 053,2024-25,2024-25_PHX_079,2025-03-12,PHX,LAL,True,True,25.6,18,9,5,1,0,1,2,2,1,True
SYN0053,Synthetic Player 053,2024-25,2024-25_PHX_080,2025-03-14,PHX,MEM,False,True,40.2,38,8,7,1,1,2,3,6,3,True
SYN0053,Synthetic Player 053,2024-25,2024-25_PHX_081,2025-03-15,PHX,MIA,True,True,37.0,35,6,9,1,1,2,3,5,2,True
SYN0054,Synthetic Player 054,2024-25,2024-25_POR_000,2024-10-21,POR,SAC,False,True,35.8,20,9,3,1,2,2,3,2,0,True
SYN0054,Synthetic Player 054,2024-25,2024-25_POR_001,2024-10-24,POR,SAS,True,True,32.1,15,12,4,1,2,2,2,3,1,True
SYN0054,Synthetic Player 054,2024-25,2024-25_POR_002,2024-10-25,POR,TOR,False,True,29.1,15,8,3,1,2,3,2,2,0,True
SYN0054,Synthetic Player 054,2024-25,2024-25_POR_003,2024-10-28,POR,UTA,True,True,35.0,19,8,6,1,2,2,3,3,1,True
SYN0054,Synthetic Player 054,2024-25,2024-25_POR_004,2024-10-29,POR,WAS,False,True,35.5,16,11,3,1,2,2,3,3,0,True
SYN0054,Synthetic Player 054,2024-25,2024-25_POR_005,2024-10-30,POR,ATL,True,True,31.6,15,13,4,1,1,2,3,2,0,True
SYN0054,Synthetic Player 054,2024-25,2024-25_POR_006,2024-11-01,POR,BOS,False,True,33.4,12,7,4,1,1,2,2,3,0,True
SYN0054,Synthetic Player 054,2024-25,2024-25_POR_007,2024-11-03,POR,BKN,True,True,35.6,16,7,2,1,2,2,3,2,0,True
SYN0054,Synthetic Player 054,2024-25,2024-25_POR_008,2024-11-04,POR,CHA,False,True,34.7,17,12,4,1,1,2,3,3,1,True
SYN0054,Synthetic Player 054,2024-25,2024-25_POR_009,2024-11-06,POR,CHI,True,True,37.0,24,8,6,1,2,2,3,4,1,True
SYN0054,Synthetic Player 054,2024-25,2024-25_POR_010,2024-11-08,POR,CLE,False,True,30.6,14,8,3,1,1,2,2,2,0,True
SYN0054,Synthetic Player 054,2024-25,2024-25_POR_023,2024-11-29,POR,NOP,True,True,29.2,17,8,4,0,2,2,2,5,0,True
SYN0054,Synthetic Player 054,2024-25,2024-25_POR_024,2024-12-01,POR,NYK,False,True,34.6,17,7,3,1,1,1,3,4,0,True
SYN0054,Synthetic Player 054,2024-25,2024-25_POR_025,2024-12-03,POR,OKC,True,True,33.5,17,11,4,1,0,2,3,3,0,True
SYN0054,Synthetic Player 054,2024-25,2024-25_POR_026,2024-12-04,POR,ORL,False,True,29.8,12,7,4,1,1,2,2,1,0,True
SYN0054,Synthetic Player 054,2024-25,2024-25_POR_027,2024-12-06,POR,PHI,True,True,28.1,13,6,2,1,1,1,3,2,0,True
SYN0054,Synthetic Player 054,2024-25,2024-25_POR_028,2024-12-07,POR,PHX,False,True,32.3,18,8,5,0,2,3,3,3,1,True
SYN0054,Synthetic Player 054,2024-25,2024-25_POR_029,2024-12-09,POR,POR,True,False,23.6,13,6,2,1,1,2,2,1,0,True
SYN0054,Synthetic Player 054,2024-25,2024-25_POR_030,2024-12-10,POR,SAC,False,False,23.0,16,7,2,0,1,1,2,3,0,True
SYN0054,Synthetic Player 054,2024-25,2024-25_POR_031,2024-12-11,POR,SAS,True,True,34.2,23,9,4,1,2,2,3,4,1,True
SYN0054,Synthetic Player 054,2024-25,2024-25_POR_032,2024-12-13,POR,TOR,False,True,32.4,18,10,4,1,2,2,3,3,0,True
SYN0054,Synthetic Player 054,2024-25,2024-25_POR_033,2024-12-14,POR,UTA,True,True,24.6,18,6,2,1,2,2,2,3,0,True
SYN0054,Synthetic Player 054,2024-25,2024-25_POR_034,2024-12-16,POR,WAS,False,True,35.0,21,8,5,1,2,2,3,3,1,True
SYN0054,Synthetic Player 054,2024-25,2024-25_POR_035,2024-12-17,POR,ATL,True,True,37.0,17,10,2,1,2,2,3,4,1,True
SYN0054,Synthetic Player 054,2024-25,2024-25_POR_036,2024-12-19,POR,BOS,False,True,34.2,19,11,3,1,2,1,3,4,1,True
SYN0054,Synthetic Player 054,2024-25,2024-25_POR_037,2024-12-20,POR,BKN,True,True,30.3,13,7,3,1,2,2,3,3,0,True
SYN0054,Synthetic Player 054,2024-25,2024-25_POR_038,2024-12-22,POR,CHA,False,True,30.2,12,6,5,1,1,1,2,3,0,True
SYN0054,Synthetic Player 054,2024-25,2024-25_POR_039,2024-12-24,POR,CHI,True,True,29.6,10,8,3,0,2,1,3,2,0,True
SYN0054,Synthetic Player 054,2024-25,2024-25_POR_040,2024-12-25,POR,CLE,False,True,32.9,17,10,4,1,3,2,3,3,0,True
SYN0054,Synthetic Player 054,2024-25,2024-25_POR_041,2024-12-27,POR,DAL,True,True,33.3,16,8,5,0,1,1,3,2,0,True
SYN0054,Synthetic Player 054,2024-25,2024-25_POR_042,2024-12-29,POR,DEN,False,True,28.7,13,8,3,1,1,2,3,2,0,True
SYN0054,Synthetic Player 054,2024-25,2024-25_POR_043,2024-12-31,POR,DET,True,True,36.5,24,11,5,1,1,2,2,3,1,True
SYN0054,Synthetic Player 054,2024-25,2024-25_POR_044,2025-01-02,POR,GSW,False,True,32.6,16,9,4,1,3,2,2,2,0,True
SYN0054,Synthetic Player 054,2024-25,2024-25_POR_045,2025-01-03,POR,HOU,True,True,35.1,14,12,6,1,2,2,3,2,0,True
SYN0054,Synthetic Player 054,2024-25,2024-25_POR_046,2025-01-06,POR,IND,False,True,32.9,25,9,4,1,1,2,3,4,1,True
SYN0054,Synthetic Player 054,2024-25,2024-25_POR_047,2025-01-08,POR,LAC,True,False,23.7,17,6,2,0,3,1,2,3,1,True
SYN0054,Synthetic Player 054,2024-25,2024-25_POR_048,2025-01-10,POR,LAL,False,True,30.3,13,7,3,0,2,2,2,3,0,True
SYN0054,Synthetic Player 054,2024-25,2024-25_POR_049,2025-01-12,POR,MEM,True,True,34.5,13,12,4,1,2,2,3,2,0,True
SYN0054,Synthetic Player 054,2024-25,2024-25_POR_050,2025-01-14,POR,MIA,False,True,32.6,13,6,6,1,2,2,3,2,1,True
SYN0054,Synthetic Player 054,2024-25,2024-25_POR_051,2025-01-15,POR,MIL,True,False,23.3,13,8,2,1,1,1,2,2,1,True
SYN0054,Synthetic Player 054,2024-25,2024-25_POR_052,2025-01-17,POR,MIN,False,True,29.9,16,8,3,0,2,2,2,2,1,True
SYN0054,Synthetic Player 054,2024-25,2024-25_POR_054,2025-01-22,POR,NYK,False,True,39.4,17,9,5,1,2,3,3,3,0,True
SYN0054,Synthetic Player 054,2024-25,2024-25_POR_055,2025-01-24,POR,OKC,True,True,31.6,13,9,3,1,1,2,2,2,0,True
SYN0054,Synthetic Player 054,2024-25,2024-25_POR_056,2025-01-26,POR,ORL,False,True,25.5,11,6,2,0,1,2,2,2,0,True
SYN0054,Synthetic Player 054,2024-25,2024-25_POR_057,2025-01-29,POR,PHI,True,True,30.4,7,8,4,1,2,2,2,1,0,True
SYN0054,Synthetic Player 054,2024-25,2024-25_POR_058,2025-02-01,POR,PHX,False,True,29.2,12,9,2,1,2,2,2,2,0,True
SYN0054,Synthetic Player 054,2024-25,2024-25_POR_059,2025-02-03,POR,POR,True,True,36.0,14,10,5,1,2,3,2,2,0,True
SYN0054,Synthetic Player 054,2024-25,2024-25_POR_060,2025-02-05,POR,SAC,False,True,28.0,10,5,4,0,2,2,2,2,0,True
SYN0054,Synthetic Player 054,2024-25,2024-25_POR_063,2025-02-10,POR,UTA,True,True,27.7,21,7,3,1,1,1,2,2,1,True
SYN0054,Synthetic Player 054,2024-25,2024-25_POR_064,2025-02-12,POR,WAS,False,True,25.1,17,5,2,1,1,2,2,2,1,True
SYN0054,Synthetic Player 054,2024-25,2024-25_POR_065,2025-02-14,POR,ATL,True,True,41.1,28,17,4,1,2,3,3,4,1,True
SYN0054,Synthetic Player 054,2024-25,2024-25_POR_066,2025-02-17,POR,BOS,False,True,27.8,12,6,3,1,1,2,2,2,0,True
SYN0054,Synthetic Player 054,2024-25,2024-25_POR_067,2025-02-19,POR,BKN,True,True,25.3,12,7,2,0,2,1,2,2,0,True
SYN0054,Synthetic Player 054,2024-25,2024-25_POR_068,2025-02-22,POR,CHA,False,True,31.2,27,9,3,1,1,2,2,3,1,True
SYN0054,Synthetic Player 054,2024-25,2024-25_POR_070,2025-02-24,POR,CLE,False,True,30.5,18,5,3,1,2,2,2,2,0,True
SYN0054,Synthetic Player 054,2024-25,2024-25_POR_071,2025-02-26,POR,DAL,True,True,36.4,22,8,3,1,2,2,3,4,1,True
SYN0054,Synthetic Player 054,2024-25,2024-25_POR_072,2025-02-28,POR,DEN,False,True,31.7,10,8,3,0,1,2,3,1,0,True
SYN0054,Synthetic Player 054,2024-25,2024-25_POR_073,2025-03-01,POR,DET,True,True,29.8,27,10,4,1,2,2,2,4,1,True
SYN0054,Synthetic Player 054,2024-25,2024-25_POR_074,2025-03-03,POR,GSW,False,True,35.2,11,8,4,1,1,2,3,2,0,True
SYN0054,Synthetic Player 054,2024-25,2024-25_POR_075,2025-03-05,POR,HOU,True,True,27.0,16,7,3,0,1,2,2,3,0,True
SYN0054,Synthetic Player 054,2024-25,2024-25_POR_076,2025-03-07,POR,IND,False,True,35.3,20,12,2,1,2,2,3,4,1,True
SYN0054,Synthetic Player 054,2024-25,2024-25_POR_077,2025-03-09,POR,LAC,True,True,28.1,15,7,4,1,1,2,2,3,1,True
SYN0054,Synthetic Player 054,2024-25,2024-25_POR_078,2025-03-10,POR,LAL,False,True,32.0,19,7,4,1,1,2,3,3,0,True
SYN0054,Synthetic Player 054,2024-25,2024-25_POR_079,2025-03-12,POR,MEM,True,True,32.4,20,5,6,1,2,1,3,3,1,True
SYN0054,Synthetic Player 054,2024-25,2024-25_POR_080,2025-03-14,POR,MIA,False,True,25.0,15,10,2,0,1,1,2,3,1,True
SYN0054,Synthetic Player 054,2024-25,2024-25_POR_081,2025-03-16,POR,MIL,True,True,29.3,13,10,3,1,1,2,3,3,0,True
SYN0055,Synthetic Player 055,2024-25,2024-25_SAC_000,2024-10-22,SAC,SAS,False,False,23.2,14,3,8,1,0,1,1,1,1,True
SYN0055,Synthetic Player 055,2024-25,2024-25_SAC_001,2024-10-24,SAC,TOR,True,False,22.2,10,3,4,1,0,2,1,2,1,True
SYN0055,Synthetic Player 055,2024-25,2024-25_SAC_002,2024-10-25,SAC,UTA,False,False,18.9,6,2,3,1,0,2,1,1,1,True
SYN0055,Synthetic Player 055,2024-25,2024-25_SAC_003,2024-10-26,SAC,WAS,True,False,16.1,6,2,4,1,0,1,1,1,1,True
SYN0055,Synthetic Player 055,2024-25,2024-25_SAC_004,2024-10-28,SAC,ATL,False,True,33.9,14,3,7,1,0,3,2,2,1,True
SYN0055,Synthetic Player 055,2024-25,2024-25_SAC_005,2024-10-30,SAC,BOS,True,False,21.1,9,3,5,1,0,2,1,1,1,True
SYN0055,Synthetic Player 055,2024-25,2024-25_SAC_006,2024-10-31,SAC,BKN,False,True,26.2,13,4,8,1,0,2,2,3,2,True
SYN0055,Synthetic Player 055,2024-25,2024-25_SAC_007,2024-11-02,SAC,CHA,True,False,19.3,8,3,3,1,0,1,1,1,1,True
SYN0055,Synthetic Player 055,2024-25,2024-25_SAC_008,2024-11-04,SAC,CHI,False,False,20.2,7,2,3,1,0,1,1,1,1,True
SYN0055,Synthetic Player 055,2024-25,2024-25_SAC_009,2024-11-06,SAC,CLE,True,False,16.0,8,2,3,1,0,1,1,1,1,True
SYN0055,Synthetic Player 055,2024-25,2024-25_SAC_010,2024-11-08,SAC,DAL,False,False,21.3,10,2,5,1,0,2,1,1,1,True
SYN0055,Synthetic Player 055,2024-25,2024-25_SAC_011,2024-11-10,SAC,DEN,True,False,21.5,12,2,3,1,0,2,1,3,1,True
SYN0055,Synthetic Player 055,2024-25,2024-25_SAC_012,2024-11-12,SAC,DET,False,False,22.1,9,2,3,1,0,2,1,1,1,True
SYN0055,Synthetic Player 055,2024-25,2024-25_SAC_013,2024-11-13,SAC,GSW,True,True,26.9,11,3,5,1,0,2,2,2,2,True
SYN0055,Synthetic Player 055,2024-25,2024-25_SAC_014,2024-11-14,SAC,HOU,False,True,24.5,11,3,5,1,0,2,2,2,1,True
SYN0055,Synthetic Player 055,2024-25,2024-25_SAC_015,2024-11-15,SAC,IND,True,False,17.0,8,1,4,1,0,1,1,1,1,True
SYN0055,Synthetic Player 055,2024-25,2024-25_SAC_016,2024-11-17,SAC,LAC,False,False,23.3,15,3,3,1,0,2,1,2,2,True
SYN0055,Synthetic Player 055,2024-25,2024-25_SAC_017,2024-11-19,SAC,LAL,True,False,19.5,6,3,4,1,0,2,1,1,1,True
SYN0055,Synthetic Player 055,2024-25,2024-25_SAC_018,2024-11-21,SAC,MEM,False,False,15.6,9,1,3,1,0,1,1,2,1,True
SYN0055,Synthetic Player 055,2024-25,2024-25_SAC_019,2024-11-22,SAC,MIA,True,False,21.4,6,3,6,1,0,1,1,1,1,True
SYN0055,Synthetic Player 055,2024-25,2024-25_SAC_020,2024-11-24,SAC,MIL,False,False,20.1,12,2,5,1,0,2,1,1,1,True
SYN0055,Synthetic Player 055,2024-25,2024-25_SAC_021,2024-11-25,SAC,MIN,True,False,21.5,7,3,4,1,0,2,1,1,1,True
SYN0055,Synthetic Player 055,2024-25,2024-25_SAC_022,2024-11-27,SAC,NOP,False,False,23.9,13,3,5,1,0,2,1,2,1,True
SYN0055,Synthetic Player 055,2024-25,2024-25_SAC_023,2024-11-28,SAC,NYK,True,False,21.5,7,3,3,1,0,1,1,1,1,True
SYN0055,Synthetic Player 055,2024-25,2024-25_SAC_024,2024-11-30,SAC,OKC,False,False,13.9,7,2,3,1,0,1,1,1,1,True
SYN0055,Synthetic Player 055,2024-25,2024-25_SAC_025,2024-12-01,SAC,ORL,True,False,15.9,11,1,3,1,0,2,1,2,1,True
SYN0055,Synthetic Player 055,2024-25,2024-25_SAC_026,2024-12-03,SAC,PHI,False,False,22.4,17,3,3,0,0,2,1,2,1,True
SYN0055,Synthetic Player 055,2024-25,2024-25_SAC_027,2024-12-04,SAC,PHX,True,False,17.3,7,2,3,1,0,1,1,1,1,True
SYN0055,Synthetic Player 055,2024-25,2024-25_SAC_034,2024-12-16,SAC,ATL,False,False,10.7,3,1,2,0,0,1,1,1,0,True
SYN0055,Synthetic Player 055,2024-25,2024-25_SAC_035,2024-12-18,SAC,BOS,True,True,28.6,15,4,3,1,0,3,1,3,1,True
SYN0055,Synthetic Player 055,2024-25,2024-25_SAC_036,2024-12-20,SAC,BKN,False,True,25.4,13,3,3,1,0,2,2,2,1,True
SYN0055,Synthetic Player 055,2024-25,2024-25_SAC_037,2024-12-23,SAC,CHA,True,False,20.7,7,3,3,0,0,1,1,1,1,True
SYN0055,Synthetic Player 055,2024-25,2024-25_SAC_038,2024-12-26,SAC,CHI,False,False,22.8,11,2,5,1,0,2,1,2,1,True
SYN0055,Synthetic Player 055,2024-25,2024-25_SAC_051,2025-01-20,SAC,MIN,True,True,29.5,13,3,5,1,0,3,1,3,2,True
SYN0055,Synthetic Player 055,2024-25,2024-25_SAC_052,2025-01-21,SAC,NOP,False,True,24.8,15,3,2,2,0,1,2,3,2,True
SYN0055,Synthetic Player 055,2024-25,2024-25_SAC_053,2025-01-23,SAC,NYK,True,True,24.1,15,3,5,1,0,2,1,2,1,True
SYN0055,Synthetic Player 055,2024-25,2024-25_SAC_054,2025-01-24,SAC,OKC,False,True,24.7,9,3,5,1,0,2,1,1,1,True
SYN0055,Synthetic Player 055,2024-25,2024-25_SAC_061,2025-02-06,SAC,TOR,True,False,19.3,10,3,4,1,0,2,1,3,1,True
SYN0055,Synthetic Player 055,2024-25,2024-25_SAC_064,2025-02-13,SAC,ATL,False,True,27.3,12,3,5,1,0,2,1,1,1,True
SYN0055,Synthetic Player 055,2024-25,2024-25_SAC_065,2025-02-15,SAC,BOS,True,True,31.6,11,3,5,1,0,3,2,2,2,True
SYN0055,Synthetic Player 055,2024-25,2024-25_SAC_066,2025-02-17,SAC,BKN,False,False,16.6,3,2,3,0,0,1,1,1,0,True
SYN0055,Synthetic Player 055,2024-25,2024-25_SAC_067,2025-02-19,SAC,CHA,True,False,16.8,10,3,3,1,0,1,1,2,1,True
SYN0055,Synthetic Player 055,2024-25,2024-25_SAC_068,2025-02-21,SAC,CHI,False,False,19.1,8,2,6,1,0,2,1,1,1,True
SYN0055,Synthetic Player 055,2024-25,2024-25_SAC_069,2025-02-23,SAC,CLE,True,False,14.7,5,2,3,1,0,1,1,1,0,True
SYN0055,Synthetic Player 055,2024-25,2024-25_SAC_070,2025-02-24,SAC,DAL,False,False,19.4,15,3,3,1,0,2,1,3,1,True
SYN0055,Synthetic Player 055,2024-25,2024-25_SAC_071,2025-02-25,SAC,DEN,True,True,24.2,10,4,4,2,0,2,1,2,1,True
SYN0055,Synthetic Player 055,2024-25,2024-25_SAC_072,2025-02-27,SAC,DET,False,True,28.7,11,3,6,2,0,2,2,2,1,True
SYN0055,Synthetic Player 055,2024-25,2024-25_SAC_073,2025-03-01,SAC,GSW,True,True,35.9,11,3,6,1,0,4,2,3,1,True
SYN0055,Synthetic Player 055,2024-25,2024-25_SAC_074,2025-03-02,SAC,HOU,False,False,15.3,5,2,4,1,0,1,1,1,0,True
SYN0055,Synthetic Player 055,2024-25,2024-25_SAC_075,2025-03-03,SAC,IND,True,True,24.6,17,4,2,1,0,2,1,3,2,True
SYN0055,Synthetic Player 055,2024-25,2024-25_SAC_076,2025-03-04,SAC,LAC,False,True,25.5,18,3,4,1,0,2,1,2,2,True
SYN0055,Synthetic Player 055,2024-25,2024-25_SAC_077,2025-03-07,SAC,LAL,True,False,21.6,10,2,5,1,0,2,1,1,1,True
SYN0055,Synthetic Player 055,2024-25,2024-25_SAC_078,2025-03-09,SAC,MEM,False,False,19.7,9,2,4,1,0,2,1,1,1,True
SYN0055,Synthetic Player 055,2024-25,2024-25_SAC_079,2025-03-10,SAC,MIA,True,False,20.3,8,2,3,1,0,2,1,1,1,True
SYN0055,Synthetic Player 055,2024-25,2024-25_SAC_080,2025-03-12,SAC,MIL,False,False,20.6,11,3,4,1,0,2,1,2,1,True
SYN0055,Synthetic Player 055,2024-25,2024-25_SAC_081,2025-03-14,SAC,MIN,True,False,23.8,10,3,5,1,0,2,1,2,1,True
SYN0056,Synthetic Player 056,2024-25,2024-25_SAS_000,2024-10-23,SAS,TOR,False,True,26.0,12,2,1,1,0,1,2,3,1,True
SYN0056,Synthetic Player 056,2024-25,2024-25_SAS_001,2024-10-25,SAS,UTA,True,False,23.6,11,3,1,1,0,2,1,2,1,True
SYN0056,Synthetic Player 056,2024-25,2024-25_SAS_002,2024-10-27,SAS,WAS,False,False,21.4,12,2,2,1,0,2,1,2,0,True
SYN0056,Synthetic Player 056,2024-25,2024-25_SAS_003,2024-10-28,SAS,ATL,True,True,31.3,12,4,2,1,0,1,1,2,3,True
SYN0056,Synthetic Player 056,2024-25,2024-25_SAS_004,2024-10-29,SAS,BOS,False,False,23.9,14,2,1,0,0,1,1,2,2,True
SYN0056,Synthetic Player 056,2024-25,2024-25_SAS_005,2024-10-30,SAS,BKN,True,True,34.6,15,2,4,1,0,1,2,2,3,True
SYN0056,Synthetic Player 056,2024-25,2024-25_SAS_006,2024-11-01,SAS,CHA,False,True,29.0,18,3,3,1,1,2,2,6,2,True
SYN0056,Synthetic Player 056,2024-25,2024-25_SAS_007,2024-11-03,SAS,CHI,True,True,24.3,10,2,2,1,0,2,2,2,1,True
SYN0056,Synthetic Player 056,2024-25,2024-25_SAS_008,2024-11-05,SAS,CLE,False,True,26.4,21,2,2,1,0,1,2,3,4,True
SYN0056,Synthetic Player 056,2024-25,2024-25_SAS_009,2024-11-07,SAS,DAL,True,True,25.6,11,2,1,1,0,2,2,2,1,True
SYN0056,Synthetic Player 056,2024-25,2024-25_SAS_010,2024-11-09,SAS,DEN,False,False,22.6,21,2,2,1,0,1,1,4,2,True
SYN0056,Synthetic Player 056,2024-25,2024-25_SAS_011,2024-11-10,SAS,DET,True,True,31.9,10,2,2,1,0,2,2,2,1,True
SYN0056,Synthetic Player 056,2024-25,2024-25_SAS_012,2024-11-11,SAS,GSW,False,False,21.3,12,2,2,1,0,2,2,2,1,True
SYN0056,Synthetic Player 056,2024-25,2024-25_SAS_013,2024-11-12,SAS,HOU,True,False,22.6,11,3,2,1,0,1,1,2,1,True
SYN0056,Synthetic Player 056,2024-25,2024-25_SAS_014,2024-11-14,SAS,IND,False,False,23.0,19,2,3,1,0,1,1,3,4,True
SYN0056,Synthetic Player 056,2024-25,2024-25_SAS_015,2024-11-16,SAS,LAC,True,True,29.9,24,2,1,2,0,1,1,5,2,True
SYN0056,Synthetic Player 056,2024-25,2024-25_SAS_016,2024-11-18,SAS,LAL,False,True,28.6,15,3,2,1,1,1,2,2,4,True
SYN0056,Synthetic Player 056,2024-25,2024-25_SAS_017,2024-11-19,SAS,MEM,True,True,32.8,16,4,1,1,0,2,2,2,2,True
SYN0056,Synthetic Player 056,2024-25,2024-25_SAS_018,2024-11-21,SAS,MIA,False,False,22.3,10,2,1,1,0,1,1,2,1,True
SYN0056,Synthetic Player 056,2024-25,2024-25_SAS_019,2024-11-23,SAS,MIL,True,True,29.6,22,2,3,1,0,2,2,3,1,True
SYN0056,Synthetic Player 056,2024-25,2024-25_SAS_020,2024-11-25,SAS,MIN,False,False,18.8,9,1,2,0,0,1,1,1,1,True
SYN0056,Synthetic Player 056,2024-25,2024-25_SAS_021,2024-11-27,SAS,NOP,True,False,18.3,8,1,2,1,0,1,1,1,2,True
SYN0056,Synthetic Player 056,2024-25,2024-25_SAS_022,2024-11-29,SAS,NYK,False,True,28.8,15,2,2,1,0,1,2,1,1,True
SYN0056,Synthetic Player 056,2024-25,2024-25_SAS_023,2024-12-01,SAS,OKC,True,True,27.2,14,3,2,1,0,1,2,1,2,True
SYN0056,Synthetic Player 056,2024-25,2024-25_SAS_024,2024-12-02,SAS,ORL,False,True,28.2,6,2,0,1,0,3,2,1,1,True
SYN0056,Synthetic Player 056,2024-25,2024-25_SAS_025,2024-12-04,SAS,PHI,True,False,20.9,8,1,2,1,0,2,1,1,1,True
SYN0056,Synthetic Player 056,2024-25,2024-25_SAS_026,2024-12-05,SAS,PHX,False,False,16.7,5,1,3,1,0,1,1,1,0,True
SYN0056,Synthetic Player 056,2024-25,2024-25_SAS_027,2024-12-06,SAS,POR,True,True,26.5,10,2,2,0,0,1,1,2,1,True
SYN0056,Synthetic Player 056,2024-25,2024-25_SAS_028,2024-12-09,SAS,SAC,False,True,28.8,16,1,2,2,0,2,2,3,2,True
SYN0056,Synthetic Player 056,2024-25,2024-25_SAS_029,2024-12-11,SAS,SAS,True,True,27.5,14,2,2,1,0,2,2,2,1,True
SYN0056,Synthetic Player 056,2024-25,2024-25_SAS_030,2024-12-13,SAS,TOR,False,True,27.7,9,3,2,1,0,1,1,1,2,True
SYN0056,Synthetic Player 056,2024-25,2024-25_SAS_031,2024-12-15,SAS,UTA,True,False,21.0,10,2,2,1,0,2,1,1,2,True
SYN0056,Synthetic Player 056,2024-25,2024-25_SAS_032,2024-12-17,SAS,WAS,False,False,16.1,8,1,1,0,0,1,1,1,1,True
SYN0056,Synthetic Player 056,2024-25,2024-25_SAS_033,2024-12-19,SAS,ATL,True,True,27.7,12,4,1,0,0,2,2,2,1,True
SYN0056,Synthetic Player 056,2024-25,2024-25_SAS_034,2024-12-20,SAS,BOS,False,True,24.9,6,3,1,0,0,2,2,2,1,True
SYN0056,Synthetic Player 056,2024-25,2024-25_SAS_035,2024-12-21,SAS,BKN,True,False,22.9,11,2,2,0,0,1,1,2,2,True
SYN0056,Synthetic Player 056,2024-25,2024-25_SAS_036,2024-12-23,SAS,CHA,False,True,33.2,11,4,3,1,0,2,1,1,2,True
SYN0056,Synthetic Player 056,2024-25,2024-25_SAS_037,2024-12-25,SAS,CHI,True,False,15.8,9,2,1,1,0,1,1,2,2,True
SYN0056,Synthetic Player 056,2024-25,2024-25_SAS_038,2024-12-28,SAS,CLE,False,True,29.8,11,3,4,1,0,1,2,2,1,True
SYN0056,Synthetic Player 056,2024-25,2024-25_SAS_039,2024-12-29,SAS,DAL,True,True,24.2,10,4,2,0,0,1,2,1,1,True
SYN0056,Synthetic Player 056,2024-25,2024-25_SAS_040,2024-12-30,SAS,DEN,False,False,17.6,11,2,2,0,0,1,2,3,2,True
SYN0056,Synthetic Player 056,2024-25,2024-25_SAS_041,2025-01-01,SAS,DET,True,True,34.6,9,5,4,3,0,2,3,2,2,True
SYN0056,Synthetic Player 056,2024-25,2024-25_SAS_042,2025-01-03,SAS,GSW,False,True,25.9,8,4,4,1,0,1,1,1,1,True
SYN0056,Synthetic Player 056,2024-25,2024-25_SAS_043,2025-01-05,SAS,HOU,True,True,34.7,30,4,3,2,0,2,2,4,6,True
SYN0056,Synthetic Player 056,2024-25,2024-25_SAS_044,2025-01-06,SAS,IND,False,True,32.1,14,3,1,2,0,2,2,1,2,True
SYN0056,Synthetic Player 056,2024-25,2024-25_SAS_045,2025-01-08,SAS,LAC,True,True,24.2,8,2,1,2,0,1,1,1,1,True
SYN0056,Synthetic Player 056,2024-25,2024-25_SAS_046,2025-01-10,SAS,LAL,False,True,33.8,22,1,3,1,0,2,2,3,3,True
SYN0056,Synthetic Player 056,2024-25,2024-25_SAS_047,2025-01-12,SAS,MEM,True,True,25.3,5,3,1,2,0,1,2,2,0,True
SYN0056,Synthetic Player 056,2024-25,2024-25_SAS_048,2025-01-14,SAS,MIA,False,True,27.2,9,3,4,1,1,2,1,2,1,True
SYN0056,Synthetic Player 056,2024-25,2024-25_SAS_049,2025-01-17,SAS,MIL,True,True,24.4,7,3,2,1,0,1,1,1,1,True
SYN0056,Synthetic Player 056,2024-25,2024-25_SAS_050,2025-01-18,SAS,MIN,False,True,27.6,8,3,2,0,0,2,2,1,2,True
SYN0056,Synthetic Player 056,2024-25,2024-25_SAS_051,2025-01-19,SAS,NOP,True,True,31.0,26,2,2,1,0,2,2,5,4,True
SYN0056,Synthetic Player 056,2024-25,2024-25_SAS_052,2025-01-21,SAS,NYK,False,False,21.2,11,1,1,1,0,1,2,2,2,True
SYN0056,Synthetic Player 056,2024-25,2024-25_SAS_053,2025-01-23,SAS,OKC,True,True,26.2,11,2,3,1,0,1,2,2,1,True
SYN0056,Synthetic Player 056,2024-25,2024-25_SAS_054,2025-01-26,SAS,ORL,False,True,24.0,17,2,2,1,0,1,1,1,2,True
SYN0056,Synthetic Player 056,2024-25,2024-25_SAS_055,2025-01-27,SAS,PHI,True,True,30.3,15,1,2,1,0,2,2,2,1,True
SYN0056,Synthetic Player 056,2024-25,2024-25_SAS_056,2025-01-29,SAS,PHX,False,True,24.1,14,1,2,1,0,2,2,3,1,True
SYN0056,Synthetic Player 056,2024-25,2024-25_SAS_057,2025-01-31,SAS,POR,True,True,26.1,12,3,2,1,0,2,1,2,2,True
SYN0056,Synthetic Player 056,2024-25,2024-25_SAS_058,2025-02-02,SAS,SAC,False,True,25.6,7,2,4,0,0,2,2,1,1,True
SYN0056,Synthetic Player 056,2024-25,2024-25_SAS_059,2025-02-04,SAS,SAS,True,True,32.2,6,2,2,1,0,2,2,2,1,True
SYN0056,Synthetic Player 056,2024-25,2024-25_SAS_060,2025-02-06,SAS,TOR,False,True,32.3,25,3,3,0,0,3,2,3,4,True
SYN0056,Synthetic Player 056,2024-25,2024-25_SAS_061,2025-02-08,SAS,UTA,True,False,20.8,8,3,1,1,0,2,1,2,1,True
SYN0056,Synthetic Player 056,2024-25,2024-25_SAS_062,2025-02-10,SAS,WAS,False,False,19.9,8,2,2,1,0,1,1,1,1,True
SYN0056,Synthetic Player 056,2024-25,2024-25_SAS_063,2025-02-11,SAS,ATL,True,True,27.6,6,2,3,1,0,2,1,2,1,True
SYN0056,Synthetic Player 056,2024-25,2024-25_SAS_064,2025-02-13,SAS,BOS,False,False,24.0,12,3,3,1,0,1,2,1,2,True
SYN0056,Synthetic Player 056,2024-25,2024-25_SAS_065,2025-02-15,SAS,BKN,True,False,19.1,14,2,2,0,0,1,1,2,2,True
SYN0056,Synthetic Player 056,2024-25,2024-25_SAS_066,2025-02-18,SAS,CHA,False,True,29.2,10,4,3,1,0,1,2,3,2,True
SYN0056,Synthetic Player 056,2024-25,2024-25_SAS_067,2025-02-20,SAS,CHI,True,True,24.1,18,3,2,1,0,2,1,3,3,True
SYN0056,Synthetic Player 056,2024-25,2024-25_SAS_068,2025-02-22,SAS,CLE,False,True,27.8,6,2,3,1,0,1,2,1,1,True
SYN0056,Synthetic Player 056,2024-25,2024-25_SAS_069,2025-02-23,SAS,DAL,True,True,25.5,19,2,2,1,0,2,2,6,3,True
SYN0056,Synthetic Player 056,2024-25,2024-25_SAS_070,2025-02-24,SAS,DEN,False,False,17.7,8,1,1,1,0,1,1,1,1,True
SYN0056,Synthetic Player 056,2024-25,2024-25_SAS_071,2025-02-26,SAS,DET,True,True,27.1,10,3,2,1,0,2,1,1,1,True
SYN0056,Synthetic Player 056,2024-25,2024-25_SAS_072,2025-02-28,SAS,GSW,False,False,21.0,9,2,1,1,0,1,1,1,2,True
SYN0056,Synthetic Player 056,2024-25,2024-25_SAS_073,2025-03-02,SAS,HOU,True,True,32.7,16,4,4,1,0,2,3,3,2,True
SYN0056,Synthetic Player 056,2024-25,2024-25_SAS_074,2025-03-04,SAS,IND,False,True,32.9,11,2,2,1,0,2,2,2,1,True
SYN0056,Synthetic Player 056,2024-25,2024-25_SAS_075,2025-03-06,SAS,LAC,True,False,22.1,13,2,2,1,0,1,1,3,2,True
SYN0056,Synthetic Player 056,2024-25,2024-25_SAS_076,2025-03-08,SAS,LAL,False,True,35.8,24,2,2,1,0,4,3,3,6,True
SYN0056,Synthetic Player 056,2024-25,2024-25_SAS_080,2025-03-13,SAS,MIN,False,False,22.8,13,3,1,1,0,1,2,2,2,True
SYN0056,Synthetic Player 056,2024-25,2024-25_SAS_081,2025-03-15,SAS,NOP,True,True,30.0,28,3,2,0,0,2,1,6,3,True
SYN0057,Synthetic Player 057,2024-25,2024-25_TOR_000,2024-10-21,TOR,UTA,False,True,24.3,15,3,5,1,0,1,1,3,2,True
SYN0057,Synthetic Player 057,2024-25,2024-25_TOR_001,2024-10-23,TOR,WAS,True,False,17.5,11,2,2,1,0,1,1,2,1,True
SYN0057,Synthetic Player 057,2024-25,2024-25_TOR_002,2024-10-25,TOR,ATL,False,True,28.1,11,3,3,1,0,2,2,2,1,True
SYN0057,Synthetic Player 057,2024-25,2024-25_TOR_003,2024-10-27,TOR,BOS,True,True,24.2,11,3,2,1,0,1,2,1,1,True
SYN0057,Synthetic Player 057,2024-25,2024-25_TOR_004,2024-10-29,TOR,BKN,False,False,24.0,7,3,3,1,1,1,2,1,1,True
SYN0057,Synthetic Player 057,2024-25,2024-25_TOR_007,2024-11-04,TOR,CLE,True,True,24.8,12,4,3,1,1,1,1,1,1,True
SYN0057,Synthetic Player 057,2024-25,2024-25_TOR_008,2024-11-06,TOR,DAL,False,False,18.1,7,3,2,1,0,1,1,1,1,True
SYN0057,Synthetic Player 057,2024-25,2024-25_TOR_009,2024-11-07,TOR,DEN,True,True,31.2,11,6,3,1,1,2,2,2,1,True
SYN0057,Synthetic Player 057,2024-25,2024-25_TOR_010,2024-11-08,TOR,DET,False,False,22.8,14,3,3,1,0,2,2,3,2,True
SYN0057,Synthetic Player 057,2024-25,2024-25_TOR_011,2024-11-10,TOR,GSW,True,False,19.9,5,5,3,1,0,1,1,1,1,True
SYN0057,Synthetic Player 057,2024-25,2024-25_TOR_012,2024-11-12,TOR,HOU,False,True,27.7,6,3,4,1,0,2,2,1,1,True
SYN0057,Synthetic Player 057,2024-25,2024-25_TOR_013,2024-11-13,TOR,IND,True,True,27.7,14,4,3,1,1,2,1,3,2,True
SYN0057,Synthetic Player 057,2024-25,2024-25_TOR_014,2024-11-16,TOR,LAC,False,False,17.7,9,2,2,1,0,1,1,2,1,True
SYN0057,Synthetic Player 057,2024-25,2024-25_TOR_015,2024-11-18,TOR,LAL,True,False,21.5,12,3,3,1,0,1,2,2,2,True
SYN0057,Synthetic Player 057,2024-25,2024-25_TOR_016,2024-11-19,TOR,MEM,False,False,16.3,9,2,2,1,0,1,1,2,1,True
SYN0057,Synthetic Player 057,2024-25,2024-25_TOR_017,2024-11-21,TOR,MIA,True,True,27.1,13,3,3,1,0,2,2,2,1,True
SYN0057,Synthetic Player 057,2024-25,2024-25_TOR_018,2024-11-23,TOR,MIL,False,False,21.0,8,3,2,1,0,1,1,2,1,True
SYN0057,Synthetic Player 057,2024-25,2024-25_TOR_019,2024-11-25,TOR,MIN,True,True,33.3,14,4,3,1,0,3,2,2,1,True
SYN0057,Synthetic Player 057,2024-25,2024-25_TOR_020,2024-11-27,TOR,NOP,False,False,20.1,11,3,3,1,0,1,1,2,1,True
SYN0057,Synthetic Player 057,2024-25,2024-25_TOR_021,2024-11-29,TOR,NYK,True,True,24.1,8,5,3,1,1,1,1,1,1,True
SYN0057,Synthetic Player 057,2024-25,2024-25_TOR_022,2024-11-30,TOR,OKC,False,True,24.3,9,4,3,1,1,1,1,1,1,True
SYN0057,Synthetic Player 057,2024-25,2024-25_TOR_023,2024-12-02,TOR,ORL,True,True,26.6,9,5,3,1,0,2,2,2,1,True
SYN0057,Synthetic Player 057,2024-25,2024-25_TOR_024,2024-12-04,TOR,PHI,False,False,22.3,8,5,3,1,0,1,2,1,1,True
SYN0057,Synthetic Player 057,2024-25,2024-25_TOR_025,2024-12-06,TOR,PHX,True,True,27.0,12,4,3,1,0,2,2,1,1,True
SYN0057,Synthetic Player 057,2024-25,2024-25_TOR_026,2024-12-08,TOR,POR,False,True,32.1,10,6,3,1,1,2,2,1,1,True
SYN0057,Synthetic Player 057,2024-25,2024-25_TOR_027,2024-12-09,TOR,SAC,True,False,16.7,7,3,1,0,0,1,1,1,1,True
SYN0057,Synthetic Player 057,2024-25,2024-25_TOR_030,2024-12-13,TOR,UTA,False,True,26.4,12,4,3,1,0,2,2,2,1,True
SYN0057,Synthetic Player 057,2024-25,2024-25_TOR_031,2024-12-16,TOR,WAS,True,False,21.8,12,4,3,1,1,1,2,2,2,True
SYN0057,Synthetic Player 057,2024-25,2024-25_TOR_032,2024-12-18,TOR,ATL,False,True,25.7,15,4,3,1,0,2,2,2,1,True
SYN0057,Synthetic Player 057,2024-25,2024-25_TOR_033,2024-12-20,TOR,BOS,True,True,25.3,16,3,3,1,0,2,2,2,3,True
SYN0057,Synthetic Player 057,2024-25,2024-25_TOR_034,2024-12-21,TOR,BKN,False,False,13.7,6,2,2,1,0,1,1,1,1,True
SYN0057,Synthetic Player 057,2024-25,2024-25_TOR_035,2024-12-22,TOR,CHA,True,True,27.0,11,6,4,1,0,1,2,1,1,True
SYN0057,Synthetic Player 057,2024-25,2024-25_TOR_037,2024-12-26,TOR,CLE,True,True,31.1,14,5,2,1,1,2,2,3,3,True
SYN0057,Synthetic Player 057,2024-25,2024-25_TOR_038,2024-12-27,TOR,DAL,False,False,20.2,7,3,2,1,0,1,1,1,1,True
SYN0057,Synthetic Player 057,2024-25,2024-25_TOR_039,2024-12-29,TOR,DEN,True,False,17.9,9,3,2,1,0,1,1,1,1,True
SYN0057,Synthetic Player 057,2024-25,2024-25_TOR_040,2024-12-31,TOR,DET,False,True,26.5,5,4,4,1,0,2,2,1,1,True
SYN0057,Synthetic Player 057,2024-25,2024-25_TOR_041,2025-01-02,TOR,GSW,True,False,20.0,8,3,2,1,0,1,1,1,1,True
SYN0057,Synthetic Player 057,2024-25,2024-25_TOR_042,2025-01-04,TOR,HOU,False,False,22.8,18,3,2,0,0,1,1,3,2,True
SYN0057,Synthetic Player 057,2024-25,2024-25_TOR_043,2025-01-06,TOR,IND,True,False,23.4,14,4,3,1,1,1,1,2,2,True
SYN0057,Synthetic Player 057,2024-25,2024-25_TOR_044,2025-01-08,TOR,LAC,False,False,17.4,7,3,2,1,0,1,1,1,1,True
SYN0057,Synthetic Player 057,2024-25,2024-25_TOR_045,2025-01-09,TOR,LAL,True,False,21.4,9,2,3,1,1,1,1,2,1,True
SYN0057,Synthetic Player 057,2024-25,2024-25_TOR_046,2025-01-11,TOR,MEM,False,True,24.1,7,4,3,1,0,2,2,1,1,True
SYN0057,Synthetic Player 057,2024-25,2024-25_TOR_049,2025-01-16,TOR,MIN,True,True,27.5,13,7,4,1,1,2,2,2,2,True
SYN0057,Synthetic Player 057,2024-25,2024-25_TOR_050,2025-01-18,TOR,NOP,False,True,34.3,20,6,5,2,0,2,2,3,3,True
SYN0057,Synthetic Player 057,2024-25,2024-25_TOR_051,2025-01-20,TOR,NYK,True,False,17.6,12,4,2,1,0,1,1,2,1,True
SYN0057,Synthetic Player 057,2024-25,2024-25_TOR_052,2025-01-23,TOR,OKC,False,True,28.4,14,6,3,1,0,2,2,3,2,True
SYN0057,Synthetic Player 057,2024-25,2024-25_TOR_053,2025-01-24,TOR,ORL,True,False,22.4,12,4,2,1,0,1,1,1,2,True
SYN0057,Synthetic Player 057,2024-25,2024-25_TOR_054,2025-01-26,TOR,PHI,False,False,23.6,7,4,3,1,0,1,1,1,1,True
SYN0057,Synthetic Player 057,2024-25,2024-25_TOR_055,2025-01-27,TOR,PHX,True,False,16.7,9,2,2,1,0,1,1,1,1,True
SYN0057,Synthetic Player 057,2024-25,2024-25_TOR_056,2025-01-29,TOR,POR,False,True,29.3,11,6,2,1,1,2,2,1,1,True
SYN0057,Synthetic Player 057,2024-25,2024-25_TOR_057,2025-01-31,TOR,SAC,True,False,16.3,11,2,2,0,0,1,1,2,1,True
SYN0057,Synthetic Player 057,2024-25,2024-25_TOR_058,2025-02-02,TOR,SAS,False,True,25.4,15,4,3,1,1,2,1,2,1,True
SYN0057,Synthetic Player 057,2024-25,2024-25_TOR_059,2025-02-03,TOR,TOR,True,False,22.5,16,2,3,1,0,1,2,2,1,True
SYN0057,Synthetic Player 057,2024-25,2024-25_TOR_060,2025-02-04,TOR,UTA,False,True,27.9,13,3,4,1,0,2,2,2,1,True
SYN0057,Synthetic Player 057,2024-25,2024-25_TOR_061,2025-02-05,TOR,WAS,True,False,23.6,10,4,3,1,1,1,2,1,1,True
SYN0057,Synthetic Player 057,2024-25,2024-25_TOR_062,2025-02-07,TOR,ATL,False,True,26.4,14,5,2,1,0,1,2,2,1,True
SYN0057,Synthetic Player 057,2024-25,2024-25_TOR_063,2025-02-09,TOR,BOS,True,False,22.6,20,3,2,1,0,1,1,4,1,True
SYN0057,Synthetic Player 057,2024-25,2024-25_TOR_064,2025-02-11,TOR,BKN,False,True,30.4,21,4,3,1,1,2,2,3,2,True
SYN0057,Synthetic Player 057,2024-25,2024-25_TOR_065,2025-02-12,TOR,CHA,True,True,25.3,15,3,3,1,0,2,1,2,2,True
SYN0057,Synthetic Player 057,2024-25,2024-25_TOR_066,2025-02-14,TOR,CHI,False,False,20.0,10,3,3,1,0,1,1,2,2,True
SYN0057,Synthetic Player 057,2024-25,2024-25_TOR_067,2025-02-15,TOR,CLE,True,False,16.6,7,2,2,0,0,1,1,1,1,True
SYN0057,Synthetic Player 057,2024-25,2024-25_TOR_068,2025-02-17,TOR,DAL,False,False,23.2,8,4,2,1,1,1,1,2,1,True
SYN0057,Synthetic Player 057,2024-25,2024-25_TOR_069,2025-02-18,TOR,DEN,True,False,24.0,9,5,3,1,0,1,2,1,1,True
SYN0057,Synthetic Player 057,2024-25,2024-25_TOR_070,2025-02-20,TOR,DET,False,False,21.7,12,3,3,1,0,1,2,2,2,True
SYN0057,Synthetic Player 057,2024-25,2024-25_TOR_071,2025-02-21,TOR,GSW,True,True,27.6,14,4,4,1,0,1,2,3,2,True
SYN0057,Synthetic Player 057,2024-25,2024-25_TOR_072,2025-02-22,TOR,HOU,False,False,17.0,6,2,2,0,0,1,1,1,1,True
SYN0057,Synthetic Player 057,2024-25,2024-25_TOR_073,2025-02-23,TOR,IND,True,False,19.2,6,3,2,1,0,1,1,1,1,True
SYN0057,Synthetic Player 057,2024-25,2024-25_TOR_074,2025-02-24,TOR,LAC,False,True,25.1,13,3,3,1,0,2,2,2,1,True
SYN0057,Synthetic Player 057,2024-25,2024-25_TOR_075,2025-02-26,TOR,LAL,True,False,16.7,11,3,2,1,0,1,1,2,1,True
SYN0057,Synthetic Player 057,2024-25,2024-25_TOR_076,2025-02-28,TOR,MEM,False,True,31.9,13,5,6,1,1,2,2,2,1,True
SYN0058,Synthetic Player 058,2024-25,2024-25_UTA_000,2024-10-22,UTA,WAS,False,True,31.0,14,7,5,1,1,1,2,2,1,True
SYN0058,Synthetic Player 058,2024-25,2024-25_UTA_001,2024-10-24,UTA,ATL,True,True,34.9,15,7,2,1,1,1,2,2,1,True
SYN0058,Synthetic Player 058,2024-25,2024-25_UTA_002,2024-10-26,UTA,BOS,False,True,26.9,8,6,3,1,1,1,2,1,0,True
SYN0058,Synthetic Player 058,2024-25,2024-25_UTA_003,2024-10-27,UTA,BKN,True,True,31.6,21,9,5,1,1,2,2,2,1,True
SYN0058,Synthetic Player 058,2024-25,2024-25_UTA_004,2024-10-29,UTA,CHA,False,True,29.9,9,7,2,1,2,2,3,1,1,True
SYN0058,Synthetic Player 058,2024-25,2024-25_UTA_005,2024-10-31,UTA,CHI,True,True,32.0,16,6,3,1,1,2,2,3,1,True
SYN0058,Synthetic Player 058,2024-25,2024-25_UTA_006,2024-11-03,UTA,CLE,False,True,34.1,16,10,4,1,1,2,2,2,1,True
SYN0058,Synthetic Player 058,2024-25,2024-25_UTA_007,2024-11-05,UTA,DAL,True,True,26.9,15,4,3,0,1,1,2,2,1,True
SYN0058,Synthetic Player 058,2024-25,2024-25_UTA_008,2024-11-07,UTA,DEN,False,True,28.5,15,6,3,1,1,1,2,3,1,True
SYN0058,Synthetic Player 058,2024-25,2024-25_UTA_009,2024-11-09,UTA,DET,True,True,26.9,11,5,2,1,0,1,2,2,1,True
SYN0058,Synthetic Player 058,2024-25,2024-25_UTA_010,2024-11-11,UTA,GSW,False,True,31.0,15,7,3,1,1,2,3,2,1,True
SYN0058,Synthetic Player 058,2024-25,2024-25_UTA_011,2024-11-13,UTA,HOU,True,True,32.0,12,7,2,1,1,1,2,2,1,True
SYN0058,Synthetic Player 058,2024-25,2024-25_UTA_012,2024-11-14,UTA,IND,False,True,30.6,16,6,2,1,1,2,3,3,1,True
SYN0058,Synthetic Player 058,2024-25,2024-25_UTA_013,2024-11-16,UTA,LAC,True,True,28.8,13,7,2,1,1,2,2,2,1,True
SYN0058,Synthetic Player 058,2024-25,2024-25_UTA_014,2024-11-18,UTA,LAL,False,True,24.1,9,4,3,1,1,1,2,1,1,True
SYN0058,Synthetic Player 058,2024-25,2024-25_UTA_015,2024-11-20,UTA,MEM,True,False,21.9,9,5,1,1,1,1,2,2,1,True
SYN0058,Synthetic Player 058,2024-25,2024-25_UTA_016,2024-11-23,UTA,MIA,False,True,31.2,7,6,5,1,1,2,2,1,1,True
SYN0058,Synthetic Player 058,2024-25,2024-25_UTA_017,2024-11-24,UTA,MIL,True,True,33.9,20,7,3,1,1,1,3,3,1,True
SYN0058,Synthetic Player 058,2024-25,2024-25_UTA_018,2024-11-25,UTA,MIN,False,True,24.7,11,6,2,1,1,1,2,2,1,True
SYN0058,Synthetic Player 058,2024-25,2024-25_UTA_019,2024-11-27,UTA,NOP,True,True,31.6,23,6,3,1,1,2,2,3,1,True
SYN0058,Synthetic Player 058,2024-25,2024-25_UTA_020,2024-11-29,UTA,NYK,False,True,35.3,16,10,3,1,1,2,3,2,1,True
SYN0058,Synthetic Player 058,2024-25,2024-25_UTA_021,2024-12-01,UTA,OKC,True,True,29.5,9,4,2,1,1,2,2,1,1,True
SYN0058,Synthetic Player 058,2024-25,2024-25_UTA_022,2024-12-02,UTA,ORL,False,True,30.1,9,5,3,1,1,2,2,1,0,True
SYN0058,Synthetic Player 058,2024-25,2024-25_UTA_023,2024-12-03,UTA,PHI,True,True,25.9,14,5,4,1,1,1,2,3,1,True
SYN0058,Synthetic Player 058,2024-25,2024-25_UTA_024,2024-12-05,UTA,PHX,False,True,27.6,17,5,3,1,1,2,2,3,1,True
SYN0058,Synthetic Player 058,2024-25,2024-25_UTA_025,2024-12-07,UTA,POR,True,True,30.4,15,7,2,1,1,2,2,2,1,True
SYN0058,Synthetic Player 058,2024-25,2024-25_UTA_026,2024-12-08,UTA,SAC,False,True,34.5,12,6,3,1,1,2,2,2,1,True
SYN0058,Synthetic Player 058,2024-25,2024-25_UTA_027,2024-12-09,UTA,SAS,True,True,32.9,19,8,2,1,1,2,2,2,1,True
SYN0058,Synthetic Player 058,2024-25,2024-25_UTA_028,2024-12-11,UTA,TOR,False,True,28.8,12,6,3,1,1,2,2,2,1,True
SYN0058,Synthetic Player 058,2024-25,2024-25_UTA_029,2024-12-12,UTA,UTA,True,True,30.5,9,6,3,1,1,2,2,1,1,True
SYN0058,Synthetic Player 058,2024-25,2024-25_UTA_030,2024-12-13,UTA,WAS,False,True,27.8,6,7,3,1,1,2,2,1,0,True
SYN0058,Synthetic Player 058,2024-25,2024-25_UTA_031,2024-12-15,UTA,ATL,True,True,35.2,13,8,4,1,1,2,3,2,1,True
SYN0058,Synthetic Player 058,2024-25,2024-25_UTA_032,2024-12-17,UTA,BOS,False,True,34.4,16,4,2,1,2,3,2,2,1,True
SYN0058,Synthetic Player 058,2024-25,2024-25_UTA_033,2024-12-18,UTA,BKN,True,True,31.0,26,6,2,1,1,1,2,4,2,True
SYN0058,Synthetic Player 058,2024-25,2024-25_UTA_034,2024-12-20,UTA,CHA,False,True,26.2,14,8,3,1,0,1,2,3,1,True
SYN0058,Synthetic Player 058,2024-25,2024-25_UTA_035,2024-12-22,UTA,CHI,True,True,30.8,25,5,3,1,1,2,2,5,2,True
SYN0058,Synthetic Player 058,2024-25,2024-25_UTA_036,2024-12-23,UTA,CLE,False,True,31.3,11,5,4,1,1,2,2,2,1,True
SYN0058,Synthetic Player 058,2024-25,2024-25_UTA_039,2024-12-27,UTA,DET,True,True,25.3,13,5,2,1,1,2,2,2,1,True
SYN0058,Synthetic Player 058,2024-25,2024-25_UTA_040,2024-12-29,UTA,GSW,False,True,31.9,12,6,3,0,1,1,2,2,1,True
SYN0058,Synthetic Player 058,2024-25,2024-25_UTA_041,2024-12-31,UTA,HOU,True,True,27.2,9,6,3,1,1,1,2,1,1,True
SYN0058,Synthetic Player 058,2024-25,2024-25_UTA_042,2025-01-01,UTA,IND,False,True,32.4,15,7,4,1,1,1,2,2,1,True
SYN0058,Synthetic Player 058,2024-25,2024-25_UTA_043,2025-01-03,UTA,LAC,True,True,25.4,7,7,2,1,1,1,2,1,1,True
SYN0058,Synthetic Player 058,2024-25,2024-25_UTA_044,2025-01-05,UTA,LAL,False,False,20.7,12,4,2,1,1,1,2,1,1,True
SYN0058,Synthetic Player 058,2024-25,2024-25_UTA_045,2025-01-07,UTA,MEM,True,True,28.9,17,4,3,1,2,2,2,2,1,True
SYN0058,Synthetic Player 058,2024-25,2024-25_UTA_046,2025-01-09,UTA,MIA,False,True,31.4,13,5,5,1,1,2,2,2,1,True
SYN0058,Synthetic Player 058,2024-25,2024-25_UTA_047,2025-01-11,UTA,MIL,True,True,36.0,19,9,3,1,1,2,3,2,1,True
SYN0058,Synthetic Player 058,2024-25,2024-25_UTA_048,2025-01-13,UTA,MIN,False,True,27.3,7,4,2,0,1,2,2,1,0,True
SYN0058,Synthetic Player 058,2024-25,2024-25_UTA_049,2025-01-14,UTA,NOP,True,False,21.2,12,4,3,1,0,1,1,2,1,True
SYN0058,Synthetic Player 058,2024-25,2024-25_UTA_050,2025-01-16,UTA,NYK,False,True,35.7,16,7,5,1,2,2,3,2,1,True
SYN0058,Synthetic Player 058,2024-25,2024-25_UTA_051,2025-01-18,UTA,OKC,True,True,26.5,6,7,3,1,1,1,2,1,0,True
SYN0058,Synthetic Player 058,2024-25,2024-25_UTA_052,2025-01-20,UTA,ORL,False,True,33.3,13,6,4,1,1,2,3,2,1,True
SYN0058,Synthetic Player 058,2024-25,2024-25_UTA_053,2025-01-22,UTA,PHI,True,True,28.1,8,4,5,1,2,2,2,1,1,True
SYN0058,Synthetic Player 058,2024-25,2024-25_UTA_054,2025-01-24,UTA,PHX,False,True,34.3,14,6,3,1,1,2,2,1,1,True
SYN0058,Synthetic Player 058,2024-25,2024-25_UTA_055,2025-01-26,UTA,POR,True,True,33.9,15,10,3,1,1,2,2,2,1,True
SYN0058,Synthetic Player 058,2024-25,2024-25_UTA_056,2025-01-28,UTA,SAC,False,True,36.6,16,8,4,1,1,2,3,3,1,True
SYN0058,Synthetic Player 058,2024-25,2024-25_UTA_057,2025-01-30,UTA,SAS,True,True,25.8,9,4,2,1,1,2,2,1,1,True
SYN0058,Synthetic Player 058,2024-25,2024-25_UTA_058,2025-02-01,UTA,TOR,False,True,30.1,10,6,4,1,1,2,2,2,1,True
SYN0058,Synthetic Player 058,2024-25,2024-25_UTA_059,2025-02-03,UTA,UTA,True,True,35.6,20,6,4,1,1,3,2,2,2,True
SYN0058,Synthetic Player 058,2024-25,2024-25_UTA_067,2025-02-18,UTA,DAL,True,True,30.3,17,4,4,1,1,2,2,3,1,True
SYN0058,Synthetic Player 058,2024-25,2024-25_UTA_068,2025-02-20,UTA,DEN,False,True,35.6,20,7,5,1,1,2,2,3,2,True
SYN0058,Synthetic Player 058,2024-25,2024-25_UTA_069,2025-02-21,UTA,DET,True,True,33.7,8,5,4,0,1,2,2,1,1,True
SYN0058,Synthetic Player 058,2024-25,2024-25_UTA_070,2025-02-23,UTA,GSW,False,True,31.2,13,6,3,1,1,2,2,2,1,True
SYN0058,Synthetic Player 058,2024-25,2024-25_UTA_071,2025-02-26,UTA,HOU,True,True,29.5,14,7,3,1,1,2,2,2,1,True
SYN0058,Synthetic Player 058,2024-25,2024-25_UTA_072,2025-02-27,UTA,IND,False,True,31.6,23,7,4,1,1,2,2,3,1,True
SYN0058,Synthetic Player 058,2024-25,2024-25_UTA_073,2025-03-01,UTA,LAC,True,True,37.9,18,6,3,1,1,2,3,2,1,True
SYN0058,Synthetic Player 058,2024-25,2024-25_UTA_074,2025-03-02,UTA,LAL,False,True,35.1,11,7,3,1,1,2,3,1,1,True
SYN0058,Synthetic Player 058,2024-25,2024-25_UTA_075,2025-03-05,UTA,MEM,True,True,31.7,14,6,2,1,1,1,2,2,1,True
SYN0058,Synthetic Player 058,2024-25,2024-25_UTA_078,2025-03-10,UTA,MIN,False,True,35.0,10,9,4,1,1,2,3,1,0,True
SYN0058,Synthetic Player 058,2024-25,2024-25_UTA_079,2025-03-12,UTA,NOP,True,True,25.8,12,7,2,0,1,1,2,2,1,True
SYN0058,Synthetic Player 058,2024-25,2024-25_UTA_080,2025-03-13,UTA,NYK,False,True,32.1,19,8,4,1,1,2,2,2,1,True
SYN0058,Synthetic Player 058,2024-25,2024-25_UTA_081,2025-03-14,UTA,OKC,True,True,32.7,12,10,4,1,1,1,3,1,1,True
SYN0059,Synthetic Player 059,2024-25,2024-25_WAS_000,2024-10-23,WAS,ATL,False,True,28.6,13,8,8,1,1,1,2,3,0,True
SYN0059,Synthetic Player 059,2024-25,2024-25_WAS_004,2024-10-31,WAS,CHI,False,False,22.7,8,8,2,0,1,1,2,2,0,True
SYN0059,Synthetic Player 059,2024-25,2024-25_WAS_005,2024-11-01,WAS,CLE,True,True,31.3,20,6,5,1,3,2,2,4,0,True
SYN0059,Synthetic Player 059,2024-25,2024-25_WAS_006,2024-11-02,WAS,DAL,False,False,23.2,8,6,3,0,1,1,2,2,0,True
SYN0059,Synthetic Player 059,2024-25,2024-25_WAS_011,2024-11-13,WAS,IND,True,True,25.7,20,6,4,1,1,2,2,2,1,True
SYN0059,Synthetic Player 059,2024-25,2024-25_WAS_012,2024-11-14,WAS,LAC,False,True,28.0,26,8,4,0,2,3,2,5,0,True
SYN0059,Synthetic Player 059,2024-25,2024-25_WAS_013,2024-11-16,WAS,LAL,True,True,24.8,14,9,4,0,1,2,2,2,0,True
SYN0059,Synthetic Player 059,2024-25,2024-25_WAS_014,2024-11-17,WAS,MEM,False,True,34.0,27,15,4,1,2,3,3,3,1,True
SYN0059,Synthetic Player 059,2024-25,2024-25_WAS_015,2024-11-18,WAS,MIA,True,True,29.8,24,9,3,1,2,2,3,2,1,True
SYN0059,Synthetic Player 059,2024-25,2024-25_WAS_016,2024-11-21,WAS,MIL,False,False,21.2,12,6,2,1,2,1,1,2,0,True
SYN0059,Synthetic Player 059,2024-25,2024-25_WAS_017,2024-11-22,WAS,MIN,True,False,23.7,13,9,3,0,1,2,1,1,0,True
SYN0059,Synthetic Player 059,2024-25,2024-25_WAS_018,2024-11-24,WAS,NOP,False,True,29.8,19,6,7,0,1,2,2,4,1,True
SYN0059,Synthetic Player 059,2024-25,2024-25_WAS_019,2024-11-26,WAS,NYK,True,True,28.6,20,9,7,1,1,2,2,4,0,True
SYN0059,Synthetic Player 059,2024-25,2024-25_WAS_021,2024-11-30,WAS,ORL,True,True,26.4,19,12,4,1,2,3,2,3,1,True
SYN0059,Synthetic Player 059,2024-25,2024-25_WAS_022,2024-12-02,WAS,PHI,False,True,30.7,30,11,5,1,1,2,3,6,1,True
SYN0059,Synthetic Player 059,2024-25,2024-25_WAS_024,2024-12-05,WAS,POR,False,True,32.0,19,6,10,1,2,2,3,3,0,True
SYN0059,Synthetic Player 059,2024-25,2024-25_WAS_025,2024-12-08,WAS,SAC,True,True,27.4,18,10,4,1,2,1,2,3,0,True
SYN0059,Synthetic Player 059,2024-25,2024-25_WAS_026,2024-12-09,WAS,SAS,False,False,22.7,12,8,5,0,1,1,2,3,0,True
SYN0059,Synthetic Player 059,2024-25,2024-25_WAS_027,2024-12-10,WAS,TOR,True,True,26.0,14,9,6,1,1,2,2,2,1,True
SYN0059,Synthetic Player 059,2024-25,2024-25_WAS_028,2024-12-11,WAS,UTA,False,True,28.0,11,7,6,1,2,2,2,1,0,True
SYN0059,Synthetic Player 059,2024-25,2024-25_WAS_029,2024-12-13,WAS,WAS,True,True,32.6,25,9,7,1,1,2,3,4,0,True
SYN0059,Synthetic Player 059,2024-25,2024-25_WAS_030,2024-12-15,WAS,ATL,False,True,26.1,20,10,4,1,1,2,2,3,1,True
SYN0059,Synthetic Player 059,2024-25,2024-25_WAS_031,2024-12-17,WAS,BOS,True,True,28.8,22,8,8,1,1,1,2,3,1,True
SYN0059,Synthetic Player 059,2024-25,2024-25_WAS_032,2024-12-18,WAS,BKN,False,True,33.1,24,11,4,1,1,2,3,5,0,True
SYN0059,Synthetic Player 059,2024-25,2024-25_WAS_033,2024-12-19,WAS,CHA,True,True,36.3,18,12,5,1,1,2,4,2,0,True
SYN0059,Synthetic Player 059,2024-25,2024-25_WAS_034,2024-12-20,WAS,CHI,False,True,24.6,12,9,7,0,2,1,2,2,0,True
SYN0059,Synthetic Player 059,2024-25,2024-25_WAS_035,2024-12-22,WAS,CLE,True,False,21.0,21,4,5,0,1,1,1,3,1,True
SYN0059,Synthetic Player 059,2024-25,2024-25_WAS_036,2024-12-23,WAS,DAL,False,True,31.1,9,13,8,1,1,2,3,1,0,True
SYN0059,Synthetic Player 059,2024-25,2024-25_WAS_037,2024-12-24,WAS,DEN,True,True,24.8,16,10,6,1,1,2,2,3,0,True
SYN0059,Synthetic Player 059,2024-25,2024-25_WAS_038,2024-12-25,WAS,DET,False,True,28.2,18,11,7,1,1,2,3,2,0,True
SYN0059,Synthetic Player 059,2024-25,2024-25_WAS_039,2024-12-26,WAS,GSW,True,True,34.8,23,10,7,1,2,2,3,4,1,True
SYN0059,Synthetic Player 059,2024-25,2024-25_WAS_046,2025-01-08,WAS,MIL,False,True,30.8,16,12,9,1,2,2,2,2,0,True
SYN0059,Synthetic Player 059,2024-25,2024-25_WAS_047,2025-01-10,WAS,MIN,True,False,23.5,10,8,8,0,1,3,2,2,0,True
SYN0059,Synthetic Player 059,2024-25,2024-25_WAS_048,2025-01-11,WAS,NOP,False,True,29.2,23,8,4,1,2,2,3,4,1,True
SYN0059,Synthetic Player 059,2024-25,2024-25_WAS_049,2025-01-13,WAS,NYK,True,True,27.6,30,7,6,1,2,2,2,4,1,True
SYN0059,Synthetic Player 059,2024-25,2024-25_WAS_050,2025-01-14,WAS,OKC,False,True,30.6,25,10,4,0,1,2,2,4,1,True
SYN0059,Synthetic Player 059,2024-25,2024-25_WAS_051,2025-01-16,WAS,ORL,True,True,29.1,19,8,6,1,1,2,3,4,1,True
SYN0059,Synthetic Player 059,2024-25,2024-25_WAS_052,2025-01-17,WAS,PHI,False,False,20.5,11,8,5,0,1,1,1,2,0,True
SYN0059,Synthetic Player 059,2024-25,2024-25_WAS_053,2025-01-18,WAS,PHX,True,True,24.6,15,8,5,1,1,2,2,3,0,True
SYN0059,Synthetic Player 059,2024-25,2024-25_WAS_054,2025-01-20,WAS,POR,False,True,27.7,20,6,5,1,3,2,3,3,1,True
SYN0059,Synthetic Player 059,2024-25,2024-25_WAS_055,2025-01-22,WAS,SAC,True,False,22.5,21,7,3,0,1,2,1,3,1,True
SYN0059,Synthetic Player 059,2024-25,2024-25_WAS_056,2025-01-24,WAS,SAS,False,True,28.4,27,7,6,1,1,2,2,4,1,True
SYN0059,Synthetic Player 059,2024-25,2024-25_WAS_057,2025-01-25,WAS,TOR,True,True,33.0,24,9,4,0,1,2,2,6,1,True
SYN0059,Synthetic Player 059,2024-25,2024-25_WAS_058,2025-01-27,WAS,UTA,False,True,27.8,10,10,4,1,1,2,2,1,0,True
SYN0059,Synthetic Player 059,2024-25,2024-25_WAS_061,2025-02-02,WAS,BOS,True,False,23.2,11,5,6,0,1,1,2,2,0,True
SYN0059,Synthetic Player 059,2024-25,2024-25_WAS_062,2025-02-04,WAS,BKN,False,True,25.5,13,9,5,1,2,1,2,2,0,True
SYN0059,Synthetic Player 059,2024-25,2024-25_WAS_064,2025-02-08,WAS,CHI,False,True,35.4,29,11,6,1,3,2,3,5,1,True
SYN0059,Synthetic Player 059,2024-25,2024-25_WAS_065,2025-02-11,WAS,CLE,True,False,24.0,19,7,5,1,2,1,1,3,0,True
SYN0059,Synthetic Player 059,2024-25,2024-25_WAS_066,2025-02-13,WAS,DAL,False,False,20.9,12,4,2,0,0,1,2,3,0,True
SYN0059,Synthetic Player 059,2024-25,2024-25_WAS_067,2025-02-15,WAS,DEN,True,True,30.6,9,11,6,1,2,1,2,2,0,True
SYN0059,Synthetic Player 059,2024-25,2024-25_WAS_068,2025-02-16,WAS,DET,False,True,25.1,26,8,4,1,2,2,2,3,1,True
SYN0059,Synthetic Player 059,2024-25,2024-25_WAS_070,2025-02-20,WAS,HOU,False,True,27.3,25,8,7,0,2,2,3,6,1,True
SYN0059,Synthetic Player 059,2024-25,2024-25_WAS_071,2025-02-22,WAS,IND,True,True,31.5,19,7,7,0,2,2,3,3,1,True
SYN0059,Synthetic Player 059,2024-25,2024-25_WAS_073,2025-02-25,WAS,LAL,True,True,26.7,15,12,5,1,2,2,2,3,0,True
SYN0059,Synthetic Player 059,2024-25,2024-25_WAS_074,2025-02-26,WAS,MEM,False,True,28.4,16,10,6,0,1,2,2,3,0,True
SYN0059,Synthetic Player 059,2024-25,2024-25_WAS_075,2025-03-01,WAS,MIA,True,True,26.4,13,12,7,1,1,2,2,1,0,True
SYN0059,Synthetic Player 059,2024-25,2024-25_WAS_076,2025-03-02,WAS,MIL,False,True,24.8,20,7,3,0,1,2,2,2,1,True
SYN0059,Synthetic Player 059,2024-25,2024-25_WAS_077,2025-03-04,WAS,MIN,True,True,30.9,20,8,6,1,2,2,2,4,1,True
SYN0059,Synthetic Player 059,2024-25,2024-25_WAS_078,2025-03-05,WAS,NOP,False,False,20.3,20,6,3,1,2,2,2,3,1,True
SYN0059,Synthetic Player 059,2024-25,2024-25_WAS_079,2025-03-08,WAS,NYK,True,True,31.3,30,12,7,1,1,2,2,5,2,True
SYN0059,Synthetic Player 059,2024-25,2024-25_WAS_080,2025-03-09,WAS,OKC,False,True,30.0,29,10,4,0,1,2,3,3,1,True
SYN0059,Synthetic Player 059,2024-25,2024-25_WAS_081,2025-03-10,WAS,ORL,True,True,28.9,32,8,8,1,2,2,2,3,1,True
